year,classification_scenario,state,unit_n,eligible_unit_n,unit_share,population_sum,observed_population_denominator,population_share,world_population_reference,reference_missing_mass,population_lower_share,population_upper_share,population_coverage_rate,population_source_mode,input_panel_sha256,method_contract_sha256
1973,Q0_three_state,autocracy,120,158,0.75949367088607594936708860759493670886075949367089,2143610353.0,3415393512.0,0.62763202701779917183376086474219431028772183250549,3910964219,495570707.0,0.54810277797634844585112273050944013251786796774067,0.67481595642795626405090360659216248380614499301304,0.87328682154839218180021912391727764871172297472763,vdem_e_wb_pop,9b731512a9848138113cd2c395175fe8196fb41d7758cd8b88cf7e87e1175c00,a0801177c4565d233b5ce9b7fa147b8dc643a5df08c3f4dcf359d488736f6c57
1973,Q0_three_state,boundary,7,158,0.044303797468354430379746835443037974683544303797468,67574685.0,3415393512.0,0.019785329205134357004072214797836156339223027721205,3910964219,495570707.0,0.017278267254840359356404533753674824914065520372893,0.14399144570644817755618540983639717620234254564526,0.87328682154839218180021912391727764871172297472763,vdem_e_wb_pop,9b731512a9848138113cd2c395175fe8196fb41d7758cd8b88cf7e87e1175c00,a0801177c4565d233b5ce9b7fa147b8dc643a5df08c3f4dcf359d488736f6c57
1973,Q0_three_state,democracy,31,158,0.19620253164556962025316455696202531645569620253165,1204208474.0,3415393512.0,0.35258264377706647116216692045996953337305513977331,3910964219,495570707.0,0.30790577631720337659269185965416269127978948661407,0.43461895476881119479247273573688504256806651188644,0.87328682154839218180021912391727764871172297472763,vdem_e_wb_pop,9b731512a9848138113cd2c395175fe8196fb41d7758cd8b88cf7e87e1175c00,a0801177c4565d233b5ce9b7fa147b8dc643a5df08c3f4dcf359d488736f6c57
1973,Q1_midpoint_binary,autocracy,123,158,0.77848101265822784810126582278481012658227848101266,2169894286.0,3415393512.0,0.63532775312012128692009999929987569760307022566013,3910964219,495570707.0,0.55482335416375232248065729491144700242526049047446,0.68153653261536014068043817099416935371353751574683,0.87328682154839218180021912391727764871172297472763,vdem_e_wb_pop,9b731512a9848138113cd2c395175fe8196fb41d7758cd8b88cf7e87e1175c00,a0801177c4565d233b5ce9b7fa147b8dc643a5df08c3f4dcf359d488736f6c57
1973,Q1_midpoint_binary,democracy,35,158,0.22151898734177215189873417721518987341772151898734,1245499226.0,3415393512.0,0.36467224687987871307990000070012430239692977433987,3910964219,495570707.0,0.31846346738463985931956182900583064628646248425317,0.44517664583624767751934270508855299757473950952554,0.87328682154839218180021912391727764871172297472763,vdem_e_wb_pop,9b731512a9848138113cd2c395175fe8196fb41d7758cd8b88cf7e87e1175c00,a0801177c4565d233b5ce9b7fa147b8dc643a5df08c3f4dcf359d488736f6c57
1973,Q2_boundary_autocracy,autocracy,127,158,0.80379746835443037974683544303797468354430379746835,2211185038.0,3415393512.0,0.64741735622293352883783307954003046662694486022669,3910964219,495570707.0,0.56538104523118880520752726426311495743193348811356,0.69209422368279662340730814034583730872021051338593,0.87328682154839218180021912391727764871172297472763,vdem_e_wb_pop,9b731512a9848138113cd2c395175fe8196fb41d7758cd8b88cf7e87e1175c00,a0801177c4565d233b5ce9b7fa147b8dc643a5df08c3f4dcf359d488736f6c57
1973,Q2_boundary_autocracy,democracy,31,158,0.19620253164556962025316455696202531645569620253165,1204208474.0,3415393512.0,0.35258264377706647116216692045996953337305513977331,3910964219,495570707.0,0.30790577631720337659269185965416269127978948661407,0.43461895476881119479247273573688504256806651188644,0.87328682154839218180021912391727764871172297472763,vdem_e_wb_pop,9b731512a9848138113cd2c395175fe8196fb41d7758cd8b88cf7e87e1175c00,a0801177c4565d233b5ce9b7fa147b8dc643a5df08c3f4dcf359d488736f6c57
1973,Q3_boundary_democracy,autocracy,120,158,0.75949367088607594936708860759493670886075949367089,2143610353.0,3415393512.0,0.62763202701779917183376086474219431028772183250549,3910964219,495570707.0,0.54810277797634844585112273050944013251786796774067,0.67481595642795626405090360659216248380614499301304,0.87328682154839218180021912391727764871172297472763,vdem_e_wb_pop,9b731512a9848138113cd2c395175fe8196fb41d7758cd8b88cf7e87e1175c00,a0801177c4565d233b5ce9b7fa147b8dc643a5df08c3f4dcf359d488736f6c57
1973,Q3_boundary_democracy,democracy,38,158,0.24050632911392405063291139240506329113924050632911,1271783159.0,3415393512.0,0.37236797298220082816623913525780568971227816749451,3910964219,495570707.0,0.32518404357204373594909639340783751619385500698696,0.45189722202365155414887726949055986748213203225933,0.87328682154839218180021912391727764871172297472763,vdem_e_wb_pop,9b731512a9848138113cd2c395175fe8196fb41d7758cd8b88cf7e87e1175c00,a0801177c4565d233b5ce9b7fa147b8dc643a5df08c3f4dcf359d488736f6c57
1974,Q0_three_state,autocracy,120,158,0.75949367088607594936708860759493670886075949367089,2192959509.0,3485702773.0,0.62912980589925932850041084096759273513651360313503,3987186772,501483999.0,0.55000170155058891231694726338743982971861645211136,0.67577559368969535696483294813659659683481714761267,0.87422610786089355535211431525084323288379930449870,vdem_e_wb_pop,9b731512a9848138113cd2c395175fe8196fb41d7758cd8b88cf7e87e1175c00,a0801177c4565d233b5ce9b7fa147b8dc643a5df08c3f4dcf359d488736f6c57
1974,Q0_three_state,boundary,7,158,0.044303797468354430379746835443037974683544303797468,68914830.0,3485702773.0,0.019770713250082381593813535403237893915517735969624,3987186772,501483999.0,0.017284073694253317511758639030717570809597378951176,0.14305796583335976215964432377987433792579807445248,0.87422610786089355535211431525084323288379930449870,vdem_e_wb_pop,9b731512a9848138113cd2c395175fe8196fb41d7758cd8b88cf7e87e1175c00,a0801177c4565d233b5ce9b7fa147b8dc643a5df08c3f4dcf359d488736f6c57
1974,Q0_three_state,democracy,31,158,0.19620253164556962025316455696202531645569620253165,1223828434.0,3485702773.0,0.35109948085065828990577562362916937094796866089534,3987186772,501483999.0,0.30694033261605132552340841283268583235558547343616,0.43271422475515777017129409758184259947178616893746,0.87422610786089355535211431525084323288379930449870,vdem_e_wb_pop,9b731512a9848138113cd2c395175fe8196fb41d7758cd8b88cf7e87e1175c00,a0801177c4565d233b5ce9b7fa147b8dc643a5df08c3f4dcf359d488736f6c57
1974,Q1_midpoint_binary,autocracy,122,158,0.77215189873417721518987341772151898734177215189873,2194211848.0,3485702773.0,0.62948908466786247124461865297428789118388781222684,3987186772,501483999.0,0.55031579243010189240264664481586517462493226790832,0.67608968456920833705053232956502194174113296340962,0.87422610786089355535211431525084323288379930449870,vdem_e_wb_pop,9b731512a9848138113cd2c395175fe8196fb41d7758cd8b88cf7e87e1175c00,a0801177c4565d233b5ce9b7fa147b8dc643a5df08c3f4dcf359d488736f6c57
1974,Q1_midpoint_binary,democracy,36,158,0.22784810126582278481012658227848101265822784810127,1291490925.0,3485702773.0,0.37051091533213752875538134702571210881611218777316,3987186772,501483999.0,0.32391031543079166294946767043497805825886703659038,0.44968420756989810759735335518413482537506773209168,0.87422610786089355535211431525084323288379930449870,vdem_e_wb_pop,9b731512a9848138113cd2c395175fe8196fb41d7758cd8b88cf7e87e1175c00,a0801177c4565d233b5ce9b7fa147b8dc643a5df08c3f4dcf359d488736f6c57
1974,Q2_boundary_autocracy,autocracy,127,158,0.80379746835443037974683544303797468354430379746835,2261874339.0,3485702773.0,0.64890051914934171009422437637083062905203133910466,3987186772,501483999.0,0.56728577524484222982870590241815740052821383106254,0.69305966738394867447659158716731416764441452656384,0.87422610786089355535211431525084323288379930449870,vdem_e_wb_pop,9b731512a9848138113cd2c395175fe8196fb41d7758cd8b88cf7e87e1175c00,a0801177c4565d233b5ce9b7fa147b8dc643a5df08c3f4dcf359d488736f6c57
1974,Q2_boundary_autocracy,democracy,31,158,0.19620253164556962025316455696202531645569620253165,1223828434.0,3485702773.0,0.35109948085065828990577562362916937094796866089534,3987186772,501483999.0,0.30694033261605132552340841283268583235558547343616,0.43271422475515777017129409758184259947178616893746,0.87422610786089355535211431525084323288379930449870,vdem_e_wb_pop,9b731512a9848138113cd2c395175fe8196fb41d7758cd8b88cf7e87e1175c00,a0801177c4565d233b5ce9b7fa147b8dc643a5df08c3f4dcf359d488736f6c57
1974,Q3_boundary_democracy,autocracy,120,158,0.75949367088607594936708860759493670886075949367089,2192959509.0,3485702773.0,0.62912980589925932850041084096759273513651360313503,3987186772,501483999.0,0.55000170155058891231694726338743982971861645211136,0.67577559368969535696483294813659659683481714761267,0.87422610786089355535211431525084323288379930449870,vdem_e_wb_pop,9b731512a9848138113cd2c395175fe8196fb41d7758cd8b88cf7e87e1175c00,a0801177c4565d233b5ce9b7fa147b8dc643a5df08c3f4dcf359d488736f6c57
1974,Q3_boundary_democracy,democracy,38,158,0.24050632911392405063291139240506329113924050632911,1292743264.0,3485702773.0,0.37087019410074067149958915903240726486348639686497,3987186772,501483999.0,0.32422440631030464303516705186340340316518285238733,0.44999829844941108768305273661256017028138354788864,0.87422610786089355535211431525084323288379930449870,vdem_e_wb_pop,9b731512a9848138113cd2c395175fe8196fb41d7758cd8b88cf7e87e1175c00,a0801177c4565d233b5ce9b7fa147b8dc643a5df08c3f4dcf359d488736f6c57
1975,Q0_three_state,autocracy,120,158,0.75949367088607594936708860759493670886075949367089,2829936074.0,3565106576.0,0.79378723010719890467588646920719713148906435385061,4061959945,496853369.0,0.69669226489627533734826132068124074029981602883580,0.81901089327457659112884235986723891734486318279044,0.87768137162169874621941896081400182295495284604536,vdem_e_wb_pop,9b731512a9848138113cd2c395175fe8196fb41d7758cd8b88cf7e87e1175c00,a0801177c4565d233b5ce9b7fa147b8dc643a5df08c3f4dcf359d488736f6c57
1975,Q0_three_state,boundary,6,158,0.037974683544303797468354430379746835443037974683544,93557084.0,3565106576.0,0.026242436798332617364087462837183917051011604877195,4061959945,496853369.0,0.023032497923856312177396421864519395205409884956411,0.14535112630215756595797746105051757225045703891105,0.87768137162169874621941896081400182295495284604536,vdem_e_wb_pop,9b731512a9848138113cd2c395175fe8196fb41d7758cd8b88cf7e87e1175c00,a0801177c4565d233b5ce9b7fa147b8dc643a5df08c3f4dcf359d488736f6c57
1975,Q0_three_state,democracy,32,158,0.20253164556962025316455696202531645569620253164557,641613418.0,3565106576.0,0.17997033309446847796002606795561895145992404127220,4061959945,496853369.0,0.15795660880156709669376121826824168744972693225314,0.28027523717986835047434225745423986449477408620779,0.87768137162169874621941896081400182295495284604536,vdem_e_wb_pop,9b731512a9848138113cd2c395175fe8196fb41d7758cd8b88cf7e87e1175c00,a0801177c4565d233b5ce9b7fa147b8dc643a5df08c3f4dcf359d488736f6c57
1975,Q1_midpoint_binary,autocracy,122,158,0.77215189873417721518987341772151898734177215189873,2853887539.0,3565106576.0,0.80050553276923971543003880173482925914077918999076,4061959945,496853369.0,0.70258879399166502613063064067215955769352127375545,0.82490742236996627991121167985815773473856842771009,0.87768137162169874621941896081400182295495284604536,vdem_e_wb_pop,9b731512a9848138113cd2c395175fe8196fb41d7758cd8b88cf7e87e1175c00,a0801177c4565d233b5ce9b7fa147b8dc643a5df08c3f4dcf359d488736f6c57
1975,Q1_midpoint_binary,democracy,36,158,0.22784810126582278481012658227848101265822784810127,711219037.0,3565106576.0,0.19949446723076028456996119826517074085922081000924,4061959945,496853369.0,0.17509257763003372008878832014184226526143157228991,0.29741120600833497386936935932784044230647872624455,0.87768137162169874621941896081400182295495284604536,vdem_e_wb_pop,9b731512a9848138113cd2c395175fe8196fb41d7758cd8b88cf7e87e1175c00,a0801177c4565d233b5ce9b7fa147b8dc643a5df08c3f4dcf359d488736f6c57
1975,Q2_boundary_autocracy,autocracy,126,158,0.79746835443037974683544303797468354430379746835443,2923493158.0,3565106576.0,0.82002966690553152203997393204438104854007595872780,4061959945,496853369.0,0.71972476282013164952565774254576013550522591379221,0.84204339119843290330623878173175831255027306774686,0.87768137162169874621941896081400182295495284604536,vdem_e_wb_pop,9b731512a9848138113cd2c395175fe8196fb41d7758cd8b88cf7e87e1175c00,a0801177c4565d233b5ce9b7fa147b8dc643a5df08c3f4dcf359d488736f6c57
1975,Q2_boundary_autocracy,democracy,32,158,0.20253164556962025316455696202531645569620253164557,641613418.0,3565106576.0,0.17997033309446847796002606795561895145992404127220,4061959945,496853369.0,0.15795660880156709669376121826824168744972693225314,0.28027523717986835047434225745423986449477408620779,0.87768137162169874621941896081400182295495284604536,vdem_e_wb_pop,9b731512a9848138113cd2c395175fe8196fb41d7758cd8b88cf7e87e1175c00,a0801177c4565d233b5ce9b7fa147b8dc643a5df08c3f4dcf359d488736f6c57
1975,Q3_boundary_democracy,autocracy,120,158,0.75949367088607594936708860759493670886075949367089,2829936074.0,3565106576.0,0.79378723010719890467588646920719713148906435385061,4061959945,496853369.0,0.69669226489627533734826132068124074029981602883580,0.81901089327457659112884235986723891734486318279044,0.87768137162169874621941896081400182295495284604536,vdem_e_wb_pop,9b731512a9848138113cd2c395175fe8196fb41d7758cd8b88cf7e87e1175c00,a0801177c4565d233b5ce9b7fa147b8dc643a5df08c3f4dcf359d488736f6c57
1975,Q3_boundary_democracy,democracy,38,158,0.24050632911392405063291139240506329113924050632911,735170502.0,3565106576.0,0.20621276989280109532411353079280286851093564614939,4061959945,496853369.0,0.18098910672542340887115764013276108265513681720956,0.30330773510372466265173867931875925970018397116420,0.87768137162169874621941896081400182295495284604536,vdem_e_wb_pop,9b731512a9848138113cd2c395175fe8196fb41d7758cd8b88cf7e87e1175c00,a0801177c4565d233b5ce9b7fa147b8dc643a5df08c3f4dcf359d488736f6c57
1976,Q0_three_state,autocracy,118,157,0.75159235668789808917197452229299363057324840764331,2915350230.0,3644101626.0,0.80001891527928535327845436986723596934066404656301,4135644231,491542605.0,0.70493254911703743213012367068863569275429775235906,0.82378769659696097780708739112041864608832209774284,0.88114485252007645432303627956821704666597565461622,vdem_e_wb_pop,9b731512a9848138113cd2c395175fe8196fb41d7758cd8b88cf7e87e1175c00,a0801177c4565d233b5ce9b7fa147b8dc643a5df08c3f4dcf359d488736f6c57
1976,Q0_three_state,boundary,6,157,0.038216560509554140127388535031847133757961783439490,78447881.0,3644101626.0,0.021527358194483020710356006959505140870075175011049,4135644231,491542605.0,0.018968720861424600621068268093972805757043369816885,0.13782386834134814629803198852575575909106771520067,0.88114485252007645432303627956821704666597565461622,vdem_e_wb_pop,9b731512a9848138113cd2c395175fe8196fb41d7758cd8b88cf7e87e1175c00,a0801177c4565d233b5ce9b7fa147b8dc643a5df08c3f4dcf359d488736f6c57
1976,Q0_three_state,democracy,33,157,0.21019108280254777070063694267515923566878980891720,650303515.0,3644101626.0,0.17845372652623162601118962317325888978926077842594,4135644231,491542605.0,0.15724358254161442157184434078560854815463453244027,0.27609873002153796724880806121739150148865887782406,0.88114485252007645432303627956821704666597565461622,vdem_e_wb_pop,9b731512a9848138113cd2c395175fe8196fb41d7758cd8b88cf7e87e1175c00,a0801177c4565d233b5ce9b7fa147b8dc643a5df08c3f4dcf359d488736f6c57
1976,Q1_midpoint_binary,autocracy,120,157,0.76433121019108280254777070063694267515923566878981,2939834707.0,3644101626.0,0.80673784891859654190664988880307368244619860664665,4135644231,491542605.0,0.71085290290774046999982383155820348899832626826357,0.82970805038766401567678755198998644233235061364736,0.88114485252007645432303627956821704666597565461622,vdem_e_wb_pop,9b731512a9848138113cd2c395175fe8196fb41d7758cd8b88cf7e87e1175c00,a0801177c4565d233b5ce9b7fa147b8dc643a5df08c3f4dcf359d488736f6c57
1976,Q1_midpoint_binary,democracy,37,157,0.23566878980891719745222929936305732484076433121019,704266919.0,3644101626.0,0.19326215108140345809335011119692631755380139335335,4135644231,491542605.0,0.17029194961233598432321244801001355766764938635264,0.28914709709225953000017616844179651100167373173643,0.88114485252007645432303627956821704666597565461622,vdem_e_wb_pop,9b731512a9848138113cd2c395175fe8196fb41d7758cd8b88cf7e87e1175c00,a0801177c4565d233b5ce9b7fa147b8dc643a5df08c3f4dcf359d488736f6c57
1976,Q2_boundary_autocracy,autocracy,124,157,0.78980891719745222929936305732484076433121019108280,2993798111.0,3644101626.0,0.82154627347376837398881037682674111021073922157406,4135644231,491542605.0,0.72390126997846203275119193878260849851134112217594,0.84275641745838557842815565921439145184536546755973,0.88114485252007645432303627956821704666597565461622,vdem_e_wb_pop,9b731512a9848138113cd2c395175fe8196fb41d7758cd8b88cf7e87e1175c00,a0801177c4565d233b5ce9b7fa147b8dc643a5df08c3f4dcf359d488736f6c57
1976,Q2_boundary_autocracy,democracy,33,157,0.21019108280254777070063694267515923566878980891720,650303515.0,3644101626.0,0.17845372652623162601118962317325888978926077842594,4135644231,491542605.0,0.15724358254161442157184434078560854815463453244027,0.27609873002153796724880806121739150148865887782406,0.88114485252007645432303627956821704666597565461622,vdem_e_wb_pop,9b731512a9848138113cd2c395175fe8196fb41d7758cd8b88cf7e87e1175c00,a0801177c4565d233b5ce9b7fa147b8dc643a5df08c3f4dcf359d488736f6c57
1976,Q3_boundary_democracy,autocracy,118,157,0.75159235668789808917197452229299363057324840764331,2915350230.0,3644101626.0,0.80001891527928535327845436986723596934066404656301,4135644231,491542605.0,0.70493254911703743213012367068863569275429775235906,0.82378769659696097780708739112041864608832209774284,0.88114485252007645432303627956821704666597565461622,vdem_e_wb_pop,9b731512a9848138113cd2c395175fe8196fb41d7758cd8b88cf7e87e1175c00,a0801177c4565d233b5ce9b7fa147b8dc643a5df08c3f4dcf359d488736f6c57
1976,Q3_boundary_democracy,democracy,39,157,0.24840764331210191082802547770700636942675159235669,728751396.0,3644101626.0,0.19998108472071464672154563013276403065933595343699,4135644231,491542605.0,0.17621230340303902219291260887958135391167790225716,0.29506745088296256786987632931136430724570224764094,0.88114485252007645432303627956821704666597565461622,vdem_e_wb_pop,9b731512a9848138113cd2c395175fe8196fb41d7758cd8b88cf7e87e1175c00,a0801177c4565d233b5ce9b7fa147b8dc643a5df08c3f4dcf359d488736f6c57
1977,Q0_three_state,autocracy,117,157,0.74522292993630573248407643312101910828025477707006,2384417532.0,3760997602.0,0.63398539013479541165631405260332309034000814553032,4208840894,447843292.0,0.56652593720022907570618182650645952405536572891890,0.67293131181023922069884735348230533515624979099055,0.89359462538998985500733447302415418889911593792835,vdem_e_wb_pop,9b731512a9848138113cd2c395175fe8196fb41d7758cd8b88cf7e87e1175c00,a0801177c4565d233b5ce9b7fa147b8dc643a5df08c3f4dcf359d488736f6c57
1977,Q0_three_state,boundary,6,157,0.038216560509554140127388535031847133757961783439490,724733693.0,3760997602.0,0.19269719624777362461078219001746654131474769283833,4208840894,447843292.0,0.17219317889473063079395179436782957659601185199851,0.27859855350474077578661732134367538769689591407016,0.89359462538998985500733447302415418889911593792835,vdem_e_wb_pop,9b731512a9848138113cd2c395175fe8196fb41d7758cd8b88cf7e87e1175c00,a0801177c4565d233b5ce9b7fa147b8dc643a5df08c3f4dcf359d488736f6c57
1977,Q0_three_state,democracy,34,157,0.21656050955414012738853503184713375796178343949045,651846377.0,3760997602.0,0.17331741361743096373290375737921036834524416163135,4208840894,447843292.0,0.15487550929503014850720085214986508824773835701094,0.26128088390504029349986637912571089934862241908259,0.89359462538998985500733447302415418889911593792835,vdem_e_wb_pop,9b731512a9848138113cd2c395175fe8196fb41d7758cd8b88cf7e87e1175c00,a0801177c4565d233b5ce9b7fa147b8dc643a5df08c3f4dcf359d488736f6c57
1977,Q1_midpoint_binary,autocracy,121,157,0.77070063694267515923566878980891719745222929936306,3052328556.0,3760997602.0,0.81157418297125518879817674502202461122441311250801,4208840894,447843292.0,0.72521832800838586415806669835117791934284508498695,0.83162370261839600915073222532702373044372914705861,0.89359462538998985500733447302415418889911593792835,vdem_e_wb_pop,9b731512a9848138113cd2c395175fe8196fb41d7758cd8b88cf7e87e1175c00,a0801177c4565d233b5ce9b7fa147b8dc643a5df08c3f4dcf359d488736f6c57
1977,Q1_midpoint_binary,democracy,36,157,0.22929936305732484076433121019108280254777070063694,708669046.0,3760997602.0,0.18842581702874481120182325497797538877558688749199,4208840894,447843292.0,0.16837629738160399084926777467297626955627085294139,0.27478167199161413584193330164882208065715491501305,0.89359462538998985500733447302415418889911593792835,vdem_e_wb_pop,9b731512a9848138113cd2c395175fe8196fb41d7758cd8b88cf7e87e1175c00,a0801177c4565d233b5ce9b7fa147b8dc643a5df08c3f4dcf359d488736f6c57
1977,Q2_boundary_autocracy,autocracy,123,157,0.78343949044585987261146496815286624203821656050955,3109151225.0,3760997602.0,0.82668258638256903626709624262078963165475583836865,4208840894,447843292.0,0.73871911609495970650013362087428910065137758091741,0.84512449070496985149279914785013491175226164298906,0.89359462538998985500733447302415418889911593792835,vdem_e_wb_pop,9b731512a9848138113cd2c395175fe8196fb41d7758cd8b88cf7e87e1175c00,a0801177c4565d233b5ce9b7fa147b8dc643a5df08c3f4dcf359d488736f6c57
1977,Q2_boundary_autocracy,democracy,34,157,0.21656050955414012738853503184713375796178343949045,651846377.0,3760997602.0,0.17331741361743096373290375737921036834524416163135,4208840894,447843292.0,0.15487550929503014850720085214986508824773835701094,0.26128088390504029349986637912571089934862241908259,0.89359462538998985500733447302415418889911593792835,vdem_e_wb_pop,9b731512a9848138113cd2c395175fe8196fb41d7758cd8b88cf7e87e1175c00,a0801177c4565d233b5ce9b7fa147b8dc643a5df08c3f4dcf359d488736f6c57
1977,Q3_boundary_democracy,autocracy,117,157,0.74522292993630573248407643312101910828025477707006,2384417532.0,3760997602.0,0.63398539013479541165631405260332309034000814553032,4208840894,447843292.0,0.56652593720022907570618182650645952405536572891890,0.67293131181023922069884735348230533515624979099055,0.89359462538998985500733447302415418889911593792835,vdem_e_wb_pop,9b731512a9848138113cd2c395175fe8196fb41d7758cd8b88cf7e87e1175c00,a0801177c4565d233b5ce9b7fa147b8dc643a5df08c3f4dcf359d488736f6c57
1977,Q3_boundary_democracy,democracy,40,157,0.25477707006369426751592356687898089171974522292994,1376580070.0,3760997602.0,0.36601460986520458834368594739667690965999185446968,4208840894,447843292.0,0.32706868818976077930115264651769466484375020900945,0.43347406279977092429381817349354047594463427108110,0.89359462538998985500733447302415418889911593792835,vdem_e_wb_pop,9b731512a9848138113cd2c395175fe8196fb41d7758cd8b88cf7e87e1175c00,a0801177c4565d233b5ce9b7fa147b8dc643a5df08c3f4dcf359d488736f6c57
1978,Q0_three_state,autocracy,116,157,0.73885350318471337579617834394904458598726114649682,2420685258.0,3831219615.0,0.63183150569665268327354812835494422576973572944082,4283309396,452089781.0,0.56514368545512372788678186813848363897175734162165,0.67069052767534423516110625598151397233318141559718,0.89445315777977949272567561215696966663857592602447,vdem_e_wb_pop,9b731512a9848138113cd2c395175fe8196fb41d7758cd8b88cf7e87e1175c00,a0801177c4565d233b5ce9b7fa147b8dc643a5df08c3f4dcf359d488736f6c57
1978,Q0_three_state,boundary,6,157,0.038216560509554140127388535031847133757961783439490,63721087.0,3831219615.0,0.016632063260095832433766655791148114593269015720468,4283309396,452089781.0,0.014876601503385771294864453447947938057379593505321,0.12042344372360627856918884129097827141880366748085,0.89445315777977949272567561215696966663857592602447,vdem_e_wb_pop,9b731512a9848138113cd2c395175fe8196fb41d7758cd8b88cf7e87e1175c00,a0801177c4565d233b5ce9b7fa147b8dc643a5df08c3f4dcf359d488736f6c57
1978,Q0_three_state,democracy,35,157,0.22292993630573248407643312101910828025477707006369,1346813270.0,3831219615.0,0.35153643104325148429268521585390765963699525483871,4283309396,452089781.0,0.31443287082126999354402929057053808960943899089750,0.41997971304149050081835367841356842297086306487303,0.89445315777977949272567561215696966663857592602447,vdem_e_wb_pop,9b731512a9848138113cd2c395175fe8196fb41d7758cd8b88cf7e87e1175c00,a0801177c4565d233b5ce9b7fa147b8dc643a5df08c3f4dcf359d488736f6c57
1978,Q1_midpoint_binary,autocracy,119,157,0.75796178343949044585987261146496815286624203821656,2423447197.0,3831219615.0,0.63255240903228670695767462549911798778468093638636,4283309396,452089781.0,0.56578849972013555660502653075215769447068913067143,0.67133534194035606387935091859518802783211320464696,0.89445315777977949272567561215696966663857592602447,vdem_e_wb_pop,9b731512a9848138113cd2c395175fe8196fb41d7758cd8b88cf7e87e1175c00,a0801177c4565d233b5ce9b7fa147b8dc643a5df08c3f4dcf359d488736f6c57
1978,Q1_midpoint_binary,democracy,38,157,0.24203821656050955414012738853503184713375796178344,1407772418.0,3831219615.0,0.36744759096771329304232537450088201221531906361364,4283309396,452089781.0,0.32866465805964393612064908140481197216788679535304,0.43421150027986444339497346924784230552931086932857,0.89445315777977949272567561215696966663857592602447,vdem_e_wb_pop,9b731512a9848138113cd2c395175fe8196fb41d7758cd8b88cf7e87e1175c00,a0801177c4565d233b5ce9b7fa147b8dc643a5df08c3f4dcf359d488736f6c57
1978,Q2_boundary_autocracy,autocracy,122,157,0.77707006369426751592356687898089171974522292993631,2484406345.0,3831219615.0,0.64846356895674851570731478414609234036300474516129,4283309396,452089781.0,0.58002028695850949918164632158643157702913693512697,0.68556712917873000645597070942946191039056100910250,0.89445315777977949272567561215696966663857592602447,vdem_e_wb_pop,9b731512a9848138113cd2c395175fe8196fb41d7758cd8b88cf7e87e1175c00,a0801177c4565d233b5ce9b7fa147b8dc643a5df08c3f4dcf359d488736f6c57
1978,Q2_boundary_autocracy,democracy,35,157,0.22292993630573248407643312101910828025477707006369,1346813270.0,3831219615.0,0.35153643104325148429268521585390765963699525483871,4283309396,452089781.0,0.31443287082126999354402929057053808960943899089750,0.41997971304149050081835367841356842297086306487303,0.89445315777977949272567561215696966663857592602447,vdem_e_wb_pop,9b731512a9848138113cd2c395175fe8196fb41d7758cd8b88cf7e87e1175c00,a0801177c4565d233b5ce9b7fa147b8dc643a5df08c3f4dcf359d488736f6c57
1978,Q3_boundary_democracy,autocracy,116,157,0.73885350318471337579617834394904458598726114649682,2420685258.0,3831219615.0,0.63183150569665268327354812835494422576973572944082,4283309396,452089781.0,0.56514368545512372788678186813848363897175734162165,0.67069052767534423516110625598151397233318141559718,0.89445315777977949272567561215696966663857592602447,vdem_e_wb_pop,9b731512a9848138113cd2c395175fe8196fb41d7758cd8b88cf7e87e1175c00,a0801177c4565d233b5ce9b7fa147b8dc643a5df08c3f4dcf359d488736f6c57
1978,Q3_boundary_democracy,democracy,41,157,0.26114649681528662420382165605095541401273885350318,1410534357.0,3831219615.0,0.36816849430334731672645187164505577423026427055918,4283309396,452089781.0,0.32930947232465576483889374401848602766681858440282,0.43485631454487627211321813186151636102824265837835,0.89445315777977949272567561215696966663857592602447,vdem_e_wb_pop,9b731512a9848138113cd2c395175fe8196fb41d7758cd8b88cf7e87e1175c00,a0801177c4565d233b5ce9b7fa147b8dc643a5df08c3f4dcf359d488736f6c57
1979,Q0_three_state,autocracy,114,157,0.72611464968152866242038216560509554140127388535032,2464958156.0,3903708549.0,0.63144011010541248272886880418592438315763208889087,4359930896,456222347.0,0.56536633602644146128686714854757642929393805694851,0.67000614750110479732704460736021720652519259562136,0.89536018852533666395982254118735922276874546132715,vdem_e_wb_pop,9b731512a9848138113cd2c395175fe8196fb41d7758cd8b88cf7e87e1175c00,a0801177c4565d233b5ce9b7fa147b8dc643a5df08c3f4dcf359d488736f6c57
1979,Q0_three_state,boundary,8,157,0.050955414012738853503184713375796178343949044585987,70786294.0,3903708549.0,0.018133088859344555540485868377772687045956001773226,4359930896,456222347.0,0.016235645859649423214160961325475099915436824850079,0.12087545733431275925433842013811587714669136352293,0.89536018852533666395982254118735922276874546132715,vdem_e_wb_pop,9b731512a9848138113cd2c395175fe8196fb41d7758cd8b88cf7e87e1175c00,a0801177c4565d233b5ce9b7fa147b8dc643a5df08c3f4dcf359d488736f6c57
1979,Q0_three_state,democracy,35,157,0.22292993630573248407643312101910828025477707006369,1367964099.0,3903708549.0,0.35042680103524296173064532743630292979641190933591,4359930896,456222347.0,0.31375820663924577945879443131430769355937057952856,0.41839801811390911549897189012694847079062511820141,0.89536018852533666395982254118735922276874546132715,vdem_e_wb_pop,9b731512a9848138113cd2c395175fe8196fb41d7758cd8b88cf7e87e1175c00,a0801177c4565d233b5ce9b7fa147b8dc643a5df08c3f4dcf359d488736f6c57
1979,Q1_midpoint_binary,autocracy,118,157,0.75159235668789808917197452229299363057324840764331,2473357113.0,3903708549.0,0.63359164290930265347532224286449925747261517704046,4359930896,456222347.0,0.56729273284335101076335958513779159677763846833227,0.67193254431801434680353704395043237400889300700513,0.89536018852533666395982254118735922276874546132715,vdem_e_wb_pop,9b731512a9848138113cd2c395175fe8196fb41d7758cd8b88cf7e87e1175c00,a0801177c4565d233b5ce9b7fa147b8dc643a5df08c3f4dcf359d488736f6c57
1979,Q1_midpoint_binary,democracy,39,157,0.24840764331210191082802547770700636942675159235669,1430351436.0,3903708549.0,0.36640835709069734652467775713550074252738482295954,4359930896,456222347.0,0.32806745568198565319646295604956762599110699299487,0.43270726715664898923664041486220840322236153166773,0.89536018852533666395982254118735922276874546132715,vdem_e_wb_pop,9b731512a9848138113cd2c395175fe8196fb41d7758cd8b88cf7e87e1175c00,a0801177c4565d233b5ce9b7fa147b8dc643a5df08c3f4dcf359d488736f6c57
1979,Q2_boundary_autocracy,autocracy,122,157,0.77707006369426751592356687898089171974522292993631,2535744450.0,3903708549.0,0.64957319896475703826935467256369707020358809066409,4359930896,456222347.0,0.58160198188609088450102810987305152920937488179859,0.68624179336075422054120556868569230644062942047144,0.89536018852533666395982254118735922276874546132715,vdem_e_wb_pop,9b731512a9848138113cd2c395175fe8196fb41d7758cd8b88cf7e87e1175c00,a0801177c4565d233b5ce9b7fa147b8dc643a5df08c3f4dcf359d488736f6c57
1979,Q2_boundary_autocracy,democracy,35,157,0.22292993630573248407643312101910828025477707006369,1367964099.0,3903708549.0,0.35042680103524296173064532743630292979641190933591,4359930896,456222347.0,0.31375820663924577945879443131430769355937057952856,0.41839801811390911549897189012694847079062511820141,0.89536018852533666395982254118735922276874546132715,vdem_e_wb_pop,9b731512a9848138113cd2c395175fe8196fb41d7758cd8b88cf7e87e1175c00,a0801177c4565d233b5ce9b7fa147b8dc643a5df08c3f4dcf359d488736f6c57
1979,Q3_boundary_democracy,autocracy,114,157,0.72611464968152866242038216560509554140127388535032,2464958156.0,3903708549.0,0.63144011010541248272886880418592438315763208889087,4359930896,456222347.0,0.56536633602644146128686714854757642929393805694851,0.67000614750110479732704460736021720652519259562136,0.89536018852533666395982254118735922276874546132715,vdem_e_wb_pop,9b731512a9848138113cd2c395175fe8196fb41d7758cd8b88cf7e87e1175c00,a0801177c4565d233b5ce9b7fa147b8dc643a5df08c3f4dcf359d488736f6c57
1979,Q3_boundary_democracy,democracy,43,157,0.27388535031847133757961783439490445859872611464968,1438750393.0,3903708549.0,0.36855988989458751727113119581407561684236791110913,4359930896,456222347.0,0.32999385249889520267295539263978279347480740437864,0.43463366397355853871313285145242357070606194305149,0.89536018852533666395982254118735922276874546132715,vdem_e_wb_pop,9b731512a9848138113cd2c395175fe8196fb41d7758cd8b88cf7e87e1175c00,a0801177c4565d233b5ce9b7fa147b8dc643a5df08c3f4dcf359d488736f6c57
1980,Q0_three_state,autocracy,113,157,0.71974522292993630573248407643312101910828025477707,2533969215.0,3977179952.0,0.63712712162439261938631033308597951013708619840695,4437473406,460293454.0,0.57103873829953945643995595812704235054969476475100,0.67476746225710225698646136291909531727794201455548,0.89627127604243719945349459520794703327175275019552,vdem_e_wb_pop,9b731512a9848138113cd2c395175fe8196fb41d7758cd8b88cf7e87e1175c00,a0801177c4565d233b5ce9b7fa147b8dc643a5df08c3f4dcf359d488736f6c57
1980,Q0_three_state,boundary,7,157,0.044585987261146496815286624203821656050955414012739,42657468.0,3977179952.0,0.010725556428129153960896763566910386558239394444177,4437473406,460293454.0,0.0096130081461044816907236243614797226347591546557654,0.11334173210366728223722902915353268936300640446024,0.89627127604243719945349459520794703327175275019552,vdem_e_wb_pop,9b731512a9848138113cd2c395175fe8196fb41d7758cd8b88cf7e87e1175c00,a0801177c4565d233b5ce9b7fa147b8dc643a5df08c3f4dcf359d488736f6c57
1980,Q0_three_state,democracy,37,157,0.23566878980891719745222929936305732484076433121019,1400553269.0,3977179952.0,0.35214732194747822665279290334711010330467440714888,4437473406,460293454.0,0.31561952959679326132281501271942496008729883078876,0.41934825355435606186932041751147792681554608059323,0.89627127604243719945349459520794703327175275019552,vdem_e_wb_pop,9b731512a9848138113cd2c395175fe8196fb41d7758cd8b88cf7e87e1175c00,a0801177c4565d233b5ce9b7fa147b8dc643a5df08c3f4dcf359d488736f6c57
1980,Q1_midpoint_binary,autocracy,117,157,0.74522292993630573248407643312101910828025477707006,2549599126.0,3977179952.0,0.64105701948886822710203583968986073175297952925013,4437473406,460293454.0,0.57456099287324945829771131703318651956333549686630,0.67828971683081225884421672182523948629158274667078,0.89627127604243719945349459520794703327175275019552,vdem_e_wb_pop,9b731512a9848138113cd2c395175fe8196fb41d7758cd8b88cf7e87e1175c00,a0801177c4565d233b5ce9b7fa147b8dc643a5df08c3f4dcf359d488736f6c57
1980,Q1_midpoint_binary,democracy,40,157,0.25477707006369426751592356687898089171974522292994,1427580826.0,3977179952.0,0.35894298051113177289796416031013926824702047074987,4437473406,460293454.0,0.32171028316918774115578327817476051370841725332922,0.42543900712675054170228868296681348043666450313370,0.89627127604243719945349459520794703327175275019552,vdem_e_wb_pop,9b731512a9848138113cd2c395175fe8196fb41d7758cd8b88cf7e87e1175c00,a0801177c4565d233b5ce9b7fa147b8dc643a5df08c3f4dcf359d488736f6c57
1980,Q2_boundary_autocracy,autocracy,120,157,0.76433121019108280254777070063694267515923566878981,2576626683.0,3977179952.0,0.64785267805252177334720709665288989669532559285112,4437473406,460293454.0,0.58065174644564393813067958248852207318445391940677,0.68438047040320673867718498728057503991270116921124,0.89627127604243719945349459520794703327175275019552,vdem_e_wb_pop,9b731512a9848138113cd2c395175fe8196fb41d7758cd8b88cf7e87e1175c00,a0801177c4565d233b5ce9b7fa147b8dc643a5df08c3f4dcf359d488736f6c57
1980,Q2_boundary_autocracy,democracy,37,157,0.23566878980891719745222929936305732484076433121019,1400553269.0,3977179952.0,0.35214732194747822665279290334711010330467440714888,4437473406,460293454.0,0.31561952959679326132281501271942496008729883078876,0.41934825355435606186932041751147792681554608059323,0.89627127604243719945349459520794703327175275019552,vdem_e_wb_pop,9b731512a9848138113cd2c395175fe8196fb41d7758cd8b88cf7e87e1175c00,a0801177c4565d233b5ce9b7fa147b8dc643a5df08c3f4dcf359d488736f6c57
1980,Q3_boundary_democracy,autocracy,113,157,0.71974522292993630573248407643312101910828025477707,2533969215.0,3977179952.0,0.63712712162439261938631033308597951013708619840695,4437473406,460293454.0,0.57103873829953945643995595812704235054969476475100,0.67476746225710225698646136291909531727794201455548,0.89627127604243719945349459520794703327175275019552,vdem_e_wb_pop,9b731512a9848138113cd2c395175fe8196fb41d7758cd8b88cf7e87e1175c00,a0801177c4565d233b5ce9b7fa147b8dc643a5df08c3f4dcf359d488736f6c57
1980,Q3_boundary_democracy,democracy,44,157,0.28025477707006369426751592356687898089171974522293,1443210737.0,3977179952.0,0.36287287837560738061368966691402048986291380159305,4437473406,460293454.0,0.32523253774289774301353863708090468272205798544452,0.42896126170046054356004404187295764945030523524900,0.89627127604243719945349459520794703327175275019552,vdem_e_wb_pop,9b731512a9848138113cd2c395175fe8196fb41d7758cd8b88cf7e87e1175c00,a0801177c4565d233b5ce9b7fa147b8dc643a5df08c3f4dcf359d488736f6c57
1981,Q0_three_state,autocracy,113,157,0.71974522292993630573248407643312101910828025477707,2579971078.0,4052090421.0,0.63670126032461505132834250738947170201856657926736,4516792587,464702166.0,0.57119538440298099966749701894159613311462424254107,0.67407860453079511751332937617575841102043501914736,0.89711677987218588215416764276583772209418922339371,vdem_e_wb_pop,9b731512a9848138113cd2c395175fe8196fb41d7758cd8b88cf7e87e1175c00,a0801177c4565d233b5ce9b7fa147b8dc643a5df08c3f4dcf359d488736f6c57
1981,Q0_three_state,boundary,6,157,0.038216560509554140127388535031847133757961783439490,31626000.0,4052090421.0,0.0078048603841853903190577395064501696123429127200121,4516792587,464702166.0,0.0070018712152123889411617120155355940412147156227167,0.10988509134302650678699406924969787194702549222901,0.89711677987218588215416764276583772209418922339371,vdem_e_wb_pop,9b731512a9848138113cd2c395175fe8196fb41d7758cd8b88cf7e87e1175c00,a0801177c4565d233b5ce9b7fa147b8dc643a5df08c3f4dcf359d488736f6c57
1981,Q0_three_state,democracy,38,157,0.24203821656050955414012738853503184713375796178344,1440493343.0,4052090421.0,0.35549387929119955835259975310407812836909050801263,4516792587,464702166.0,0.31891952425399249354550891180870599493835026522992,0.42180274438180661139134126904286827284416104183621,0.89711677987218588215416764276583772209418922339371,vdem_e_wb_pop,9b731512a9848138113cd2c395175fe8196fb41d7758cd8b88cf7e87e1175c00,a0801177c4565d233b5ce9b7fa147b8dc643a5df08c3f4dcf359d488736f6c57
1981,Q1_midpoint_binary,autocracy,117,157,0.74522292993630573248407643312101910828025477707006,2596251109.0,4052090421.0,0.64071894732281937891138683452394755926400389671857,4516792587,464702166.0,0.57479971882534441469140677191781797440325988561936,0.67768293895315853253723912915198025230907066222565,0.89711677987218588215416764276583772209418922339371,vdem_e_wb_pop,9b731512a9848138113cd2c395175fe8196fb41d7758cd8b88cf7e87e1175c00,a0801177c4565d233b5ce9b7fa147b8dc643a5df08c3f4dcf359d488736f6c57
1981,Q1_midpoint_binary,democracy,40,157,0.25477707006369426751592356687898089171974522292994,1455839312.0,4052090421.0,0.35928105267718062108861316547605244073599610328143,4516792587,464702166.0,0.32231706104684146746276087084801974769092933777435,0.42520028117465558530859322808218202559674011438064,0.89711677987218588215416764276583772209418922339371,vdem_e_wb_pop,9b731512a9848138113cd2c395175fe8196fb41d7758cd8b88cf7e87e1175c00,a0801177c4565d233b5ce9b7fa147b8dc643a5df08c3f4dcf359d488736f6c57
1981,Q2_boundary_autocracy,autocracy,119,157,0.75796178343949044585987261146496815286624203821656,2611597078.0,4052090421.0,0.64450612070880044164740024689592187163090949198737,4516792587,464702166.0,0.57819725561819338860865873095713172715583895816379,0.68108047574600750645449108819129400506164973477008,0.89711677987218588215416764276583772209418922339371,vdem_e_wb_pop,9b731512a9848138113cd2c395175fe8196fb41d7758cd8b88cf7e87e1175c00,a0801177c4565d233b5ce9b7fa147b8dc643a5df08c3f4dcf359d488736f6c57
1981,Q2_boundary_autocracy,democracy,38,157,0.24203821656050955414012738853503184713375796178344,1440493343.0,4052090421.0,0.35549387929119955835259975310407812836909050801263,4516792587,464702166.0,0.31891952425399249354550891180870599493835026522992,0.42180274438180661139134126904286827284416104183621,0.89711677987218588215416764276583772209418922339371,vdem_e_wb_pop,9b731512a9848138113cd2c395175fe8196fb41d7758cd8b88cf7e87e1175c00,a0801177c4565d233b5ce9b7fa147b8dc643a5df08c3f4dcf359d488736f6c57
1981,Q3_boundary_democracy,autocracy,113,157,0.71974522292993630573248407643312101910828025477707,2579971078.0,4052090421.0,0.63670126032461505132834250738947170201856657926736,4516792587,464702166.0,0.57119538440298099966749701894159613311462424254107,0.67407860453079511751332937617575841102043501914736,0.89711677987218588215416764276583772209418922339371,vdem_e_wb_pop,9b731512a9848138113cd2c395175fe8196fb41d7758cd8b88cf7e87e1175c00,a0801177c4565d233b5ce9b7fa147b8dc643a5df08c3f4dcf359d488736f6c57
1981,Q3_boundary_democracy,democracy,44,157,0.28025477707006369426751592356687898089171974522293,1472119343.0,4052090421.0,0.36329873967538494867165749261052829798143342073264,4516792587,464702166.0,0.32592139546920488248667062382424158897956498085264,0.42880461559701900033250298105840386688537575745893,0.89711677987218588215416764276583772209418922339371,vdem_e_wb_pop,9b731512a9848138113cd2c395175fe8196fb41d7758cd8b88cf7e87e1175c00,a0801177c4565d233b5ce9b7fa147b8dc643a5df08c3f4dcf359d488736f6c57
1982,Q0_three_state,autocracy,112,157,0.71337579617834394904458598726114649681528662420382,2628503421.0,4129865285.0,0.63646226683154387686038044701014987223729744492138,4599385851,469520566.0,0.57149008718816446174261190507801994801588130554085,0.67357340465932567830565342146589996978272654167888,0.89791668252883878343695848361211997823315476386197,vdem_e_wb_pop,9b731512a9848138113cd2c395175fe8196fb41d7758cd8b88cf7e87e1175c00,a0801177c4565d233b5ce9b7fa147b8dc643a5df08c3f4dcf359d488736f6c57
1982,Q0_three_state,boundary,7,157,0.044585987261146496815286624203821656050955414012739,38471980.0,4129865285.0,0.0093155532553890556263023480195674227664305035557594,4599385851,469520566.0,0.0083645906749996652977049826559550374196252663995074,0.11044790814616088186074649904383505918647050253754,0.89791668252883878343695848361211997823315476386197,vdem_e_wb_pop,9b731512a9848138113cd2c395175fe8196fb41d7758cd8b88cf7e87e1175c00,a0801177c4565d233b5ce9b7fa147b8dc643a5df08c3f4dcf359d488736f6c57
1982,Q0_three_state,democracy,38,157,0.24203821656050955414012738853503184713375796178344,1462889884.0,4129865285.0,0.35422217991306706751331720497028270499627205152286,4599385851,469520566.0,0.31806200466567465639664159587814499279764819192161,0.42014532213683587295968311226602501456449342805964,0.89791668252883878343695848361211997823315476386197,vdem_e_wb_pop,9b731512a9848138113cd2c395175fe8196fb41d7758cd8b88cf7e87e1175c00,a0801177c4565d233b5ce9b7fa147b8dc643a5df08c3f4dcf359d488736f6c57
1982,Q1_midpoint_binary,autocracy,116,157,0.73885350318471337579617834394904458598726114649682,2645426520.0,4129865285.0,0.64056000315758483632959470734891053474157087426642,4599385851,469520566.0,0.57516951299592107215881418773360487080386941860860,0.67725283046708228872185570412148489257071465474663,0.89791668252883878343695848361211997823315476386197,vdem_e_wb_pop,9b731512a9848138113cd2c395175fe8196fb41d7758cd8b88cf7e87e1175c00,a0801177c4565d233b5ce9b7fa147b8dc643a5df08c3f4dcf359d488736f6c57
1982,Q1_midpoint_binary,democracy,41,157,0.26114649681528662420382165605095541401273885350318,1484438765.0,4129865285.0,0.35943999684241516367040529265108946525842912573358,4599385851,469520566.0,0.32274716953291771127814429587851510742928534525337,0.42483048700407892784118581226639512919613058139140,0.89791668252883878343695848361211997823315476386197,vdem_e_wb_pop,9b731512a9848138113cd2c395175fe8196fb41d7758cd8b88cf7e87e1175c00,a0801177c4565d233b5ce9b7fa147b8dc643a5df08c3f4dcf359d488736f6c57
1982,Q2_boundary_autocracy,autocracy,119,157,0.75796178343949044585987261146496815286624203821656,2666975401.0,4129865285.0,0.64577782008693293248668279502971729500372794847714,4599385851,469520566.0,0.57985467786316412704031688773397498543550657194036,0.68193799533432534360335840412185500720235180807839,0.89791668252883878343695848361211997823315476386197,vdem_e_wb_pop,9b731512a9848138113cd2c395175fe8196fb41d7758cd8b88cf7e87e1175c00,a0801177c4565d233b5ce9b7fa147b8dc643a5df08c3f4dcf359d488736f6c57
1982,Q2_boundary_autocracy,democracy,38,157,0.24203821656050955414012738853503184713375796178344,1462889884.0,4129865285.0,0.35422217991306706751331720497028270499627205152286,4599385851,469520566.0,0.31806200466567465639664159587814499279764819192161,0.42014532213683587295968311226602501456449342805964,0.89791668252883878343695848361211997823315476386197,vdem_e_wb_pop,9b731512a9848138113cd2c395175fe8196fb41d7758cd8b88cf7e87e1175c00,a0801177c4565d233b5ce9b7fa147b8dc643a5df08c3f4dcf359d488736f6c57
1982,Q3_boundary_democracy,autocracy,112,157,0.71337579617834394904458598726114649681528662420382,2628503421.0,4129865285.0,0.63646226683154387686038044701014987223729744492138,4599385851,469520566.0,0.57149008718816446174261190507801994801588130554085,0.67357340465932567830565342146589996978272654167888,0.89791668252883878343695848361211997823315476386197,vdem_e_wb_pop,9b731512a9848138113cd2c395175fe8196fb41d7758cd8b88cf7e87e1175c00,a0801177c4565d233b5ce9b7fa147b8dc643a5df08c3f4dcf359d488736f6c57
1982,Q3_boundary_democracy,democracy,45,157,0.28662420382165605095541401273885350318471337579618,1501361864.0,4129865285.0,0.36353773316845612313961955298985012776270255507862,4599385851,469520566.0,0.32642659534067432169434657853410003021727345832112,0.42850991281183553825738809492198005198411869445915,0.89791668252883878343695848361211997823315476386197,vdem_e_wb_pop,9b731512a9848138113cd2c395175fe8196fb41d7758cd8b88cf7e87e1175c00,a0801177c4565d233b5ce9b7fa147b8dc643a5df08c3f4dcf359d488736f6c57
1983,Q0_three_state,autocracy,111,157,0.70700636942675159235668789808917197452229299363057,2656022704.0,4208875747.0,0.63105277125207564365762684511959768243545632044528,4682734714,473858967.0,0.56719478386406836712381823814758172525423143156941,0.66838756883719550378954053214811262955520909314531,0.89880721502687286333427770599946909569902233842410,vdem_e_wb_pop,9b731512a9848138113cd2c395175fe8196fb41d7758cd8b88cf7e87e1175c00,a0801177c4565d233b5ce9b7fa147b8dc643a5df08c3f4dcf359d488736f6c57
1983,Q0_three_state,boundary,8,157,0.050955414012738853503184713375796178343949044585987,67240548.0,4208875747.0,0.015975892861158393327119523540546087781669074774899,4682734714,473858967.0,0.014359247770105475165723855267706288432721153718553,0.11555203274323261183144614926823719273369881529445,0.89880721502687286333427770599946909569902233842410,vdem_e_wb_pop,9b731512a9848138113cd2c395175fe8196fb41d7758cd8b88cf7e87e1175c00,a0801177c4565d233b5ce9b7fa147b8dc643a5df08c3f4dcf359d488736f6c57
1983,Q0_three_state,democracy,38,157,0.24203821656050955414012738853503184713375796178344,1485612495.0,4208875747.0,0.35297133588676596301525363133985622978287460477982,4682734714,473858967.0,0.31725318339269902104473561258418108201206975313614,0.41844596836582615771045790658471198631304741471203,0.89880721502687286333427770599946909569902233842410,vdem_e_wb_pop,9b731512a9848138113cd2c395175fe8196fb41d7758cd8b88cf7e87e1175c00,a0801177c4565d233b5ce9b7fa147b8dc643a5df08c3f4dcf359d488736f6c57
1983,Q1_midpoint_binary,autocracy,117,157,0.74522292993630573248407643312101910828025477707006,2716851936.0,4208875747.0,0.64550537942026826005989955397939667426347523392450,4682734714,473858967.0,0.58018489236159620722003599711072592697806199063704,0.68137767733472334388575829111125683127903965221294,0.89880721502687286333427770599946909569902233842410,vdem_e_wb_pop,9b731512a9848138113cd2c395175fe8196fb41d7758cd8b88cf7e87e1175c00,a0801177c4565d233b5ce9b7fa147b8dc643a5df08c3f4dcf359d488736f6c57
1983,Q1_midpoint_binary,democracy,40,157,0.25477707006369426751592356687898089171974522292994,1492023811.0,4208875747.0,0.35449462057973173994010044602060332573652476607550,4682734714,473858967.0,0.31862232266527665611424170888874316872096034778706,0.41981510763840379277996400288927407302193800936296,0.89880721502687286333427770599946909569902233842410,vdem_e_wb_pop,9b731512a9848138113cd2c395175fe8196fb41d7758cd8b88cf7e87e1175c00,a0801177c4565d233b5ce9b7fa147b8dc643a5df08c3f4dcf359d488736f6c57
1983,Q2_boundary_autocracy,autocracy,119,157,0.75796178343949044585987261146496815286624203821656,2723263252.0,4208875747.0,0.64702866411323403698474636866014377021712539522018,4682734714,473858967.0,0.58155403163417384228954209341528801368695258528797,0.68274681660730097895526438741581891798793024686386,0.89880721502687286333427770599946909569902233842410,vdem_e_wb_pop,9b731512a9848138113cd2c395175fe8196fb41d7758cd8b88cf7e87e1175c00,a0801177c4565d233b5ce9b7fa147b8dc643a5df08c3f4dcf359d488736f6c57
1983,Q2_boundary_autocracy,democracy,38,157,0.24203821656050955414012738853503184713375796178344,1485612495.0,4208875747.0,0.35297133588676596301525363133985622978287460477982,4682734714,473858967.0,0.31725318339269902104473561258418108201206975313614,0.41844596836582615771045790658471198631304741471203,0.89880721502687286333427770599946909569902233842410,vdem_e_wb_pop,9b731512a9848138113cd2c395175fe8196fb41d7758cd8b88cf7e87e1175c00,a0801177c4565d233b5ce9b7fa147b8dc643a5df08c3f4dcf359d488736f6c57
1983,Q3_boundary_democracy,autocracy,111,157,0.70700636942675159235668789808917197452229299363057,2656022704.0,4208875747.0,0.63105277125207564365762684511959768243545632044528,4682734714,473858967.0,0.56719478386406836712381823814758172525423143156941,0.66838756883719550378954053214811262955520909314531,0.89880721502687286333427770599946909569902233842410,vdem_e_wb_pop,9b731512a9848138113cd2c395175fe8196fb41d7758cd8b88cf7e87e1175c00,a0801177c4565d233b5ce9b7fa147b8dc643a5df08c3f4dcf359d488736f6c57
1983,Q3_boundary_democracy,democracy,46,157,0.29299363057324840764331210191082802547770700636943,1552853043.0,4208875747.0,0.36894722874792435634237315488040231756454367955472,4682734714,473858967.0,0.33161243116280449621045946785188737044479090685469,0.43280521613593163287618176185241827474576856843059,0.89880721502687286333427770599946909569902233842410,vdem_e_wb_pop,9b731512a9848138113cd2c395175fe8196fb41d7758cd8b88cf7e87e1175c00,a0801177c4565d233b5ce9b7fa147b8dc643a5df08c3f4dcf359d488736f6c57
1984,Q0_three_state,autocracy,110,157,0.70063694267515923566878980891719745222929936305732,2680399847.0,4287480612.0,0.62516897207604212485241204398010698223071055137403,4765813206,478332594.0,0.56242234664704565426897681897942183007161695292008,0.66278981245493657310579872525536830702214475335859,0.89963253419210908116317809372405352304947219956149,vdem_e_wb_pop,9b731512a9848138113cd2c395175fe8196fb41d7758cd8b88cf7e87e1175c00,a0801177c4565d233b5ce9b7fa147b8dc643a5df08c3f4dcf359d488736f6c57
1984,Q0_three_state,boundary,8,157,0.050955414012738853503184713375796178343949044585987,68627798.0,4287480612.0,0.016006555879907964934256360434359440550631695777800,4765813206,478332594.0,0.014400018429929206923264377726851260901055130443146,0.11476748423782012576008628400279773785158293088166,0.89963253419210908116317809372405352304947219956149,vdem_e_wb_pop,9b731512a9848138113cd2c395175fe8196fb41d7758cd8b88cf7e87e1175c00,a0801177c4565d233b5ce9b7fa147b8dc643a5df08c3f4dcf359d488736f6c57
1984,Q0_three_state,democracy,39,157,0.24840764331210191082802547770700636942675159235669,1538452967.0,4287480612.0,0.35882447204404991021333159558553357721865775284817,4765813206,478332594.0,0.32281016911513421997093689701778043207680011619826,0.42317763492302513880775880329372690902732791663677,0.89963253419210908116317809372405352304947219956149,vdem_e_wb_pop,9b731512a9848138113cd2c395175fe8196fb41d7758cd8b88cf7e87e1175c00,a0801177c4565d233b5ce9b7fa147b8dc643a5df08c3f4dcf359d488736f6c57
1984,Q1_midpoint_binary,autocracy,115,157,0.73248407643312101910828025477707006369426751592357,2740200880.0,4287480612.0,0.63911679794670054591957651049548349537819437724375,4765813206,478332594.0,0.57497026458153634987430516595870123576135812151258,0.67533773038942726871112707223464771271188592195109,0.89963253419210908116317809372405352304947219956149,vdem_e_wb_pop,9b731512a9848138113cd2c395175fe8196fb41d7758cd8b88cf7e87e1175c00,a0801177c4565d233b5ce9b7fa147b8dc643a5df08c3f4dcf359d488736f6c57
1984,Q1_midpoint_binary,democracy,42,157,0.26751592356687898089171974522292993630573248407643,1547279732.0,4287480612.0,0.36088320205329945408042348950451650462180562275625,4765813206,478332594.0,0.32466226961057273128887292776535228728811407804891,0.42502973541846365012569483404129876423864187848742,0.89963253419210908116317809372405352304947219956149,vdem_e_wb_pop,9b731512a9848138113cd2c395175fe8196fb41d7758cd8b88cf7e87e1175c00,a0801177c4565d233b5ce9b7fa147b8dc643a5df08c3f4dcf359d488736f6c57
1984,Q2_boundary_autocracy,autocracy,118,157,0.75159235668789808917197452229299363057324840764331,2749027645.0,4287480612.0,0.64117552795595008978666840441446642278134224715183,4765813206,478332594.0,0.57682236507697486119224119670627309097267208336323,0.67718983088486578002906310298221956792319988380174,0.89963253419210908116317809372405352304947219956149,vdem_e_wb_pop,9b731512a9848138113cd2c395175fe8196fb41d7758cd8b88cf7e87e1175c00,a0801177c4565d233b5ce9b7fa147b8dc643a5df08c3f4dcf359d488736f6c57
1984,Q2_boundary_autocracy,democracy,39,157,0.24840764331210191082802547770700636942675159235669,1538452967.0,4287480612.0,0.35882447204404991021333159558553357721865775284817,4765813206,478332594.0,0.32281016911513421997093689701778043207680011619826,0.42317763492302513880775880329372690902732791663677,0.89963253419210908116317809372405352304947219956149,vdem_e_wb_pop,9b731512a9848138113cd2c395175fe8196fb41d7758cd8b88cf7e87e1175c00,a0801177c4565d233b5ce9b7fa147b8dc643a5df08c3f4dcf359d488736f6c57
1984,Q3_boundary_democracy,autocracy,110,157,0.70063694267515923566878980891719745222929936305732,2680399847.0,4287480612.0,0.62516897207604212485241204398010698223071055137403,4765813206,478332594.0,0.56242234664704565426897681897942183007161695292008,0.66278981245493657310579872525536830702214475335859,0.89963253419210908116317809372405352304947219956149,vdem_e_wb_pop,9b731512a9848138113cd2c395175fe8196fb41d7758cd8b88cf7e87e1175c00,a0801177c4565d233b5ce9b7fa147b8dc643a5df08c3f4dcf359d488736f6c57
1984,Q3_boundary_democracy,democracy,47,157,0.29936305732484076433121019108280254777070063694268,1607080765.0,4287480612.0,0.37483102792395787514758795601989301776928944862597,4765813206,478332594.0,0.33721018754506342689420127474463169297785524664141,0.43757765335295434573102318102057816992838304707992,0.89963253419210908116317809372405352304947219956149,vdem_e_wb_pop,9b731512a9848138113cd2c395175fe8196fb41d7758cd8b88cf7e87e1175c00,a0801177c4565d233b5ce9b7fa147b8dc643a5df08c3f4dcf359d488736f6c57
1985,Q0_three_state,autocracy,108,157,0.68789808917197452229299363057324840764331210191083,2725642833.0,4367412722.0,0.62408638855450950440309680446088145090126428403988,4850494238,483081516.0,0.56193094956110326174146874638551008624041169307333,0.66152523671959879977905047456733006019086832693192,0.90040571284150446196241827181818002604954336614140,vdem_e_wb_pop,9b731512a9848138113cd2c395175fe8196fb41d7758cd8b88cf7e87e1175c00,a0801177c4565d233b5ce9b7fa147b8dc643a5df08c3f4dcf359d488736f6c57
1985,Q0_three_state,boundary,9,157,0.057324840764331210191082802547770700636942675159236,76461298.0,4367412722.0,0.017507229764395964957304989963346083782369858655186,4850494238,483081516.0,0.015763609695890953040649710385245075720467230457104,0.11535789685438649107823143856706504967092386431570,0.90040571284150446196241827181818002604954336614140,vdem_e_wb_pop,9b731512a9848138113cd2c395175fe8196fb41d7758cd8b88cf7e87e1175c00,a0801177c4565d233b5ce9b7fa147b8dc643a5df08c3f4dcf359d488736f6c57
1985,Q0_three_state,democracy,40,157,0.25477707006369426751592356687898089171974522292994,1565308591.0,4367412722.0,0.35840638168109453063959820557577246531636585730493,4850494238,483081516.0,0.32271115358451024718029981504742486408866444261097,0.42230544074300578521788154322924483803912107646957,0.90040571284150446196241827181818002604954336614140,vdem_e_wb_pop,9b731512a9848138113cd2c395175fe8196fb41d7758cd8b88cf7e87e1175c00,a0801177c4565d233b5ce9b7fa147b8dc643a5df08c3f4dcf359d488736f6c57
1985,Q1_midpoint_binary,autocracy,114,157,0.72611464968152866242038216560509554140127388535032,2793100616.0,4367412722.0,0.63953209687060118427708330515780367779951711190715,4850494238,483081516.0,0.57583835356779574428184281042743504440381937012828,0.67543264072629128231942453860925501835427600398687,0.90040571284150446196241827181818002604954336614140,vdem_e_wb_pop,9b731512a9848138113cd2c395175fe8196fb41d7758cd8b88cf7e87e1175c00,a0801177c4565d233b5ce9b7fa147b8dc643a5df08c3f4dcf359d488736f6c57
1985,Q1_midpoint_binary,democracy,43,157,0.27388535031847133757961783439490445859872611464968,1574312106.0,4367412722.0,0.36046790312939881572291669484219632220048288809285,4850494238,483081516.0,0.32456735927370871768057546139074498164572399601313,0.42416164643220425571815718957256495559618062987172,0.90040571284150446196241827181818002604954336614140,vdem_e_wb_pop,9b731512a9848138113cd2c395175fe8196fb41d7758cd8b88cf7e87e1175c00,a0801177c4565d233b5ce9b7fa147b8dc643a5df08c3f4dcf359d488736f6c57
1985,Q2_boundary_autocracy,autocracy,117,157,0.74522292993630573248407643312101910828025477707006,2802104131.0,4367412722.0,0.64159361831890546936040179442422753468363414269507,4850494238,483081516.0,0.57769455925699421478211845677075516196087892353043,0.67728884641548975281970018495257513591133555738903,0.90040571284150446196241827181818002604954336614140,vdem_e_wb_pop,9b731512a9848138113cd2c395175fe8196fb41d7758cd8b88cf7e87e1175c00,a0801177c4565d233b5ce9b7fa147b8dc643a5df08c3f4dcf359d488736f6c57
1985,Q2_boundary_autocracy,democracy,40,157,0.25477707006369426751592356687898089171974522292994,1565308591.0,4367412722.0,0.35840638168109453063959820557577246531636585730493,4850494238,483081516.0,0.32271115358451024718029981504742486408866444261097,0.42230544074300578521788154322924483803912107646957,0.90040571284150446196241827181818002604954336614140,vdem_e_wb_pop,9b731512a9848138113cd2c395175fe8196fb41d7758cd8b88cf7e87e1175c00,a0801177c4565d233b5ce9b7fa147b8dc643a5df08c3f4dcf359d488736f6c57
1985,Q3_boundary_democracy,autocracy,108,157,0.68789808917197452229299363057324840764331210191083,2725642833.0,4367412722.0,0.62408638855450950440309680446088145090126428403988,4850494238,483081516.0,0.56193094956110326174146874638551008624041169307333,0.66152523671959879977905047456733006019086832693192,0.90040571284150446196241827181818002604954336614140,vdem_e_wb_pop,9b731512a9848138113cd2c395175fe8196fb41d7758cd8b88cf7e87e1175c00,a0801177c4565d233b5ce9b7fa147b8dc643a5df08c3f4dcf359d488736f6c57
1985,Q3_boundary_democracy,democracy,49,157,0.31210191082802547770700636942675159235668789808917,1641769889.0,4367412722.0,0.37591361144549049559690319553911854909873571596012,4850494238,483081516.0,0.33847476328040120022094952543266993980913167306808,0.43806905043889673825853125361448991375958830692667,0.90040571284150446196241827181818002604954336614140,vdem_e_wb_pop,9b731512a9848138113cd2c395175fe8196fb41d7758cd8b88cf7e87e1175c00,a0801177c4565d233b5ce9b7fa147b8dc643a5df08c3f4dcf359d488736f6c57
1986,Q0_three_state,autocracy,107,157,0.68152866242038216560509554140127388535031847133758,2643442850.0,4449304670.0,0.59412493548121082029655658532370182687444508042647,4937459951,488155281.0,0.53538517299054037430915457363676345898526965084846,0.63425286727961147972863830931354930599213279573192,0.90113230571092889458051626432321415299313685511654,vdem_e_wb_pop,9b731512a9848138113cd2c395175fe8196fb41d7758cd8b88cf7e87e1175c00,a0801177c4565d233b5ce9b7fa147b8dc643a5df08c3f4dcf359d488736f6c57
1986,Q0_three_state,boundary,9,157,0.057324840764331210191082802547770700636942675159236,209876702.0,4449304670.0,0.047170674423606059775627817368595709135827733729909,4937459951,488155281.0,0.042507018605283670482170965157465031152816737044557,0.14137471289435477590165470083425087815967988192802,0.90113230571092889458051626432321415299313685511654,vdem_e_wb_pop,9b731512a9848138113cd2c395175fe8196fb41d7758cd8b88cf7e87e1175c00,a0801177c4565d233b5ce9b7fa147b8dc643a5df08c3f4dcf359d488736f6c57
1986,Q0_three_state,democracy,41,157,0.26114649681528662420382165605095541401273885350318,1595985118.0,4449304670.0,0.35870439009518311992781559730770246398972718584363,4937459951,488155281.0,0.32324011411510484978919072552898566285505046722353,0.42210780840417595520867446120577150986191361210699,0.90113230571092889458051626432321415299313685511654,vdem_e_wb_pop,9b731512a9848138113cd2c395175fe8196fb41d7758cd8b88cf7e87e1175c00,a0801177c4565d233b5ce9b7fa147b8dc643a5df08c3f4dcf359d488736f6c57
1986,Q1_midpoint_binary,autocracy,113,157,0.71974522292993630573248407643312101910828025477707,2844144377.0,4449304670.0,0.63923345060566508698987340869152033142293220392120,4937459951,488155281.0,0.57603391323183615631518466163655977368756990652905,0.67490160752090726173466839731334562069443305141251,0.90113230571092889458051626432321415299313685511654,vdem_e_wb_pop,9b731512a9848138113cd2c395175fe8196fb41d7758cd8b88cf7e87e1175c00,a0801177c4565d233b5ce9b7fa147b8dc643a5df08c3f4dcf359d488736f6c57
1986,Q1_midpoint_binary,democracy,44,157,0.28025477707006369426751592356687898089171974522293,1605160293.0,4449304670.0,0.36076654939433491301012659130847966857706779607880,4937459951,488155281.0,0.32509839247909273826533160268665437930556694858749,0.42396608676816384368481533836344022631243009347095,0.90113230571092889458051626432321415299313685511654,vdem_e_wb_pop,9b731512a9848138113cd2c395175fe8196fb41d7758cd8b88cf7e87e1175c00,a0801177c4565d233b5ce9b7fa147b8dc643a5df08c3f4dcf359d488736f6c57
1986,Q2_boundary_autocracy,autocracy,116,157,0.73885350318471337579617834394904458598726114649682,2853319552.0,4449304670.0,0.64129560990481688007218440269229753601027281415637,4937459951,488155281.0,0.57789219159582404479132553879422849013808638789301,0.67675988588489515021080927447101433714494953277647,0.90113230571092889458051626432321415299313685511654,vdem_e_wb_pop,9b731512a9848138113cd2c395175fe8196fb41d7758cd8b88cf7e87e1175c00,a0801177c4565d233b5ce9b7fa147b8dc643a5df08c3f4dcf359d488736f6c57
1986,Q2_boundary_autocracy,democracy,41,157,0.26114649681528662420382165605095541401273885350318,1595985118.0,4449304670.0,0.35870439009518311992781559730770246398972718584363,4937459951,488155281.0,0.32324011411510484978919072552898566285505046722353,0.42210780840417595520867446120577150986191361210699,0.90113230571092889458051626432321415299313685511654,vdem_e_wb_pop,9b731512a9848138113cd2c395175fe8196fb41d7758cd8b88cf7e87e1175c00,a0801177c4565d233b5ce9b7fa147b8dc643a5df08c3f4dcf359d488736f6c57
1986,Q3_boundary_democracy,autocracy,107,157,0.68152866242038216560509554140127388535031847133758,2643442850.0,4449304670.0,0.59412493548121082029655658532370182687444508042647,4937459951,488155281.0,0.53538517299054037430915457363676345898526965084846,0.63425286727961147972863830931354930599213279573192,0.90113230571092889458051626432321415299313685511654,vdem_e_wb_pop,9b731512a9848138113cd2c395175fe8196fb41d7758cd8b88cf7e87e1175c00,a0801177c4565d233b5ce9b7fa147b8dc643a5df08c3f4dcf359d488736f6c57
1986,Q3_boundary_democracy,democracy,50,157,0.31847133757961783439490445859872611464968152866242,1805861820.0,4449304670.0,0.40587506451878917970344341467629817312555491957353,4937459951,488155281.0,0.36574713272038852027136169068645069400786720426808,0.46461482700945962569084542636323654101473034915154,0.90113230571092889458051626432321415299313685511654,vdem_e_wb_pop,9b731512a9848138113cd2c395175fe8196fb41d7758cd8b88cf7e87e1175c00,a0801177c4565d233b5ce9b7fa147b8dc643a5df08c3f4dcf359d488736f6c57
1987,Q0_three_state,autocracy,110,157,0.70063694267515923566878980891719745222929936305732,2739112274.0,4533236360.0,0.60422886796046081303380351427340973679122259577041,5026770385,493534025.0,0.54490499151772972817018774570503880296095919646825,0.64308612715756659730539890176423882946067766331841,0.90181886436016313086478884394079997350028153314984,vdem_e_wb_pop,9b731512a9848138113cd2c395175fe8196fb41d7758cd8b88cf7e87e1175c00,a0801177c4565d233b5ce9b7fa147b8dc643a5df08c3f4dcf359d488736f6c57
1987,Q0_three_state,boundary,7,157,0.044585987261146496815286624203821656050955414012739,36905482.0,4533236360.0,0.0081410892945365857782010731070726698221400483075628,5026770385,493534025.0,0.0073417879022536654019059595458327265529157445292779,0.10552292354209053453711711560503275305263421137944,0.90181886436016313086478884394079997350028153314984,vdem_e_wb_pop,9b731512a9848138113cd2c395175fe8196fb41d7758cd8b88cf7e87e1175c00,a0801177c4565d233b5ce9b7fa147b8dc643a5df08c3f4dcf359d488736f6c57
1987,Q0_three_state,democracy,40,157,0.25477707006369426751592356687898089171974522292994,1757218604.0,4533236360.0,0.38763004274500260118799541261951759338663735592203,5026770385,493534025.0,0.34957208494017973729269513868992844398640659215231,0.44775322058001660642790629474912847048612505900247,0.90181886436016313086478884394079997350028153314984,vdem_e_wb_pop,9b731512a9848138113cd2c395175fe8196fb41d7758cd8b88cf7e87e1175c00,a0801177c4565d233b5ce9b7fa147b8dc643a5df08c3f4dcf359d488736f6c57
1987,Q1_midpoint_binary,autocracy,113,157,0.71974522292993630573248407643312101910828025477707,2763041471.0,4533236360.0,0.60950748021442235145224150633081042348297056366150,5026770385,493534025.0,0.54966534362599496376240387992179992920046615576613,0.64784647926583183289761503598099995570018462261630,0.90181886436016313086478884394079997350028153314984,vdem_e_wb_pop,9b731512a9848138113cd2c395175fe8196fb41d7758cd8b88cf7e87e1175c00,a0801177c4565d233b5ce9b7fa147b8dc643a5df08c3f4dcf359d488736f6c57
1987,Q1_midpoint_binary,democracy,44,157,0.28025477707006369426751592356687898089171974522293,1770194889.0,4533236360.0,0.39049251978557764854775849366918957651702943633850,5026770385,493534025.0,0.35215352073416816710238496401900004429981537738370,0.45033465637400503623759612007820007079953384423387,0.90181886436016313086478884394079997350028153314984,vdem_e_wb_pop,9b731512a9848138113cd2c395175fe8196fb41d7758cd8b88cf7e87e1175c00,a0801177c4565d233b5ce9b7fa147b8dc643a5df08c3f4dcf359d488736f6c57
1987,Q2_boundary_autocracy,autocracy,117,157,0.74522292993630573248407643312101910828025477707006,2776017756.0,4533236360.0,0.61236995725499739881200458738048240661336264407797,5026770385,493534025.0,0.55224677941998339357209370525087152951387494099753,0.65042791505982026270730486131007155601359340784769,0.90181886436016313086478884394079997350028153314984,vdem_e_wb_pop,9b731512a9848138113cd2c395175fe8196fb41d7758cd8b88cf7e87e1175c00,a0801177c4565d233b5ce9b7fa147b8dc643a5df08c3f4dcf359d488736f6c57
1987,Q2_boundary_autocracy,democracy,40,157,0.25477707006369426751592356687898089171974522292994,1757218604.0,4533236360.0,0.38763004274500260118799541261951759338663735592203,5026770385,493534025.0,0.34957208494017973729269513868992844398640659215231,0.44775322058001660642790629474912847048612505900247,0.90181886436016313086478884394079997350028153314984,vdem_e_wb_pop,9b731512a9848138113cd2c395175fe8196fb41d7758cd8b88cf7e87e1175c00,a0801177c4565d233b5ce9b7fa147b8dc643a5df08c3f4dcf359d488736f6c57
1987,Q3_boundary_democracy,autocracy,110,157,0.70063694267515923566878980891719745222929936305732,2739112274.0,4533236360.0,0.60422886796046081303380351427340973679122259577041,5026770385,493534025.0,0.54490499151772972817018774570503880296095919646825,0.64308612715756659730539890176423882946067766331841,0.90181886436016313086478884394079997350028153314984,vdem_e_wb_pop,9b731512a9848138113cd2c395175fe8196fb41d7758cd8b88cf7e87e1175c00,a0801177c4565d233b5ce9b7fa147b8dc643a5df08c3f4dcf359d488736f6c57
1987,Q3_boundary_democracy,democracy,47,157,0.29936305732484076433121019108280254777070063694268,1794124086.0,4533236360.0,0.39577113203953918696619648572659026320877740422959,5026770385,493534025.0,0.35691387284243340269460109823576117053932233668159,0.45509500848227027182981225429496119703904080353175,0.90181886436016313086478884394079997350028153314984,vdem_e_wb_pop,9b731512a9848138113cd2c395175fe8196fb41d7758cd8b88cf7e87e1175c00,a0801177c4565d233b5ce9b7fa147b8dc643a5df08c3f4dcf359d488736f6c57
1988,Q0_three_state,autocracy,106,157,0.67515923566878980891719745222929936305732484076433,2639544212.0,4617784481.0,0.57160402848172679802463912347320307952674242615871,5116898810,499114329.0,0.51584842890414711953234814897580513224962523736130,0.61339077780199448579675938520269467670008506578226,0.90245765110215263373558876377311045554954017157904,vdem_e_wb_pop,9b731512a9848138113cd2c395175fe8196fb41d7758cd8b88cf7e87e1175c00,a0801177c4565d233b5ce9b7fa147b8dc643a5df08c3f4dcf359d488736f6c57
1988,Q0_three_state,boundary,9,157,0.057324840764331210191082802547770700636942675159236,151211733.0,4617784481.0,0.032745515435413842563000289142337736571383310515309,5116898810,499114329.0,0.029551440943972859217045959132422241509989915161133,0.12709378984182022548145719535931178596044974358209,0.90245765110215263373558876377311045554954017157904,vdem_e_wb_pop,9b731512a9848138113cd2c395175fe8196fb41d7758cd8b88cf7e87e1175c00,a0801177c4565d233b5ce9b7fa147b8dc643a5df08c3f4dcf359d488736f6c57
1988,Q0_three_state,democracy,42,157,0.26751592356687898089171974522292993630573248407643,1827028536.0,4617784481.0,0.39565045608285935941236058738445918390187426332598,5116898810,499114329.0,0.35705778125403265498619465566488308178992501905661,0.45460013015188002125060589189177262624038484747757,0.90245765110215263373558876377311045554954017157904,vdem_e_wb_pop,9b731512a9848138113cd2c395175fe8196fb41d7758cd8b88cf7e87e1175c00,a0801177c4565d233b5ce9b7fa147b8dc643a5df08c3f4dcf359d488736f6c57
1988,Q1_midpoint_binary,autocracy,110,157,0.70063694267515923566878980891719745222929936305732,2717792237.0,4617784481.0,0.58854895636260855630867195510417758710467631284848,5116898810,499114329.0,0.53114050871762304793359788953887872564749819627565,0.62868285761547041419800912576576827009795802469660,0.90245765110215263373558876377311045554954017157904,vdem_e_wb_pop,9b731512a9848138113cd2c395175fe8196fb41d7758cd8b88cf7e87e1175c00,a0801177c4565d233b5ce9b7fa147b8dc643a5df08c3f4dcf359d488736f6c57
1988,Q1_midpoint_binary,democracy,47,157,0.29936305732484076433121019108280254777070063694268,1899992244.0,4617784481.0,0.41145104363739144369132804489582241289532368715152,5116898810,499114329.0,0.37131714238452958580199087423423172990204197530340,0.46885949128237695206640211046112127435250180372435,0.90245765110215263373558876377311045554954017157904,vdem_e_wb_pop,9b731512a9848138113cd2c395175fe8196fb41d7758cd8b88cf7e87e1175c00,a0801177c4565d233b5ce9b7fa147b8dc643a5df08c3f4dcf359d488736f6c57
1988,Q2_boundary_autocracy,autocracy,115,157,0.73248407643312101910828025477707006369426751592357,2790755945.0,4617784481.0,0.60434954391714064058763941261554081609812573667402,5116898810,499114329.0,0.54539986984811997874939410810822737375961515252243,0.64294221874596734501380534433511691821007498094339,0.90245765110215263373558876377311045554954017157904,vdem_e_wb_pop,9b731512a9848138113cd2c395175fe8196fb41d7758cd8b88cf7e87e1175c00,a0801177c4565d233b5ce9b7fa147b8dc643a5df08c3f4dcf359d488736f6c57
1988,Q2_boundary_autocracy,democracy,42,157,0.26751592356687898089171974522292993630573248407643,1827028536.0,4617784481.0,0.39565045608285935941236058738445918390187426332598,5116898810,499114329.0,0.35705778125403265498619465566488308178992501905661,0.45460013015188002125060589189177262624038484747757,0.90245765110215263373558876377311045554954017157904,vdem_e_wb_pop,9b731512a9848138113cd2c395175fe8196fb41d7758cd8b88cf7e87e1175c00,a0801177c4565d233b5ce9b7fa147b8dc643a5df08c3f4dcf359d488736f6c57
1988,Q3_boundary_democracy,autocracy,106,157,0.67515923566878980891719745222929936305732484076433,2639544212.0,4617784481.0,0.57160402848172679802463912347320307952674242615871,5116898810,499114329.0,0.51584842890414711953234814897580513224962523736130,0.61339077780199448579675938520269467670008506578226,0.90245765110215263373558876377311045554954017157904,vdem_e_wb_pop,9b731512a9848138113cd2c395175fe8196fb41d7758cd8b88cf7e87e1175c00,a0801177c4565d233b5ce9b7fa147b8dc643a5df08c3f4dcf359d488736f6c57
1988,Q3_boundary_democracy,democracy,51,157,0.32484076433121019108280254777070063694267515923567,1978240269.0,4617784481.0,0.42839597151827320197536087652679692047325757384129,5116898810,499114329.0,0.38660922219800551420324061479730532329991493421774,0.48415157109585288046765185102419486775037476263870,0.90245765110215263373558876377311045554954017157904,vdem_e_wb_pop,9b731512a9848138113cd2c395175fe8196fb41d7758cd8b88cf7e87e1175c00,a0801177c4565d233b5ce9b7fa147b8dc643a5df08c3f4dcf359d488736f6c57
1989,Q0_three_state,autocracy,108,158,0.68354430379746835443037974683544303797468354430380,2708853592.0,4702511681.0,0.57604399005425883598140072328721983667944449705664,5207378374,504866693.0,0.52019526860676707953006527579822068831290191934879,0.61714745005775529996084743889209845230270950923606,0.90304781854901177956921783690612223601019241011274,vdem_e_wb_pop,9b731512a9848138113cd2c395175fe8196fb41d7758cd8b88cf7e87e1175c00,a0801177c4565d233b5ce9b7fa147b8dc643a5df08c3f4dcf359d488736f6c57
1989,Q0_three_state,boundary,8,158,0.050632911392405063291139240506329113924050632911392,138237118.0,4702511681.0,0.029396443300403148961364589537528891467308616771515,5207378374,504866693.0,0.026546393995528775839249202981000819434597129584346,0.12349857544651699627003136607487858342440471947161,0.90304781854901177956921783690612223601019241011274,vdem_e_wb_pop,9b731512a9848138113cd2c395175fe8196fb41d7758cd8b88cf7e87e1175c00,a0801177c4565d233b5ce9b7fa147b8dc643a5df08c3f4dcf359d488736f6c57
1989,Q0_three_state,democracy,42,158,0.26582278481012658227848101265822784810126582278481,1855420971.0,4702511681.0,0.39455956664533801505723468717525127185324688617185,5207378374,504866693.0,0.35630615594671592419990335812690072826269336117960,0.45325833739770414463068552122077849225250095106686,0.90304781854901177956921783690612223601019241011274,vdem_e_wb_pop,9b731512a9848138113cd2c395175fe8196fb41d7758cd8b88cf7e87e1175c00,a0801177c4565d233b5ce9b7fa147b8dc643a5df08c3f4dcf359d488736f6c57
1989,Q1_midpoint_binary,autocracy,111,158,0.70253164556962025316455696202531645569620253164557,2772343879.0,4702511681.0,0.58954534662856055965637483336216299767656015738454,5207378374,504866693.0,0.53238763920864260976784553508997616004617220849564,0.62933982065963083019862769818385392403597979838290,0.90304781854901177956921783690612223601019241011274,vdem_e_wb_pop,9b731512a9848138113cd2c395175fe8196fb41d7758cd8b88cf7e87e1175c00,a0801177c4565d233b5ce9b7fa147b8dc643a5df08c3f4dcf359d488736f6c57
1989,Q1_midpoint_binary,democracy,47,158,0.29746835443037974683544303797468354430379746835443,1930167802.0,4702511681.0,0.41045465337143944034362516663783700232343984261546,5207378374,504866693.0,0.37066017934036916980137230181614607596402020161710,0.46761236079135739023215446491002383995382779150436,0.90304781854901177956921783690612223601019241011274,vdem_e_wb_pop,9b731512a9848138113cd2c395175fe8196fb41d7758cd8b88cf7e87e1175c00,a0801177c4565d233b5ce9b7fa147b8dc643a5df08c3f4dcf359d488736f6c57
1989,Q2_boundary_autocracy,autocracy,116,158,0.73417721518987341772151898734177215189873417721519,2847090710.0,4702511681.0,0.60544043335466198494276531282474872814675311382815,5207378374,504866693.0,0.54674166260229585536931447877922150774749904893314,0.64369384405328407580009664187309927173730663882040,0.90304781854901177956921783690612223601019241011274,vdem_e_wb_pop,9b731512a9848138113cd2c395175fe8196fb41d7758cd8b88cf7e87e1175c00,a0801177c4565d233b5ce9b7fa147b8dc643a5df08c3f4dcf359d488736f6c57
1989,Q2_boundary_autocracy,democracy,42,158,0.26582278481012658227848101265822784810126582278481,1855420971.0,4702511681.0,0.39455956664533801505723468717525127185324688617185,5207378374,504866693.0,0.35630615594671592419990335812690072826269336117960,0.45325833739770414463068552122077849225250095106686,0.90304781854901177956921783690612223601019241011274,vdem_e_wb_pop,9b731512a9848138113cd2c395175fe8196fb41d7758cd8b88cf7e87e1175c00,a0801177c4565d233b5ce9b7fa147b8dc643a5df08c3f4dcf359d488736f6c57
1989,Q3_boundary_democracy,autocracy,108,158,0.68354430379746835443037974683544303797468354430380,2708853592.0,4702511681.0,0.57604399005425883598140072328721983667944449705664,5207378374,504866693.0,0.52019526860676707953006527579822068831290191934879,0.61714745005775529996084743889209845230270950923606,0.90304781854901177956921783690612223601019241011274,vdem_e_wb_pop,9b731512a9848138113cd2c395175fe8196fb41d7758cd8b88cf7e87e1175c00,a0801177c4565d233b5ce9b7fa147b8dc643a5df08c3f4dcf359d488736f6c57
1989,Q3_boundary_democracy,democracy,50,158,0.31645569620253164556962025316455696202531645569620,1993658089.0,4702511681.0,0.42395600994574116401859927671278016332055550294336,5207378374,504866693.0,0.38285254994224470003915256110790154769729049076394,0.47980473139323292046993472420177931168709808065121,0.90304781854901177956921783690612223601019241011274,vdem_e_wb_pop,9b731512a9848138113cd2c395175fe8196fb41d7758cd8b88cf7e87e1175c00,a0801177c4565d233b5ce9b7fa147b8dc643a5df08c3f4dcf359d488736f6c57
1990,Q0_three_state,autocracy,103,171,0.60233918128654970760233918128654970760233918128655,2623240619.0,4802295531.0,0.54624722740746294149717542654082027589401182148946,5298962018,496666487.0,0.49504801319374167289983394630929396482418795099203,0.58877702753898093707755276082448794785831959892338,0.90627098565476073582228118548480601696586835206864,vdem_e_wb_pop,9b731512a9848138113cd2c395175fe8196fb41d7758cd8b88cf7e87e1175c00,a0801177c4565d233b5ce9b7fa147b8dc643a5df08c3f4dcf359d488736f6c57
1990,Q0_three_state,boundary,13,171,0.076023391812865497076023391812865497076023391812865,154514082.0,4802295531.0,0.032175046496529328236380044641613290167168597771165,5298962018,496666487.0,0.029159311101897390501356109173002190784904773023795,0.12288832544713665467907492368819617381903642095515,0.90627098565476073582228118548480601696586835206864,vdem_e_wb_pop,9b731512a9848138113cd2c395175fe8196fb41d7758cd8b88cf7e87e1175c00,a0801177c4565d233b5ce9b7fa147b8dc643a5df08c3f4dcf359d488736f6c57
1990,Q0_three_state,democracy,55,171,0.32163742690058479532163742690058479532163742690058,2024540830.0,4802295531.0,0.42157772609600773026644452881756643393881958073938,5298962018,496666487.0,0.38206366135912167242109113000250986135677562805282,0.47579267570436093659880994451770384439090727598418,0.90627098565476073582228118548480601696586835206864,vdem_e_wb_pop,9b731512a9848138113cd2c395175fe8196fb41d7758cd8b88cf7e87e1175c00,a0801177c4565d233b5ce9b7fa147b8dc643a5df08c3f4dcf359d488736f6c57
1990,Q1_midpoint_binary,autocracy,109,171,0.63742690058479532163742690058479532163742690058480,2685219496.0,4802295531.0,0.55915332129525287226643195108268733492903396244566,5298962018,496666487.0,0.50674443162238193646173064530163612884382822160474,0.60047344596762120063944945981683011187795986953609,0.90627098565476073582228118548480601696586835206864,vdem_e_wb_pop,9b731512a9848138113cd2c395175fe8196fb41d7758cd8b88cf7e87e1175c00,a0801177c4565d233b5ce9b7fa147b8dc643a5df08c3f4dcf359d488736f6c57
1990,Q1_midpoint_binary,democracy,62,171,0.36257309941520467836257309941520467836257309941520,2117076035.0,4802295531.0,0.44084667870474712773356804891731266507096603755434,5298962018,496666487.0,0.39952655403237879936055054018316988812204013046391,0.49325556837761806353826935469836387115617177839526,0.90627098565476073582228118548480601696586835206864,vdem_e_wb_pop,9b731512a9848138113cd2c395175fe8196fb41d7758cd8b88cf7e87e1175c00,a0801177c4565d233b5ce9b7fa147b8dc643a5df08c3f4dcf359d488736f6c57
1990,Q2_boundary_autocracy,autocracy,116,171,0.67836257309941520467836257309941520467836257309942,2777754701.0,4802295531.0,0.57842227390399226973355547118243356606118041926062,5298962018,496666487.0,0.52420732429563906340119005548229615560909272401582,0.61793633864087832757890886999749013864322437194718,0.90627098565476073582228118548480601696586835206864,vdem_e_wb_pop,9b731512a9848138113cd2c395175fe8196fb41d7758cd8b88cf7e87e1175c00,a0801177c4565d233b5ce9b7fa147b8dc643a5df08c3f4dcf359d488736f6c57
1990,Q2_boundary_autocracy,democracy,55,171,0.32163742690058479532163742690058479532163742690058,2024540830.0,4802295531.0,0.42157772609600773026644452881756643393881958073938,5298962018,496666487.0,0.38206366135912167242109113000250986135677562805282,0.47579267570436093659880994451770384439090727598418,0.90627098565476073582228118548480601696586835206864,vdem_e_wb_pop,9b731512a9848138113cd2c395175fe8196fb41d7758cd8b88cf7e87e1175c00,a0801177c4565d233b5ce9b7fa147b8dc643a5df08c3f4dcf359d488736f6c57
1990,Q3_boundary_democracy,autocracy,103,171,0.60233918128654970760233918128654970760233918128655,2623240619.0,4802295531.0,0.54624722740746294149717542654082027589401182148946,5298962018,496666487.0,0.49504801319374167289983394630929396482418795099203,0.58877702753898093707755276082448794785831959892338,0.90627098565476073582228118548480601696586835206864,vdem_e_wb_pop,9b731512a9848138113cd2c395175fe8196fb41d7758cd8b88cf7e87e1175c00,a0801177c4565d233b5ce9b7fa147b8dc643a5df08c3f4dcf359d488736f6c57
1990,Q3_boundary_democracy,democracy,68,171,0.39766081871345029239766081871345029239766081871345,2179054912.0,4802295531.0,0.45375277259253705850282457345917972410598817851054,5298962018,496666487.0,0.41122297246101906292244723917551205214168040107662,0.50495198680625832710016605369070603517581204900797,0.90627098565476073582228118548480601696586835206864,vdem_e_wb_pop,9b731512a9848138113cd2c395175fe8196fb41d7758cd8b88cf7e87e1175c00,a0801177c4565d233b5ce9b7fa147b8dc643a5df08c3f4dcf359d488736f6c57
1991,Q0_three_state,autocracy,101,173,0.58381502890173410404624277456647398843930635838150,2557132916.0,4969124197.0,0.51460434769245917481341632081569805851242240544868,5388203305,419079108.0,0.47457988707053807057490010577839545718477673514585,0.55235703917077791109814108990826210110867373813765,0.92222284789976015947675901587013335607610299700820,vdem_e_wb_pop,9b731512a9848138113cd2c395175fe8196fb41d7758cd8b88cf7e87e1175c00,a0801177c4565d233b5ce9b7fa147b8dc643a5df08c3f4dcf359d488736f6c57
1991,Q0_three_state,boundary,16,173,0.092485549132947976878612716763005780346820809248555,271055943.0,4969124197.0,0.054548031454646292472210470693534166861959799794475,5388203305,419079108.0,0.050305440915429600702492423863727985297317952630594,0.12808259301566944122573340799359462922121495562239,0.92222284789976015947675901587013335607610299700820,vdem_e_wb_pop,9b731512a9848138113cd2c395175fe8196fb41d7758cd8b88cf7e87e1175c00,a0801177c4565d233b5ce9b7fa147b8dc643a5df08c3f4dcf359d488736f6c57
1991,Q0_three_state,democracy,56,173,0.32369942196531791907514450867052023121387283236994,2140935338.0,4969124197.0,0.43084762085289453271437320849076777462561779475684,5388203305,419079108.0,0.39733751991379248819936648622800991359400830923175,0.47511467201403232872260747035787655751790531222355,0.92222284789976015947675901587013335607610299700820,vdem_e_wb_pop,9b731512a9848138113cd2c395175fe8196fb41d7758cd8b88cf7e87e1175c00,a0801177c4565d233b5ce9b7fa147b8dc643a5df08c3f4dcf359d488736f6c57
1991,Q1_midpoint_binary,autocracy,108,173,0.62427745664739884393063583815028901734104046242775,2699066062.0,4969124197.0,0.54316735806875225099148392245346811161620881499573,5388203305,419079108.0,0.50092134784435347136553526908910873028017638989218,0.57869849994459331188877625321897537420407339288398,0.92222284789976015947675901587013335607610299700820,vdem_e_wb_pop,9b731512a9848138113cd2c395175fe8196fb41d7758cd8b88cf7e87e1175c00,a0801177c4565d233b5ce9b7fa147b8dc643a5df08c3f4dcf359d488736f6c57
1991,Q1_midpoint_binary,democracy,65,173,0.37572254335260115606936416184971098265895953757225,2270058135.0,4969124197.0,0.45683264193124774900851607754653188838379118500427,5388203305,419079108.0,0.42130150005540668811122374678102462579592660711602,0.49907865215564652863446473091089126971982361010782,0.92222284789976015947675901587013335607610299700820,vdem_e_wb_pop,9b731512a9848138113cd2c395175fe8196fb41d7758cd8b88cf7e87e1175c00,a0801177c4565d233b5ce9b7fa147b8dc643a5df08c3f4dcf359d488736f6c57
1991,Q2_boundary_autocracy,autocracy,117,173,0.67630057803468208092485549132947976878612716763006,2828188859.0,4969124197.0,0.56915237914710546728562679150923222537438220524316,5388203305,419079108.0,0.52488532798596767127739252964212344248209468777645,0.60266248008620751180063351377199008640599169076825,0.92222284789976015947675901587013335607610299700820,vdem_e_wb_pop,9b731512a9848138113cd2c395175fe8196fb41d7758cd8b88cf7e87e1175c00,a0801177c4565d233b5ce9b7fa147b8dc643a5df08c3f4dcf359d488736f6c57
1991,Q2_boundary_autocracy,democracy,56,173,0.32369942196531791907514450867052023121387283236994,2140935338.0,4969124197.0,0.43084762085289453271437320849076777462561779475684,5388203305,419079108.0,0.39733751991379248819936648622800991359400830923175,0.47511467201403232872260747035787655751790531222355,0.92222284789976015947675901587013335607610299700820,vdem_e_wb_pop,9b731512a9848138113cd2c395175fe8196fb41d7758cd8b88cf7e87e1175c00,a0801177c4565d233b5ce9b7fa147b8dc643a5df08c3f4dcf359d488736f6c57
1991,Q3_boundary_democracy,autocracy,101,173,0.58381502890173410404624277456647398843930635838150,2557132916.0,4969124197.0,0.51460434769245917481341632081569805851242240544868,5388203305,419079108.0,0.47457988707053807057490010577839545718477673514585,0.55235703917077791109814108990826210110867373813765,0.92222284789976015947675901587013335607610299700820,vdem_e_wb_pop,9b731512a9848138113cd2c395175fe8196fb41d7758cd8b88cf7e87e1175c00,a0801177c4565d233b5ce9b7fa147b8dc643a5df08c3f4dcf359d488736f6c57
1991,Q3_boundary_democracy,democracy,72,173,0.41618497109826589595375722543352601156069364161850,2411991281.0,4969124197.0,0.48539565230754082518658367918430194148757759455132,5388203305,419079108.0,0.44764296082922208890185891009173789889132626186235,0.52542011292946192942509989422160454281522326485415,0.92222284789976015947675901587013335607610299700820,vdem_e_wb_pop,9b731512a9848138113cd2c395175fe8196fb41d7758cd8b88cf7e87e1175c00,a0801177c4565d233b5ce9b7fa147b8dc643a5df08c3f4dcf359d488736f6c57
1992,Q0_three_state,autocracy,99,174,0.56896551724137931034482758620689655172413793103448,2689417861.0,5353816274.0,0.50233659941988513593882807193245122553863715197037,5476822930,123006656.0,0.49105437502249136982779905210483041853609826308553,0.51351386614940278889023713607626164390164061776596,0.97754050887308858093756191602856877463445764531956,vdem_e_wb_pop,9b731512a9848138113cd2c395175fe8196fb41d7758cd8b88cf7e87e1175c00,a0801177c4565d233b5ce9b7fa147b8dc643a5df08c3f4dcf359d488736f6c57
1992,Q0_three_state,boundary,17,174,0.097701149425287356321839080459770114942528735632184,551378181.0,5353816274.0,0.10298787869835669299248725022647275101469049776361,5476822930,123006656.0,0.10067482335055152129959403306836505667346817071554,0.12313431447746294036203211703979628203901052539597,0.97754050887308858093756191602856877463445764531956,vdem_e_wb_pop,9b731512a9848138113cd2c395175fe8196fb41d7758cd8b88cf7e87e1175c00,a0801177c4565d233b5ce9b7fa147b8dc643a5df08c3f4dcf359d488736f6c57
1992,Q0_three_state,democracy,58,174,0.33333333333333333333333333333333333333333333333333,2113020232.0,5353816274.0,0.39467552188175817106868467784107602344667235026601,5476822930,123006656.0,0.38581131050004568981016883085537329942489121151850,0.40827080162695710887260691482680452479043356619893,0.97754050887308858093756191602856877463445764531956,vdem_e_wb_pop,9b731512a9848138113cd2c395175fe8196fb41d7758cd8b88cf7e87e1175c00,a0801177c4565d233b5ce9b7fa147b8dc643a5df08c3f4dcf359d488736f6c57
1992,Q1_midpoint_binary,autocracy,106,174,0.60919540229885057471264367816091954022988505747126,2927243166.0,5353816274.0,0.54675824051260672752775901476517496199758460370357,5476822930,123006656.0,0.53447832866124813715677311481019526041167812595322,0.55693781978815955621921119878162648577722048063365,0.97754050887308858093756191602856877463445764531956,vdem_e_wb_pop,9b731512a9848138113cd2c395175fe8196fb41d7758cd8b88cf7e87e1175c00,a0801177c4565d233b5ce9b7fa147b8dc643a5df08c3f4dcf359d488736f6c57
1992,Q1_midpoint_binary,democracy,68,174,0.39080459770114942528735632183908045977011494252874,2426573108.0,5353816274.0,0.45324175948739327247224098523482503800241539629643,5476822930,123006656.0,0.44306218021184044378078880121837351422277951936635,0.46552167133875186284322688518980473958832187404678,0.97754050887308858093756191602856877463445764531956,vdem_e_wb_pop,9b731512a9848138113cd2c395175fe8196fb41d7758cd8b88cf7e87e1175c00,a0801177c4565d233b5ce9b7fa147b8dc643a5df08c3f4dcf359d488736f6c57
1992,Q2_boundary_autocracy,autocracy,116,174,0.66666666666666666666666666666666666666666666666667,3240796042.0,5353816274.0,0.60532447811824182893131532215892397655332764973399,5476822930,123006656.0,0.59172919837304289112739308517319547520956643380107,0.61418868949995431018983116914462670057510878848150,0.97754050887308858093756191602856877463445764531956,vdem_e_wb_pop,9b731512a9848138113cd2c395175fe8196fb41d7758cd8b88cf7e87e1175c00,a0801177c4565d233b5ce9b7fa147b8dc643a5df08c3f4dcf359d488736f6c57
1992,Q2_boundary_autocracy,democracy,58,174,0.33333333333333333333333333333333333333333333333333,2113020232.0,5353816274.0,0.39467552188175817106868467784107602344667235026601,5476822930,123006656.0,0.38581131050004568981016883085537329942489121151850,0.40827080162695710887260691482680452479043356619893,0.97754050887308858093756191602856877463445764531956,vdem_e_wb_pop,9b731512a9848138113cd2c395175fe8196fb41d7758cd8b88cf7e87e1175c00,a0801177c4565d233b5ce9b7fa147b8dc643a5df08c3f4dcf359d488736f6c57
1992,Q3_boundary_democracy,autocracy,99,174,0.56896551724137931034482758620689655172413793103448,2689417861.0,5353816274.0,0.50233659941988513593882807193245122553863715197037,5476822930,123006656.0,0.49105437502249136982779905210483041853609826308553,0.51351386614940278889023713607626164390164061776596,0.97754050887308858093756191602856877463445764531956,vdem_e_wb_pop,9b731512a9848138113cd2c395175fe8196fb41d7758cd8b88cf7e87e1175c00,a0801177c4565d233b5ce9b7fa147b8dc643a5df08c3f4dcf359d488736f6c57
1992,Q3_boundary_democracy,democracy,75,174,0.43103448275862068965517241379310344827586206896552,2664398413.0,5353816274.0,0.49766340058011486406117192806754877446136284802963,5476822930,123006656.0,0.48648613385059721110976286392373835609835938223404,0.50894562497750863017220094789516958146390173691447,0.97754050887308858093756191602856877463445764531956,vdem_e_wb_pop,9b731512a9848138113cd2c395175fe8196fb41d7758cd8b88cf7e87e1175c00,a0801177c4565d233b5ce9b7fa147b8dc643a5df08c3f4dcf359d488736f6c57
1993,Q0_three_state,autocracy,93,175,0.53142857142857142857142857142857142857142857142857,2766469825.0,5512181624.0,0.50188292289840556966379088963052644144876602128450,5564459142,52277518.0,0.49716778475718386360289317764569184071834451794776,0.50656268130794013475029663538861150290031188803003,0.99060510344924372885259654225708033781803262991773,vdem_e_wb_pop,9b731512a9848138113cd2c395175fe8196fb41d7758cd8b88cf7e87e1175c00,a0801177c4565d233b5ce9b7fa147b8dc643a5df08c3f4dcf359d488736f6c57
1993,Q0_three_state,boundary,22,175,0.12571428571428571428571428571428571428571428571429,582717165.0,5512181624.0,0.10571443481884805180359927849866508680193662646266,5564459142,52277518.0,0.10472125863980330758981786409889322537144437532110,0.11411615519055957873722132184181288755341174540338,0.99060510344924372885259654225708033781803262991773,vdem_e_wb_pop,9b731512a9848138113cd2c395175fe8196fb41d7758cd8b88cf7e87e1175c00,a0801177c4565d233b5ce9b7fa147b8dc643a5df08c3f4dcf359d488736f6c57
1993,Q0_three_state,democracy,60,175,0.34285714285714285714285714285714285714285714285714,2162994634.0,5512181624.0,0.39240264228274637853260983187080847174929735225285,5564459142,52277518.0,0.38871606005225655765988550051249527172824373664886,0.39811095660301282880728895825541493391021110673113,0.99060510344924372885259654225708033781803262991773,vdem_e_wb_pop,9b731512a9848138113cd2c395175fe8196fb41d7758cd8b88cf7e87e1175c00,a0801177c4565d233b5ce9b7fa147b8dc643a5df08c3f4dcf359d488736f6c57
1993,Q1_midpoint_binary,autocracy,102,175,0.58285714285714285714285714285714285714285714285714,3014732984.0,5512181624.0,0.54692192486435385279314954590110218762994809475821,5564459142,52277518.0,0.54178364995891275429190670477565706241284141681636,0.55117854650966902543931016251857672459480878689863,0.99060510344924372885259654225708033781803262991773,vdem_e_wb_pop,9b731512a9848138113cd2c395175fe8196fb41d7758cd8b88cf7e87e1175c00,a0801177c4565d233b5ce9b7fa147b8dc643a5df08c3f4dcf359d488736f6c57
1993,Q1_midpoint_binary,democracy,73,175,0.41714285714285714285714285714285714285714285714286,2497448640.0,5512181624.0,0.45307807513564614720685045409889781237005190524179,5564459142,52277518.0,0.44882145349033097456068983748142327540519121310137,0.45821635004108724570809329522434293758715858318364,0.99060510344924372885259654225708033781803262991773,vdem_e_wb_pop,9b731512a9848138113cd2c395175fe8196fb41d7758cd8b88cf7e87e1175c00,a0801177c4565d233b5ce9b7fa147b8dc643a5df08c3f4dcf359d488736f6c57
1993,Q2_boundary_autocracy,autocracy,115,175,0.65714285714285714285714285714285714285714285714286,3349186990.0,5512181624.0,0.60759735771725362146739016812919152825070264774715,5564459142,52277518.0,0.60188904339698717119271104174458506608978889326887,0.61128393994774344234011449948750472827175626335114,0.99060510344924372885259654225708033781803262991773,vdem_e_wb_pop,9b731512a9848138113cd2c395175fe8196fb41d7758cd8b88cf7e87e1175c00,a0801177c4565d233b5ce9b7fa147b8dc643a5df08c3f4dcf359d488736f6c57
1993,Q2_boundary_autocracy,democracy,60,175,0.34285714285714285714285714285714285714285714285714,2162994634.0,5512181624.0,0.39240264228274637853260983187080847174929735225285,5564459142,52277518.0,0.38871606005225655765988550051249527172824373664886,0.39811095660301282880728895825541493391021110673113,0.99060510344924372885259654225708033781803262991773,vdem_e_wb_pop,9b731512a9848138113cd2c395175fe8196fb41d7758cd8b88cf7e87e1175c00,a0801177c4565d233b5ce9b7fa147b8dc643a5df08c3f4dcf359d488736f6c57
1993,Q3_boundary_democracy,autocracy,93,175,0.53142857142857142857142857142857142857142857142857,2766469825.0,5512181624.0,0.50188292289840556966379088963052644144876602128450,5564459142,52277518.0,0.49716778475718386360289317764569184071834451794776,0.50656268130794013475029663538861150290031188803003,0.99060510344924372885259654225708033781803262991773,vdem_e_wb_pop,9b731512a9848138113cd2c395175fe8196fb41d7758cd8b88cf7e87e1175c00,a0801177c4565d233b5ce9b7fa147b8dc643a5df08c3f4dcf359d488736f6c57
1993,Q3_boundary_democracy,democracy,82,175,0.46857142857142857142857142857142857142857142857143,2745711799.0,5512181624.0,0.49811707710159443033620911036947355855123397871550,5564459142,52277518.0,0.49343731869205986524970336461138849709968811196997,0.50283221524281613639710682235430815928165548205224,0.99060510344924372885259654225708033781803262991773,vdem_e_wb_pop,9b731512a9848138113cd2c395175fe8196fb41d7758cd8b88cf7e87e1175c00,a0801177c4565d233b5ce9b7fa147b8dc643a5df08c3f4dcf359d488736f6c57
1994,Q0_three_state,autocracy,88,175,0.50285714285714285714285714285714285714285714285714,2675382030.0,5597538727.0,0.47795685934161827193375307218307701044691673465933,5650534421,52995694.0,0.47347415848968951887391750126284205498869573207755,0.48285304021157470620069690572724678567177955785786,0.99062111827811481267322059553559526931691617421969,vdem_e_wb_pop,9b731512a9848138113cd2c395175fe8196fb41d7758cd8b88cf7e87e1175c00,a0801177c4565d233b5ce9b7fa147b8dc643a5df08c3f4dcf359d488736f6c57
1994,Q0_three_state,boundary,24,175,0.13714285714285714285714285714285714285714285714286,719384322.0,5597538727.0,0.12851797139518030886148793589222093826882066340012,5650534421,52995694.0,0.12731261654232828891566538074186876986728119605592,0.13669149826421347624244478520627350055036502183622,0.99062111827811481267322059553559526931691617421969,vdem_e_wb_pop,9b731512a9848138113cd2c395175fe8196fb41d7758cd8b88cf7e87e1175c00,a0801177c4565d233b5ce9b7fa147b8dc643a5df08c3f4dcf359d488736f6c57
1994,Q0_three_state,democracy,63,175,0.36,2202772375.0,5597538727.0,0.39352516926320141920475899192470205128426260194055,5650534421,52995694.0,0.38983434324609700488363771353088444446093924608622,0.39921322496798219221041711799528917514402307186653,0.99062111827811481267322059553559526931691617421969,vdem_e_wb_pop,9b731512a9848138113cd2c395175fe8196fb41d7758cd8b88cf7e87e1175c00,a0801177c4565d233b5ce9b7fa147b8dc643a5df08c3f4dcf359d488736f6c57
1994,Q1_midpoint_binary,autocracy,98,175,0.56,2986498051.0,5597538727.0,0.53353772017591974044773768297682025130542701111713,5650534421,52995694.0,0.52853373300422551306143083134047507822446375289499,0.53791261472611070038821023580487980890754757867530,0.99062111827811481267322059553559526931691617421969,vdem_e_wb_pop,9b731512a9848138113cd2c395175fe8196fb41d7758cd8b88cf7e87e1175c00,a0801177c4565d233b5ce9b7fa147b8dc643a5df08c3f4dcf359d488736f6c57
1994,Q1_midpoint_binary,democracy,77,175,0.44,2611040676.0,5597538727.0,0.46646227982408025955226231702317974869457298888287,5650534421,52995694.0,0.46208738527388929961178976419512019109245242132470,0.47146626699577448693856916865952492177553624710501,0.99062111827811481267322059553559526931691617421969,vdem_e_wb_pop,9b731512a9848138113cd2c395175fe8196fb41d7758cd8b88cf7e87e1175c00,a0801177c4565d233b5ce9b7fa147b8dc643a5df08c3f4dcf359d488736f6c57
1994,Q2_boundary_autocracy,autocracy,112,175,0.64,3394766352.0,5597538727.0,0.60647483073679858079524100807529794871573739805945,5650534421,52995694.0,0.60078677503201780778958288200471082485597692813347,0.61016565675390299511636228646911555553906075391378,0.99062111827811481267322059553559526931691617421969,vdem_e_wb_pop,9b731512a9848138113cd2c395175fe8196fb41d7758cd8b88cf7e87e1175c00,a0801177c4565d233b5ce9b7fa147b8dc643a5df08c3f4dcf359d488736f6c57
1994,Q2_boundary_autocracy,democracy,63,175,0.36,2202772375.0,5597538727.0,0.39352516926320141920475899192470205128426260194055,5650534421,52995694.0,0.38983434324609700488363771353088444446093924608622,0.39921322496798219221041711799528917514402307186653,0.99062111827811481267322059553559526931691617421969,vdem_e_wb_pop,9b731512a9848138113cd2c395175fe8196fb41d7758cd8b88cf7e87e1175c00,a0801177c4565d233b5ce9b7fa147b8dc643a5df08c3f4dcf359d488736f6c57
1994,Q3_boundary_democracy,autocracy,88,175,0.50285714285714285714285714285714285714285714285714,2675382030.0,5597538727.0,0.47795685934161827193375307218307701044691673465933,5650534421,52995694.0,0.47347415848968951887391750126284205498869573207755,0.48285304021157470620069690572724678567177955785786,0.99062111827811481267322059553559526931691617421969,vdem_e_wb_pop,9b731512a9848138113cd2c395175fe8196fb41d7758cd8b88cf7e87e1175c00,a0801177c4565d233b5ce9b7fa147b8dc643a5df08c3f4dcf359d488736f6c57
1994,Q3_boundary_democracy,democracy,87,175,0.49714285714285714285714285714285714285714285714286,2922156697.0,5597538727.0,0.52204314065838172806624692781692298955308326534067,5650534421,52995694.0,0.51714695978842529379930309427275321432822044214214,0.52652584151031048112608249873715794501130426792245,0.99062111827811481267322059553559526931691617421969,vdem_e_wb_pop,9b731512a9848138113cd2c395175fe8196fb41d7758cd8b88cf7e87e1175c00,a0801177c4565d233b5ce9b7fa147b8dc643a5df08c3f4dcf359d488736f6c57
1995,Q0_three_state,autocracy,85,175,0.48571428571428571428571428571428571428571428571429,2630598624.0,5682472550.0,0.46293204249618416546508438478950505445028502601390,5736205135,53732585.0,0.45859563284254826427158449241895879304183914963843,0.46796290331761296050651089555220378289347910497974,0.99063272952493530376507359686675501014836004465869,vdem_e_wb_pop,9b731512a9848138113cd2c395175fe8196fb41d7758cd8b88cf7e87e1175c00,a0801177c4565d233b5ce9b7fa147b8dc643a5df08c3f4dcf359d488736f6c57
1995,Q0_three_state,boundary,26,175,0.14857142857142857142857142857142857142857142857143,767967971.0,5682472550.0,0.13514679820142729945963399330455190672236507328135,5736205135,53732585.0,0.13388084158883554292554078960776217079970240638892,0.14324811206390023916046719274100716065134236173023,0.99063272952493530376507359686675501014836004465869,vdem_e_wb_pop,9b731512a9848138113cd2c395175fe8196fb41d7758cd8b88cf7e87e1175c00,a0801177c4565d233b5ce9b7fa147b8dc643a5df08c3f4dcf359d488736f6c57
1995,Q0_three_state,democracy,64,175,0.36571428571428571428571428571428571428571428571429,2283905955.0,5682472550.0,0.40192115930238853507528162190594303882734990070476,5736205135,53732585.0,0.39815625509355149656794831484003404630681848863133,0.40752352556861619280287471797327903615845844397265,0.99063272952493530376507359686675501014836004465869,vdem_e_wb_pop,9b731512a9848138113cd2c395175fe8196fb41d7758cd8b88cf7e87e1175c00,a0801177c4565d233b5ce9b7fa147b8dc643a5df08c3f4dcf359d488736f6c57
1995,Q1_midpoint_binary,autocracy,96,175,0.54857142857142857142857142857142857142857142857143,2966570102.0,5682472550.0,0.52205621336437428105130045898769893749860701042894,5736205135,53732585.0,0.51716597161060210236013465024032826887387806084798,0.52653324208566679859506105337357325872551801618929,0.99063272952493530376507359686675501014836004465869,vdem_e_wb_pop,9b731512a9848138113cd2c395175fe8196fb41d7758cd8b88cf7e87e1175c00,a0801177c4565d233b5ce9b7fa147b8dc643a5df08c3f4dcf359d488736f6c57
1995,Q1_midpoint_binary,democracy,79,175,0.45142857142857142857142857142857142857142857142857,2715902448.0,5682472550.0,0.47794378663562571894869954101230106250139298957106,5736205135,53732585.0,0.47346675791433320140493894662642674127448198381071,0.48283402838939789763986534975967173112612193915202,0.99063272952493530376507359686675501014836004465869,vdem_e_wb_pop,9b731512a9848138113cd2c395175fe8196fb41d7758cd8b88cf7e87e1175c00,a0801177c4565d233b5ce9b7fa147b8dc643a5df08c3f4dcf359d488736f6c57
1995,Q2_boundary_autocracy,autocracy,111,175,0.63428571428571428571428571428571428571428571428571,3398566595.0,5682472550.0,0.59807884069761146492471837809405696117265009929524,5736205135,53732585.0,0.59247647443138380719712528202672096384154155602735,0.60184374490644850343205168515996595369318151136867,0.99063272952493530376507359686675501014836004465869,vdem_e_wb_pop,9b731512a9848138113cd2c395175fe8196fb41d7758cd8b88cf7e87e1175c00,a0801177c4565d233b5ce9b7fa147b8dc643a5df08c3f4dcf359d488736f6c57
1995,Q2_boundary_autocracy,democracy,64,175,0.36571428571428571428571428571428571428571428571429,2283905955.0,5682472550.0,0.40192115930238853507528162190594303882734990070476,5736205135,53732585.0,0.39815625509355149656794831484003404630681848863133,0.40752352556861619280287471797327903615845844397265,0.99063272952493530376507359686675501014836004465869,vdem_e_wb_pop,9b731512a9848138113cd2c395175fe8196fb41d7758cd8b88cf7e87e1175c00,a0801177c4565d233b5ce9b7fa147b8dc643a5df08c3f4dcf359d488736f6c57
1995,Q3_boundary_democracy,autocracy,85,175,0.48571428571428571428571428571428571428571428571429,2630598624.0,5682472550.0,0.46293204249618416546508438478950505445028502601390,5736205135,53732585.0,0.45859563284254826427158449241895879304183914963843,0.46796290331761296050651089555220378289347910497974,0.99063272952493530376507359686675501014836004465869,vdem_e_wb_pop,9b731512a9848138113cd2c395175fe8196fb41d7758cd8b88cf7e87e1175c00,a0801177c4565d233b5ce9b7fa147b8dc643a5df08c3f4dcf359d488736f6c57
1995,Q3_boundary_democracy,democracy,90,175,0.51428571428571428571428571428571428571428571428571,3051873926.0,5682472550.0,0.53706795750381583453491561521049494554971497398610,5736205135,53732585.0,0.53203709668238703949348910444779621710652089502026,0.54140436715745173572841550758104120695816085036157,0.99063272952493530376507359686675501014836004465869,vdem_e_wb_pop,9b731512a9848138113cd2c395175fe8196fb41d7758cd8b88cf7e87e1175c00,a0801177c4565d233b5ce9b7fa147b8dc643a5df08c3f4dcf359d488736f6c57
1996,Q0_three_state,autocracy,85,175,0.48571428571428571428571428571428571428571428571429,2679994292.0,5767744485.0,0.46465204881557786275617235495479824467293474426511,5822327903,54583418.0,0.46029600816867630823299578769876781362720855332081,0.46967085254524868693229282727328385578904761317769,0.99062515562342762130070296042548395783816094014312,vdem_e_wb_pop,9b731512a9848138113cd2c395175fe8196fb41d7758cd8b88cf7e87e1175c00,a0801177c4565d233b5ce9b7fa147b8dc643a5df08c3f4dcf359d488736f6c57
1996,Q0_three_state,boundary,25,175,0.14285714285714285714285714285714285714285714285714,724384570.0,5767744485.0,0.12559234756045196062460454157930680245798024459469,5822327903,54583418.0,0.12441493884718433385698648103090184201190291497741,0.13378978322375671255628352060541788417374197483429,0.99062515562342762130070296042548395783816094014312,vdem_e_wb_pop,9b731512a9848138113cd2c395175fe8196fb41d7758cd8b88cf7e87e1175c00,a0801177c4565d233b5ce9b7fa147b8dc643a5df08c3f4dcf359d488736f6c57
1996,Q0_three_state,democracy,65,175,0.37142857142857142857142857142857142857142857142857,2363365623.0,5767744485.0,0.40975560362397017661922310346589495286908501114019,5822327903,54583418.0,0.40591420860756697921072069169581430219904947184490,0.41528905298413935791001773127033034436088853170178,0.99062515562342762130070296042548395783816094014312,vdem_e_wb_pop,9b731512a9848138113cd2c395175fe8196fb41d7758cd8b88cf7e87e1175c00,a0801177c4565d233b5ce9b7fa147b8dc643a5df08c3f4dcf359d488736f6c57
1996,Q1_midpoint_binary,autocracy,94,175,0.53714285714285714285714285714285714285714285714286,2916480808.0,5767744485.0,0.50565360785048715624579198050240951337843462044418,5822327903,54583418.0,0.50091318396843648192584456712279401141794469626937,0.51028802834500886062514160669731005357978375612625,0.99062515562342762130070296042548395783816094014312,vdem_e_wb_pop,9b731512a9848138113cd2c395175fe8196fb41d7758cd8b88cf7e87e1175c00,a0801177c4565d233b5ce9b7fa147b8dc643a5df08c3f4dcf359d488736f6c57
1996,Q1_midpoint_binary,democracy,81,175,0.46285714285714285714285714285714285714285714285714,2851263677.0,5767744485.0,0.49434639214951284375420801949759048662156537955582,5822327903,54583418.0,0.48971197165499113937485839330268994642021624387375,0.49908681603156351807415543287720598858205530373063,0.99062515562342762130070296042548395783816094014312,vdem_e_wb_pop,9b731512a9848138113cd2c395175fe8196fb41d7758cd8b88cf7e87e1175c00,a0801177c4565d233b5ce9b7fa147b8dc643a5df08c3f4dcf359d488736f6c57
1996,Q2_boundary_autocracy,autocracy,110,175,0.62857142857142857142857142857142857142857142857143,3404378862.0,5767744485.0,0.59024439637602982338077689653410504713091498885981,5822327903,54583418.0,0.58471094701586064208998226872966965563911146829822,0.59408579139243302078927930830418569780095052815510,0.99062515562342762130070296042548395783816094014312,vdem_e_wb_pop,9b731512a9848138113cd2c395175fe8196fb41d7758cd8b88cf7e87e1175c00,a0801177c4565d233b5ce9b7fa147b8dc643a5df08c3f4dcf359d488736f6c57
1996,Q2_boundary_autocracy,democracy,65,175,0.37142857142857142857142857142857142857142857142857,2363365623.0,5767744485.0,0.40975560362397017661922310346589495286908501114019,5822327903,54583418.0,0.40591420860756697921072069169581430219904947184490,0.41528905298413935791001773127033034436088853170178,0.99062515562342762130070296042548395783816094014312,vdem_e_wb_pop,9b731512a9848138113cd2c395175fe8196fb41d7758cd8b88cf7e87e1175c00,a0801177c4565d233b5ce9b7fa147b8dc643a5df08c3f4dcf359d488736f6c57
1996,Q3_boundary_democracy,autocracy,85,175,0.48571428571428571428571428571428571428571428571429,2679994292.0,5767744485.0,0.46465204881557786275617235495479824467293474426511,5822327903,54583418.0,0.46029600816867630823299578769876781362720855332081,0.46967085254524868693229282727328385578904761317769,0.99062515562342762130070296042548395783816094014312,vdem_e_wb_pop,9b731512a9848138113cd2c395175fe8196fb41d7758cd8b88cf7e87e1175c00,a0801177c4565d233b5ce9b7fa147b8dc643a5df08c3f4dcf359d488736f6c57
1996,Q3_boundary_democracy,democracy,90,175,0.51428571428571428571428571428571428571428571428571,3087750193.0,5767744485.0,0.53534795118442213724382764504520175532706525573489,5822327903,54583418.0,0.53032914745475131306770717272671614421095238682231,0.53970399183132369176700421230123218637279144667919,0.99062515562342762130070296042548395783816094014312,vdem_e_wb_pop,9b731512a9848138113cd2c395175fe8196fb41d7758cd8b88cf7e87e1175c00,a0801177c4565d233b5ce9b7fa147b8dc643a5df08c3f4dcf359d488736f6c57
1997,Q0_three_state,autocracy,82,175,0.46857142857142857142857142857142857142857142857143,2661565520.0,5852975535.0,0.45473716814365601136926672631308034333001872012780,5908180322,55204787.0,0.45048820024826588222741790581387742552384473413505,0.45983198868925788348678637368102997449440406568552,0.99065621155900799874063153213284745102944066844952,vdem_e_wb_pop,9b731512a9848138113cd2c395175fe8196fb41d7758cd8b88cf7e87e1175c00,a0801177c4565d233b5ce9b7fa147b8dc643a5df08c3f4dcf359d488736f6c57
1997,Q0_three_state,boundary,25,175,0.14285714285714285714285714285714285714285714285714,777089591.0,5852975535.0,0.13276829645931537282600310749462239124155163583816,5908180322,55204787.0,0.13152773758552862259778536258426677045487779883642,0.14087152602652062385715383045141931942543713038689,0.99065621155900799874063153213284745102944066844952,vdem_e_wb_pop,9b731512a9848138113cd2c395175fe8196fb41d7758cd8b88cf7e87e1175c00,a0801177c4565d233b5ce9b7fa147b8dc643a5df08c3f4dcf359d488736f6c57
1997,Q0_three_state,democracy,68,175,0.38857142857142857142857142857142857142857142857143,2414320424.0,5852975535.0,0.41249453539702861580473016619229726542842964403404,5908180322,55204787.0,0.40864027372521349391542826373470325505071813547806,0.41798406216620549517479673160185580402127746702854,0.99065621155900799874063153213284745102944066844952,vdem_e_wb_pop,9b731512a9848138113cd2c395175fe8196fb41d7758cd8b88cf7e87e1175c00,a0801177c4565d233b5ce9b7fa147b8dc643a5df08c3f4dcf359d488736f6c57
1997,Q1_midpoint_binary,autocracy,93,175,0.53142857142857142857142857142857142857142857142857,2958366268.0,5852975535.0,0.50544654600200716540326355558566331851240174370556,5908180322,55204787.0,0.50072376040793427902419394030133665916908349907334,0.51006754884892628028356240816848920813964283062381,0.99065621155900799874063153213284745102944066844952,vdem_e_wb_pop,9b731512a9848138113cd2c395175fe8196fb41d7758cd8b88cf7e87e1175c00,a0801177c4565d233b5ce9b7fa147b8dc643a5df08c3f4dcf359d488736f6c57
1997,Q1_midpoint_binary,democracy,82,175,0.46857142857142857142857142857142857142857142857143,2894609267.0,5852975535.0,0.49455345399799283459673644441433668148759825629444,5908180322,55204787.0,0.48993245115107371971643759183151079186035716937619,0.49927623959206572097580605969866334083091650092666,0.99065621155900799874063153213284745102944066844952,vdem_e_wb_pop,9b731512a9848138113cd2c395175fe8196fb41d7758cd8b88cf7e87e1175c00,a0801177c4565d233b5ce9b7fa147b8dc643a5df08c3f4dcf359d488736f6c57
1997,Q2_boundary_autocracy,autocracy,107,175,0.61142857142857142857142857142857142857142857142857,3438655111.0,5852975535.0,0.58750546460297138419526983380770273457157035596596,5908180322,55204787.0,0.58201593783379450482520326839814419597872253297146,0.59135972627478650608457173626529674494928186452194,0.99065621155900799874063153213284745102944066844952,vdem_e_wb_pop,9b731512a9848138113cd2c395175fe8196fb41d7758cd8b88cf7e87e1175c00,a0801177c4565d233b5ce9b7fa147b8dc643a5df08c3f4dcf359d488736f6c57
1997,Q2_boundary_autocracy,democracy,68,175,0.38857142857142857142857142857142857142857142857143,2414320424.0,5852975535.0,0.41249453539702861580473016619229726542842964403404,5908180322,55204787.0,0.40864027372521349391542826373470325505071813547806,0.41798406216620549517479673160185580402127746702854,0.99065621155900799874063153213284745102944066844952,vdem_e_wb_pop,9b731512a9848138113cd2c395175fe8196fb41d7758cd8b88cf7e87e1175c00,a0801177c4565d233b5ce9b7fa147b8dc643a5df08c3f4dcf359d488736f6c57
1997,Q3_boundary_democracy,autocracy,82,175,0.46857142857142857142857142857142857142857142857143,2661565520.0,5852975535.0,0.45473716814365601136926672631308034333001872012780,5908180322,55204787.0,0.45048820024826588222741790581387742552384473413505,0.45983198868925788348678637368102997449440406568552,0.99065621155900799874063153213284745102944066844952,vdem_e_wb_pop,9b731512a9848138113cd2c395175fe8196fb41d7758cd8b88cf7e87e1175c00,a0801177c4565d233b5ce9b7fa147b8dc643a5df08c3f4dcf359d488736f6c57
1997,Q3_boundary_democracy,democracy,93,175,0.53142857142857142857142857142857142857142857142857,3191410015.0,5852975535.0,0.54526283185634398863073327368691965666998127987220,5908180322,55204787.0,0.54016801131074211651321362631897002550559593431448,0.54951179975173411777258209418612257447615526586495,0.99065621155900799874063153213284745102944066844952,vdem_e_wb_pop,9b731512a9848138113cd2c395175fe8196fb41d7758cd8b88cf7e87e1175c00,a0801177c4565d233b5ce9b7fa147b8dc643a5df08c3f4dcf359d488736f6c57
1998,Q0_three_state,autocracy,83,176,0.47159090909090909090909090909090909090909090909091,2704431841.0,5938127861.0,0.45543509744240584650489391003027443905017659234940,5993730786,55602925.0,0.45121009560805455902570129215009424348876653066279,0.46048694286483757330371361127062806320710848156536,0.99072315274321698572198768087946618028165804909744,vdem_e_wb_pop,9b731512a9848138113cd2c395175fe8196fb41d7758cd8b88cf7e87e1175c00,a0801177c4565d233b5ce9b7fa147b8dc643a5df08c3f4dcf359d488736f6c57
1998,Q0_three_state,boundary,24,176,0.13636363636363636363636363636363636363636363636364,654337045.0,5938127861.0,0.11019248158961122780714067887936305250265139078655,5993730786,55602925.0,0.10917024276905853008393693977299033130114296061078,0.11844709002584154436194925889352415101948491151334,0.99072315274321698572198768087946618028165804909744,vdem_e_wb_pop,9b731512a9848138113cd2c395175fe8196fb41d7758cd8b88cf7e87e1175c00,a0801177c4565d233b5ce9b7fa147b8dc643a5df08c3f4dcf359d488736f6c57
1998,Q0_three_state,democracy,69,176,0.39204545454545454545454545454545454545454545454545,2579358975.0,5938127861.0,0.43437242096798292568796541109036250844717201686405,5993730786,55602925.0,0.43034281436610389661234944895638160549174855782386,0.43961966162288691089036176807691542521009050872643,0.99072315274321698572198768087946618028165804909744,vdem_e_wb_pop,9b731512a9848138113cd2c395175fe8196fb41d7758cd8b88cf7e87e1175c00,a0801177c4565d233b5ce9b7fa147b8dc643a5df08c3f4dcf359d488736f6c57
1998,Q1_midpoint_binary,autocracy,92,176,0.52272727272727272727272727272727272727272727272727,2989986276.0,5938127861.0,0.50352339087162677044956273972019815354393562122727,5993730786,55602925.0,0.49885228128429323819149591014013220980192352603272,0.50812912854107625246950822926066602952026547693529,0.99072315274321698572198768087946618028165804909744,vdem_e_wb_pop,9b731512a9848138113cd2c395175fe8196fb41d7758cd8b88cf7e87e1175c00,a0801177c4565d233b5ce9b7fa147b8dc643a5df08c3f4dcf359d488736f6c57
1998,Q1_midpoint_binary,democracy,84,176,0.47727272727272727272727272727272727272727272727273,2948141585.0,5938127861.0,0.49647660912837322955043726027980184645606437877273,5993730786,55602925.0,0.49187087145892374753049177073933397047973452306471,0.50114771871570676180850408985986779019807647396728,0.99072315274321698572198768087946618028165804909744,vdem_e_wb_pop,9b731512a9848138113cd2c395175fe8196fb41d7758cd8b88cf7e87e1175c00,a0801177c4565d233b5ce9b7fa147b8dc643a5df08c3f4dcf359d488736f6c57
1998,Q2_boundary_autocracy,autocracy,107,176,0.60795454545454545454545454545454545454545454545455,3358768886.0,5938127861.0,0.56562757903201707431203458890963749155282798313595,5993730786,55602925.0,0.56038033837711308910963823192308457478990949127357,0.56965718563389610338765055104361839450825144217614,0.99072315274321698572198768087946618028165804909744,vdem_e_wb_pop,9b731512a9848138113cd2c395175fe8196fb41d7758cd8b88cf7e87e1175c00,a0801177c4565d233b5ce9b7fa147b8dc643a5df08c3f4dcf359d488736f6c57
1998,Q2_boundary_autocracy,democracy,69,176,0.39204545454545454545454545454545454545454545454545,2579358975.0,5938127861.0,0.43437242096798292568796541109036250844717201686405,5993730786,55602925.0,0.43034281436610389661234944895638160549174855782386,0.43961966162288691089036176807691542521009050872643,0.99072315274321698572198768087946618028165804909744,vdem_e_wb_pop,9b731512a9848138113cd2c395175fe8196fb41d7758cd8b88cf7e87e1175c00,a0801177c4565d233b5ce9b7fa147b8dc643a5df08c3f4dcf359d488736f6c57
1998,Q3_boundary_democracy,autocracy,83,176,0.47159090909090909090909090909090909090909090909091,2704431841.0,5938127861.0,0.45543509744240584650489391003027443905017659234940,5993730786,55602925.0,0.45121009560805455902570129215009424348876653066279,0.46048694286483757330371361127062806320710848156536,0.99072315274321698572198768087946618028165804909744,vdem_e_wb_pop,9b731512a9848138113cd2c395175fe8196fb41d7758cd8b88cf7e87e1175c00,a0801177c4565d233b5ce9b7fa147b8dc643a5df08c3f4dcf359d488736f6c57
1998,Q3_boundary_democracy,democracy,93,176,0.52840909090909090909090909090909090909090909090909,3233696020.0,5938127861.0,0.54456490255759415349510608996972556094982340765060,5993730786,55602925.0,0.53951305713516242669628638872937193679289151843464,0.54878990439194544097429870784990575651123346933721,0.99072315274321698572198768087946618028165804909744,vdem_e_wb_pop,9b731512a9848138113cd2c395175fe8196fb41d7758cd8b88cf7e87e1175c00,a0801177c4565d233b5ce9b7fa147b8dc643a5df08c3f4dcf359d488736f6c57
1999,Q0_three_state,autocracy,84,177,0.47457627118644067796610169491525423728813559322034,2583241507.0,6022305153.0,0.42894563483106848139483509164518086983095789998405,6078069822,55764669.0,0.42501017307332933102985337834442534312828102947712,0.43418490627533301146733684231770248328022579928829,0.99082526679799631956251653602672285984805523018883,vdem_e_wb_pop,9b731512a9848138113cd2c395175fe8196fb41d7758cd8b88cf7e87e1175c00,a0801177c4565d233b5ce9b7fa147b8dc643a5df08c3f4dcf359d488736f6c57
1999,Q0_three_state,boundary,23,177,0.12994350282485875706214689265536723163841807909605,760785389.0,6022305153.0,0.12632793750429869656922049363312958645089766675927,6078069822,55764669.0,0.12516891238173736135800514336375124319853527342385,0.13434364558374104179548860733702838335048004323502,0.99082526679799631956251653602672285984805523018883,vdem_e_wb_pop,9b731512a9848138113cd2c395175fe8196fb41d7758cd8b88cf7e87e1175c00,a0801177c4565d233b5ce9b7fa147b8dc643a5df08c3f4dcf359d488736f6c57
1999,Q0_three_state,democracy,70,177,0.39548022598870056497175141242937853107344632768362,2678278257.0,6022305153.0,0.44472642766463282203594441472168954371814443325669,6078069822,55764669.0,0.44064618134292962717465801431854627352123892728786,0.44982091454493330761214147829182341367318369709903,0.99082526679799631956251653602672285984805523018883,vdem_e_wb_pop,9b731512a9848138113cd2c395175fe8196fb41d7758cd8b88cf7e87e1175c00,a0801177c4565d233b5ce9b7fa147b8dc643a5df08c3f4dcf359d488736f6c57
1999,Q1_midpoint_binary,autocracy,92,177,0.51977401129943502824858757062146892655367231638418,2816246159.0,6022305153.0,0.46763591140795850668180181470123521653436879570888,6078069822,55764669.0,0.46334547668511465809877298905435311730119180588775,0.47252020988711833853625645302763025745313657569892,0.99082526679799631956251653602672285984805523018883,vdem_e_wb_pop,9b731512a9848138113cd2c395175fe8196fb41d7758cd8b88cf7e87e1175c00,a0801177c4565d233b5ce9b7fa147b8dc643a5df08c3f4dcf359d488736f6c57
1999,Q1_midpoint_binary,democracy,85,177,0.48022598870056497175141242937853107344632768361582,3206058994.0,6022305153.0,0.53236408859204149331819818529876478346563120429112,6078069822,55764669.0,0.52747979011288166146374354697236974254686342430108,0.53665452331488534190122701094564688269880819411225,0.99082526679799631956251653602672285984805523018883,vdem_e_wb_pop,9b731512a9848138113cd2c395175fe8196fb41d7758cd8b88cf7e87e1175c00,a0801177c4565d233b5ce9b7fa147b8dc643a5df08c3f4dcf359d488736f6c57
1999,Q2_boundary_autocracy,autocracy,107,177,0.60451977401129943502824858757062146892655367231638,3344026896.0,6022305153.0,0.55527357233536717796405558527831045628185556674331,6078069822,55764669.0,0.55017908545506669238785852170817658632681630290097,0.55935381865707037282534198568145372647876107271214,0.99082526679799631956251653602672285984805523018883,vdem_e_wb_pop,9b731512a9848138113cd2c395175fe8196fb41d7758cd8b88cf7e87e1175c00,a0801177c4565d233b5ce9b7fa147b8dc643a5df08c3f4dcf359d488736f6c57
1999,Q2_boundary_autocracy,democracy,70,177,0.39548022598870056497175141242937853107344632768362,2678278257.0,6022305153.0,0.44472642766463282203594441472168954371814443325669,6078069822,55764669.0,0.44064618134292962717465801431854627352123892728786,0.44982091454493330761214147829182341367318369709903,0.99082526679799631956251653602672285984805523018883,vdem_e_wb_pop,9b731512a9848138113cd2c395175fe8196fb41d7758cd8b88cf7e87e1175c00,a0801177c4565d233b5ce9b7fa147b8dc643a5df08c3f4dcf359d488736f6c57
1999,Q3_boundary_democracy,autocracy,84,177,0.47457627118644067796610169491525423728813559322034,2583241507.0,6022305153.0,0.42894563483106848139483509164518086983095789998405,6078069822,55764669.0,0.42501017307332933102985337834442534312828102947712,0.43418490627533301146733684231770248328022579928829,0.99082526679799631956251653602672285984805523018883,vdem_e_wb_pop,9b731512a9848138113cd2c395175fe8196fb41d7758cd8b88cf7e87e1175c00,a0801177c4565d233b5ce9b7fa147b8dc643a5df08c3f4dcf359d488736f6c57
1999,Q3_boundary_democracy,democracy,93,177,0.52542372881355932203389830508474576271186440677966,3439063646.0,6022305153.0,0.57105436516893151860516490835481913016904210001595,6078069822,55764669.0,0.56581509372466698853266315768229751671977420071171,0.57498982692667066897014662165557465687171897052288,0.99082526679799631956251653602672285984805523018883,vdem_e_wb_pop,9b731512a9848138113cd2c395175fe8196fb41d7758cd8b88cf7e87e1175c00,a0801177c4565d233b5ce9b7fa147b8dc643a5df08c3f4dcf359d488736f6c57
2000,Q0_three_state,autocracy,85,177,0.48022598870056497175141242937853107344632768361582,2644573286.0,6105355058.0,0.43315634567964220763260317496837052912312376771847,6161528496,56173438.0,0.42920734485230886774430005005692989981750787962273,0.43832414728801410058430410608945757929348704906160,0.99088319756429476715999594396747232052402083056113,vdem_e_wb_pop,9b731512a9848138113cd2c395175fe8196fb41d7758cd8b88cf7e87e1175c00,a0801177c4565d233b5ce9b7fa147b8dc643a5df08c3f4dcf359d488736f6c57
2000,Q0_three_state,boundary,20,177,0.11299435028248587570621468926553672316384180790960,527069962.0,6105355058.0,0.086329125332255164643038848798103758046826438967770,6161528496,56173438.0,0.085542079752153758439746733908475297263317241663861,0.094658882187858991279750789941002976739296411102730,0.99088319756429476715999594396747232052402083056113,vdem_e_wb_pop,9b731512a9848138113cd2c395175fe8196fb41d7758cd8b88cf7e87e1175c00,a0801177c4565d233b5ce9b7fa147b8dc643a5df08c3f4dcf359d488736f6c57
2000,Q0_three_state,democracy,72,177,0.40677966101694915254237288135593220338983050847458,2933711810.0,6105355058.0,0.48051452898810262772435797623352571283004979331376,6161528496,56173438.0,0.47613377295983214097594916000206712344319570927454,0.48525057539553737381595321603459480291917487871341,0.99088319756429476715999594396747232052402083056113,vdem_e_wb_pop,9b731512a9848138113cd2c395175fe8196fb41d7758cd8b88cf7e87e1175c00,a0801177c4565d233b5ce9b7fa147b8dc643a5df08c3f4dcf359d488736f6c57
2000,Q1_midpoint_binary,autocracy,93,177,0.52542372881355932203389830508474576271186440677966,2864385234.0,6105355058.0,0.46915948487659601729259494280504463987882946806990,6161528496,56173438.0,0.46488225054213885437169614933807164851258686769855,0.47399905297784408721170020537059932798856603713742,0.99088319756429476715999594396747232052402083056113,vdem_e_wb_pop,9b731512a9848138113cd2c395175fe8196fb41d7758cd8b88cf7e87e1175c00,a0801177c4565d233b5ce9b7fa147b8dc643a5df08c3f4dcf359d488736f6c57
2000,Q1_midpoint_binary,democracy,84,177,0.47457627118644067796610169491525423728813559322034,3240969824.0,6105355058.0,0.53084051512340398270740505719495536012117053193010,6161528496,56173438.0,0.52600094702215591278829979462940067201143396286258,0.53511774945786114562830385066192835148741313230145,0.99088319756429476715999594396747232052402083056113,vdem_e_wb_pop,9b731512a9848138113cd2c395175fe8196fb41d7758cd8b88cf7e87e1175c00,a0801177c4565d233b5ce9b7fa147b8dc643a5df08c3f4dcf359d488736f6c57
2000,Q2_boundary_autocracy,autocracy,105,177,0.59322033898305084745762711864406779661016949152542,3171643248.0,6105355058.0,0.51948547101189737227564202376647428716995020668624,6161528496,56173438.0,0.51474942460446262618404678396540519708082512128659,0.52386622704016785902405083999793287655680429072546,0.99088319756429476715999594396747232052402083056113,vdem_e_wb_pop,9b731512a9848138113cd2c395175fe8196fb41d7758cd8b88cf7e87e1175c00,a0801177c4565d233b5ce9b7fa147b8dc643a5df08c3f4dcf359d488736f6c57
2000,Q2_boundary_autocracy,democracy,72,177,0.40677966101694915254237288135593220338983050847458,2933711810.0,6105355058.0,0.48051452898810262772435797623352571283004979331376,6161528496,56173438.0,0.47613377295983214097594916000206712344319570927454,0.48525057539553737381595321603459480291917487871341,0.99088319756429476715999594396747232052402083056113,vdem_e_wb_pop,9b731512a9848138113cd2c395175fe8196fb41d7758cd8b88cf7e87e1175c00,a0801177c4565d233b5ce9b7fa147b8dc643a5df08c3f4dcf359d488736f6c57
2000,Q3_boundary_democracy,autocracy,85,177,0.48022598870056497175141242937853107344632768361582,2644573286.0,6105355058.0,0.43315634567964220763260317496837052912312376771847,6161528496,56173438.0,0.42920734485230886774430005005692989981750787962273,0.43832414728801410058430410608945757929348704906160,0.99088319756429476715999594396747232052402083056113,vdem_e_wb_pop,9b731512a9848138113cd2c395175fe8196fb41d7758cd8b88cf7e87e1175c00,a0801177c4565d233b5ce9b7fa147b8dc643a5df08c3f4dcf359d488736f6c57
2000,Q3_boundary_democracy,democracy,92,177,0.51977401129943502824858757062146892655367231638418,3460781772.0,6105355058.0,0.56684365432035779236739682503162947087687623228153,6161528496,56173438.0,0.56167585271198589941569589391054242070651295093840,0.57079265514769113225569994994307010018249212037727,0.99088319756429476715999594396747232052402083056113,vdem_e_wb_pop,9b731512a9848138113cd2c395175fe8196fb41d7758cd8b88cf7e87e1175c00,a0801177c4565d233b5ce9b7fa147b8dc643a5df08c3f4dcf359d488736f6c57
2001,Q0_three_state,autocracy,84,177,0.47457627118644067796610169491525423728813559322034,2688353851.0,6187889698.0,0.43445406789796336153114150096474457227792685841764,6244739668,56849970.0,0.43049894694185032278274310281464242457833071673213,0.43960260426343844827191601672385360356386276821812,0.99089634267841187451082708609078882101446794851401,vdem_e_wb_pop,9b731512a9848138113cd2c395175fe8196fb41d7758cd8b88cf7e87e1175c00,a0801177c4565d233b5ce9b7fa147b8dc643a5df08c3f4dcf359d488736f6c57
2001,Q0_three_state,boundary,22,177,0.12429378531073446327683615819209039548022598870056,610383779.0,6187889698.0,0.098641670874851460547155991014887027160450848747498,6244739668,56849970.0,0.097743670905577932892622226121596587267054668835236,0.10684732822716605838179514003080776625258672032123,0.99089634267841187451082708609078882101446794851401,vdem_e_wb_pop,9b731512a9848138113cd2c395175fe8196fb41d7758cd8b88cf7e87e1175c00,a0801177c4565d233b5ce9b7fa147b8dc643a5df08c3f4dcf359d488736f6c57
2001,Q0_three_state,democracy,71,177,0.40112994350282485875706214689265536723163841807910,2889152068.0,6187889698.0,0.46690426122718517792170250802036840056162229283486,6244739668,56849970.0,0.46265372483098361883546175715454980916908256294664,0.47175738215257174432463467106376098815461461443263,0.99089634267841187451082708609078882101446794851401,vdem_e_wb_pop,9b731512a9848138113cd2c395175fe8196fb41d7758cd8b88cf7e87e1175c00,a0801177c4565d233b5ce9b7fa147b8dc643a5df08c3f4dcf359d488736f6c57
2001,Q1_midpoint_binary,autocracy,91,177,0.51412429378531073446327683615819209039548022598870,2876767990.0,6187889698.0,0.46490292012312466401045405318406178222086336872516,6244739668,56849970.0,0.46067060325051808068422428910770728385150034087858,0.46977426057210620617339720301691846283703239236457,0.99089634267841187451082708609078882101446794851401,vdem_e_wb_pop,9b731512a9848138113cd2c395175fe8196fb41d7758cd8b88cf7e87e1175c00,a0801177c4565d233b5ce9b7fa147b8dc643a5df08c3f4dcf359d488736f6c57
2001,Q1_midpoint_binary,democracy,86,177,0.48587570621468926553672316384180790960451977401130,3311121708.0,6187889698.0,0.53509707987687533598954594681593821777913663127484,6244739668,56849970.0,0.53022573942789379382660279698308153716296760763543,0.53932939674948191931577571089229271614849965912142,0.99089634267841187451082708609078882101446794851401,vdem_e_wb_pop,9b731512a9848138113cd2c395175fe8196fb41d7758cd8b88cf7e87e1175c00,a0801177c4565d233b5ce9b7fa147b8dc643a5df08c3f4dcf359d488736f6c57
2001,Q2_boundary_autocracy,autocracy,106,177,0.59887005649717514124293785310734463276836158192090,3298737630.0,6187889698.0,0.53309573877281482207829749197963159943837770716514,6244739668,56849970.0,0.52824261784742825567536532893623901184538538556737,0.53734627516901638116453824284545019083091743705336,0.99089634267841187451082708609078882101446794851401,vdem_e_wb_pop,9b731512a9848138113cd2c395175fe8196fb41d7758cd8b88cf7e87e1175c00,a0801177c4565d233b5ce9b7fa147b8dc643a5df08c3f4dcf359d488736f6c57
2001,Q2_boundary_autocracy,democracy,71,177,0.40112994350282485875706214689265536723163841807910,2889152068.0,6187889698.0,0.46690426122718517792170250802036840056162229283486,6244739668,56849970.0,0.46265372483098361883546175715454980916908256294664,0.47175738215257174432463467106376098815461461443263,0.99089634267841187451082708609078882101446794851401,vdem_e_wb_pop,9b731512a9848138113cd2c395175fe8196fb41d7758cd8b88cf7e87e1175c00,a0801177c4565d233b5ce9b7fa147b8dc643a5df08c3f4dcf359d488736f6c57
2001,Q3_boundary_democracy,autocracy,84,177,0.47457627118644067796610169491525423728813559322034,2688353851.0,6187889698.0,0.43445406789796336153114150096474457227792685841764,6244739668,56849970.0,0.43049894694185032278274310281464242457833071673213,0.43960260426343844827191601672385360356386276821812,0.99089634267841187451082708609078882101446794851401,vdem_e_wb_pop,9b731512a9848138113cd2c395175fe8196fb41d7758cd8b88cf7e87e1175c00,a0801177c4565d233b5ce9b7fa147b8dc643a5df08c3f4dcf359d488736f6c57
2001,Q3_boundary_democracy,democracy,93,177,0.52542372881355932203389830508474576271186440677966,3499535847.0,6187889698.0,0.56554593210203663846885849903525542772207314158236,6244739668,56849970.0,0.56039739573656155172808398327614639643613723178188,0.56950105305814967721725689718535757542166928326787,0.99089634267841187451082708609078882101446794851401,vdem_e_wb_pop,9b731512a9848138113cd2c395175fe8196fb41d7758cd8b88cf7e87e1175c00,a0801177c4565d233b5ce9b7fa147b8dc643a5df08c3f4dcf359d488736f6c57
2002,Q0_three_state,autocracy,79,177,0.44632768361581920903954802259887005649717514124294,2732086792.0,6270571756.0,0.43569978915970481719498243470862212712074736044213,6327171255,56599499.0,0.43180225125738279072390936887956891566703768633808,0.44074771783619123803849055133564580590761961286600,0.99105453342119155268541881754392310975941807347208,vdem_e_wb_pop,9b731512a9848138113cd2c395175fe8196fb41d7758cd8b88cf7e87e1175c00,a0801177c4565d233b5ce9b7fa147b8dc643a5df08c3f4dcf359d488736f6c57
2002,Q0_three_state,boundary,25,177,0.14124293785310734463276836158192090395480225988701,600537303.0,6270571756.0,0.095770740909770397658136614743492937711627711417262,6327171255,56599499.0,0.094914026947734323653928030117781283288498566173234,0.10385949352654277096850921257385817352908049270116,0.99105453342119155268541881754392310975941807347208,vdem_e_wb_pop,9b731512a9848138113cd2c395175fe8196fb41d7758cd8b88cf7e87e1175c00,a0801177c4565d233b5ce9b7fa147b8dc643a5df08c3f4dcf359d488736f6c57
2002,Q0_three_state,democracy,73,177,0.41242937853107344632768361581920903954802259887006,2937947661.0,6270571756.0,0.46852946993052478514688095054788493516762492814060,6327171255,56599499.0,0.46433825521607443830758141854657291080388182096076,0.47328372179488288562216260100264980104446374748869,0.99105453342119155268541881754392310975941807347208,vdem_e_wb_pop,9b731512a9848138113cd2c395175fe8196fb41d7758cd8b88cf7e87e1175c00,a0801177c4565d233b5ce9b7fa147b8dc643a5df08c3f4dcf359d488736f6c57
2002,Q1_midpoint_binary,autocracy,89,177,0.50282485875706214689265536723163841807909604519774,3057502188.0,6270571756.0,0.48759543897642625110564160171935683371837009881751,6327171255,56599499.0,0.48323367027308319632325172459710828547819984682871,0.49217913685189164363783290705318517571878177335663,0.99105453342119155268541881754392310975941807347208,vdem_e_wb_pop,9b731512a9848138113cd2c395175fe8196fb41d7758cd8b88cf7e87e1175c00,a0801177c4565d233b5ce9b7fa147b8dc643a5df08c3f4dcf359d488736f6c57
2002,Q1_midpoint_binary,democracy,88,177,0.49717514124293785310734463276836158192090395480226,3213069568.0,6270571756.0,0.51240456102357374889435839828064316628162990118249,6327171255,56599499.0,0.50782086314810835636216709294681482428121822664337,0.51676632972691680367674827540289171452180015317129,0.99105453342119155268541881754392310975941807347208,vdem_e_wb_pop,9b731512a9848138113cd2c395175fe8196fb41d7758cd8b88cf7e87e1175c00,a0801177c4565d233b5ce9b7fa147b8dc643a5df08c3f4dcf359d488736f6c57
2002,Q2_boundary_autocracy,autocracy,104,177,0.58757062146892655367231638418079096045197740112994,3332624095.0,6270571756.0,0.53147053006947521485311904945211506483237507185940,6327171255,56599499.0,0.52671627820511711437783739899735019895553625251131,0.53566174478392556169241858145342708919611817903924,0.99105453342119155268541881754392310975941807347208,vdem_e_wb_pop,9b731512a9848138113cd2c395175fe8196fb41d7758cd8b88cf7e87e1175c00,a0801177c4565d233b5ce9b7fa147b8dc643a5df08c3f4dcf359d488736f6c57
2002,Q2_boundary_autocracy,democracy,73,177,0.41242937853107344632768361581920903954802259887006,2937947661.0,6270571756.0,0.46852946993052478514688095054788493516762492814060,6327171255,56599499.0,0.46433825521607443830758141854657291080388182096076,0.47328372179488288562216260100264980104446374748869,0.99105453342119155268541881754392310975941807347208,vdem_e_wb_pop,9b731512a9848138113cd2c395175fe8196fb41d7758cd8b88cf7e87e1175c00,a0801177c4565d233b5ce9b7fa147b8dc643a5df08c3f4dcf359d488736f6c57
2002,Q3_boundary_democracy,autocracy,79,177,0.44632768361581920903954802259887005649717514124294,2732086792.0,6270571756.0,0.43569978915970481719498243470862212712074736044213,6327171255,56599499.0,0.43180225125738279072390936887956891566703768633808,0.44074771783619123803849055133564580590761961286600,0.99105453342119155268541881754392310975941807347208,vdem_e_wb_pop,9b731512a9848138113cd2c395175fe8196fb41d7758cd8b88cf7e87e1175c00,a0801177c4565d233b5ce9b7fa147b8dc643a5df08c3f4dcf359d488736f6c57
2002,Q3_boundary_democracy,democracy,98,177,0.55367231638418079096045197740112994350282485875706,3538484964.0,6270571756.0,0.56430021084029518280501756529137787287925263955787,6327171255,56599499.0,0.55925228216380876196150944866435419409238038713400,0.56819774874261720927609063112043108433296231366192,0.99105453342119155268541881754392310975941807347208,vdem_e_wb_pop,9b731512a9848138113cd2c395175fe8196fb41d7758cd8b88cf7e87e1175c00,a0801177c4565d233b5ce9b7fa147b8dc643a5df08c3f4dcf359d488736f6c57
2003,Q0_three_state,autocracy,76,177,0.42937853107344632768361581920903954802259887005650,2845937335.0,6352260147.0,0.44801964484153863479986976043473428607992430194153,6409352386,57092239.0,0.44402884466399504344556411163129328991773116716881,0.45293649017350190674942864656529122223238608494259,0.99109235449049313669613546506600206768534508222622,vdem_e_wb_pop,9b731512a9848138113cd2c395175fe8196fb41d7758cd8b88cf7e87e1175c00,a0801177c4565d233b5ce9b7fa147b8dc643a5df08c3f4dcf359d488736f6c57
2003,Q0_three_state,boundary,24,177,0.13559322033898305084745762711864406779661016949153,522341359.0,6352260147.0,0.082229213998215681074498663790319732319363399648878,6409352386,57092239.0,0.081496745309394196257880710009068925610482107138741,0.090404390818901059561745244943066857925137024912520,0.99109235449049313669613546506600206768534508222622,vdem_e_wb_pop,9b731512a9848138113cd2c395175fe8196fb41d7758cd8b88cf7e87e1175c00,a0801177c4565d233b5ce9b7fa147b8dc643a5df08c3f4dcf359d488736f6c57
2003,Q0_three_state,democracy,77,177,0.43502824858757062146892655367231638418079096045198,2983981453.0,6352260147.0,0.46975114116024568412563157577494598160071229840959,6409352386,57092239.0,0.46556676451710389699269064342563985215713180791867,0.47447441002661076029655517835963778447178672569245,0.99109235449049313669613546506600206768534508222622,vdem_e_wb_pop,9b731512a9848138113cd2c395175fe8196fb41d7758cd8b88cf7e87e1175c00,a0801177c4565d233b5ce9b7fa147b8dc643a5df08c3f4dcf359d488736f6c57
2003,Q1_midpoint_binary,autocracy,82,177,0.46327683615819209039548022598870056497175141242938,3057077028.0,6352260147.0,0.48125815965578400925021183645172899749000156935796,6409352386,57092239.0,0.47697128257101262773352527601218398666463959967390,0.48587892808051949103738981094618191897929451744768,0.99109235449049313669613546506600206768534508222622,vdem_e_wb_pop,9b731512a9848138113cd2c395175fe8196fb41d7758cd8b88cf7e87e1175c00,a0801177c4565d233b5ce9b7fa147b8dc643a5df08c3f4dcf359d488736f6c57
2003,Q1_midpoint_binary,democracy,95,177,0.53672316384180790960451977401129943502824858757062,3295183119.0,6352260147.0,0.51874184034421599074978816354827100250999843064204,6409352386,57092239.0,0.51412107191948050896261018905381808102070548255232,0.52302871742898737226647472398781601333536040032610,0.99109235449049313669613546506600206768534508222622,vdem_e_wb_pop,9b731512a9848138113cd2c395175fe8196fb41d7758cd8b88cf7e87e1175c00,a0801177c4565d233b5ce9b7fa147b8dc643a5df08c3f4dcf359d488736f6c57
2003,Q2_boundary_autocracy,autocracy,100,177,0.56497175141242937853107344632768361581920903954802,3368278694.0,6352260147.0,0.53024885883975431587436842422505401839928770159041,6409352386,57092239.0,0.52552558997338923970344482164036221552821327430755,0.53443323548289610300730935657436014784286819208133,0.99109235449049313669613546506600206768534508222622,vdem_e_wb_pop,9b731512a9848138113cd2c395175fe8196fb41d7758cd8b88cf7e87e1175c00,a0801177c4565d233b5ce9b7fa147b8dc643a5df08c3f4dcf359d488736f6c57
2003,Q2_boundary_autocracy,democracy,77,177,0.43502824858757062146892655367231638418079096045198,2983981453.0,6352260147.0,0.46975114116024568412563157577494598160071229840959,6409352386,57092239.0,0.46556676451710389699269064342563985215713180791867,0.47447441002661076029655517835963778447178672569245,0.99109235449049313669613546506600206768534508222622,vdem_e_wb_pop,9b731512a9848138113cd2c395175fe8196fb41d7758cd8b88cf7e87e1175c00,a0801177c4565d233b5ce9b7fa147b8dc643a5df08c3f4dcf359d488736f6c57
2003,Q3_boundary_democracy,autocracy,76,177,0.42937853107344632768361581920903954802259887005650,2845937335.0,6352260147.0,0.44801964484153863479986976043473428607992430194153,6409352386,57092239.0,0.44402884466399504344556411163129328991773116716881,0.45293649017350190674942864656529122223238608494259,0.99109235449049313669613546506600206768534508222622,vdem_e_wb_pop,9b731512a9848138113cd2c395175fe8196fb41d7758cd8b88cf7e87e1175c00,a0801177c4565d233b5ce9b7fa147b8dc643a5df08c3f4dcf359d488736f6c57
2003,Q3_boundary_democracy,democracy,101,177,0.57062146892655367231638418079096045197740112994350,3506322812.0,6352260147.0,0.55198035515846136520013023956526571392007569805847,6409352386,57092239.0,0.54706350982649809325057135343470877776761391505741,0.55597115533600495655443588836870671008226883283119,0.99109235449049313669613546506600206768534508222622,vdem_e_wb_pop,9b731512a9848138113cd2c395175fe8196fb41d7758cd8b88cf7e87e1175c00,a0801177c4565d233b5ce9b7fa147b8dc643a5df08c3f4dcf359d488736f6c57
2004,Q0_three_state,autocracy,75,177,0.42372881355932203389830508474576271186440677966102,2879389618.0,6434687522.0,0.44747932330131881111102693884627767010937069711526,6492354627,57667105.0,0.44350467333151732347599009243091366333646210419799,0.45238698311172828668097338053804373616204190751147,0.99111769021978903679501671189286992717442019668652,vdem_e_wb_pop,9b731512a9848138113cd2c395175fe8196fb41d7758cd8b88cf7e87e1175c00,a0801177c4565d233b5ce9b7fa147b8dc643a5df08c3f4dcf359d488736f6c57
2004,Q0_three_state,boundary,25,177,0.14124293785310734463276836158192090395480225988701,535640492.0,6434687522.0,0.083242657886441497974577171705588223589266624220078,6492354627,57667105.0,0.082503270812166003389820683619906026430308856879392,0.091385580592376966594803971727036099255888660192868,0.99111769021978903679501671189286992717442019668652,vdem_e_wb_pop,9b731512a9848138113cd2c395175fe8196fb41d7758cd8b88cf7e87e1175c00,a0801177c4565d233b5ce9b7fa147b8dc643a5df08c3f4dcf359d488736f6c57
2004,Q0_three_state,democracy,77,177,0.43502824858757062146892655367231638418079096045198,3019657412.0,6434687522.0,0.46927801881223969091439588944813410630136267866466,6492354627,57667105.0,0.46510974607610570992920593584205023740764923560914,0.47399205585631667313418922394918031023322903892261,0.99111769021978903679501671189286992717442019668652,vdem_e_wb_pop,9b731512a9848138113cd2c395175fe8196fb41d7758cd8b88cf7e87e1175c00,a0801177c4565d233b5ce9b7fa147b8dc643a5df08c3f4dcf359d488736f6c57
2004,Q1_midpoint_binary,autocracy,82,177,0.46327683615819209039548022598870056497175141242938,3180500298.0,6434687522.0,0.49427424208649863324318858820258964550229172729050,6492354627,57667105.0,0.48988394515190736514892472770649840227835724476361,0.49876625493211832835390801581362847510393704807709,0.99111769021978903679501671189286992717442019668652,vdem_e_wb_pop,9b731512a9848138113cd2c395175fe8196fb41d7758cd8b88cf7e87e1175c00,a0801177c4565d233b5ce9b7fa147b8dc643a5df08c3f4dcf359d488736f6c57
2004,Q1_midpoint_binary,democracy,95,177,0.53672316384180790960451977401129943502824858757062,3254187224.0,6434687522.0,0.50572575791350136675681141179741035449770827270950,6492354627,57667105.0,0.50123374506788167164609198418637152489606295192291,0.51011605484809263485107527229350159772164275523639,0.99111769021978903679501671189286992717442019668652,vdem_e_wb_pop,9b731512a9848138113cd2c395175fe8196fb41d7758cd8b88cf7e87e1175c00,a0801177c4565d233b5ce9b7fa147b8dc643a5df08c3f4dcf359d488736f6c57
2004,Q2_boundary_autocracy,autocracy,100,177,0.56497175141242937853107344632768361581920903954802,3415030110.0,6434687522.0,0.53072198118776030908560411055186589369863732133534,6492354627,57667105.0,0.52600794414368332686581077605081968976677096107739,0.53489025392389429007079406415794976259235076439086,0.99111769021978903679501671189286992717442019668652,vdem_e_wb_pop,9b731512a9848138113cd2c395175fe8196fb41d7758cd8b88cf7e87e1175c00,a0801177c4565d233b5ce9b7fa147b8dc643a5df08c3f4dcf359d488736f6c57
2004,Q2_boundary_autocracy,democracy,77,177,0.43502824858757062146892655367231638418079096045198,3019657412.0,6434687522.0,0.46927801881223969091439588944813410630136267866466,6492354627,57667105.0,0.46510974607610570992920593584205023740764923560914,0.47399205585631667313418922394918031023322903892261,0.99111769021978903679501671189286992717442019668652,vdem_e_wb_pop,9b731512a9848138113cd2c395175fe8196fb41d7758cd8b88cf7e87e1175c00,a0801177c4565d233b5ce9b7fa147b8dc643a5df08c3f4dcf359d488736f6c57
2004,Q3_boundary_democracy,autocracy,75,177,0.42372881355932203389830508474576271186440677966102,2879389618.0,6434687522.0,0.44747932330131881111102693884627767010937069711526,6492354627,57667105.0,0.44350467333151732347599009243091366333646210419799,0.45238698311172828668097338053804373616204190751147,0.99111769021978903679501671189286992717442019668652,vdem_e_wb_pop,9b731512a9848138113cd2c395175fe8196fb41d7758cd8b88cf7e87e1175c00,a0801177c4565d233b5ce9b7fa147b8dc643a5df08c3f4dcf359d488736f6c57
2004,Q3_boundary_democracy,democracy,102,177,0.57627118644067796610169491525423728813559322033898,3555297904.0,6434687522.0,0.55252067669868118888897306115372232989062930288474,6492354627,57667105.0,0.54761301688827171331902661946195626383795809248853,0.55649532666848267652400990756908633666353789580201,0.99111769021978903679501671189286992717442019668652,vdem_e_wb_pop,9b731512a9848138113cd2c395175fe8196fb41d7758cd8b88cf7e87e1175c00,a0801177c4565d233b5ce9b7fa147b8dc643a5df08c3f4dcf359d488736f6c57
2005,Q0_three_state,autocracy,76,177,0.42937853107344632768361581920903954802259887005650,2931837384.0,6517172769.0,0.44986338216254828275214626276543321756459023834726,6575410029,58237260.0,0.44587902063437997046617334226777844639869225712738,0.45473584625333788442898638283535093595301629211905,0.99114317438104208603718695943242751044567596500833,vdem_e_wb_pop,9b731512a9848138113cd2c395175fe8196fb41d7758cd8b88cf7e87e1175c00,a0801177c4565d233b5ce9b7fa147b8dc643a5df08c3f4dcf359d488736f6c57
2005,Q0_three_state,boundary,24,177,0.13559322033898305084745762711864406779661016949153,517794141.0,6517172769.0,0.079450731068995541001899131945507581187771331891171,6575410029,58237260.0,0.078747049798618725804179047645516799451290918119564,0.087603875417576639766992088213089289005614953111238,0.99114317438104208603718695943242751044567596500833,vdem_e_wb_pop,9b731512a9848138113cd2c395175fe8196fb41d7758cd8b88cf7e87e1175c00,a0801177c4565d233b5ce9b7fa147b8dc643a5df08c3f4dcf359d488736f6c57
2005,Q0_three_state,democracy,77,177,0.43502824858757062146892655367231638418079096045198,3067541244.0,6517172769.0,0.47068588676845617624595460528905920124763842976157,6575410029,58237260.0,0.46651710394804338976683456951913226459569278976139,0.47537392956700130372964761008670475415001682475306,0.99114317438104208603718695943242751044567596500833,vdem_e_wb_pop,9b731512a9848138113cd2c395175fe8196fb41d7758cd8b88cf7e87e1175c00,a0801177c4565d233b5ce9b7fa147b8dc643a5df08c3f4dcf359d488736f6c57
2005,Q1_midpoint_binary,autocracy,83,177,0.46892655367231638418079096045197740112994350282486,3243919616.0,6517172769.0,0.49774951976572343037113061380005898075954475283299,6575410029,58237260.0,0.49334103906723837251974967293708825530642813088668,0.50219786468619628648256271350466074486075216587835,0.99114317438104208603718695943242751044567596500833,vdem_e_wb_pop,9b731512a9848138113cd2c395175fe8196fb41d7758cd8b88cf7e87e1175c00,a0801177c4565d233b5ce9b7fa147b8dc643a5df08c3f4dcf359d488736f6c57
2005,Q1_midpoint_binary,democracy,94,177,0.53107344632768361581920903954802259887005649717514,3273253153.0,6517172769.0,0.50225048023427656962886938619994101924045524716701,6575410029,58237260.0,0.49780213531380371351743728649533925513924783412165,0.50665896093276162748025032706291174469357186911332,0.99114317438104208603718695943242751044567596500833,vdem_e_wb_pop,9b731512a9848138113cd2c395175fe8196fb41d7758cd8b88cf7e87e1175c00,a0801177c4565d233b5ce9b7fa147b8dc643a5df08c3f4dcf359d488736f6c57
2005,Q2_boundary_autocracy,autocracy,100,177,0.56497175141242937853107344632768361581920903954802,3449631525.0,6517172769.0,0.52931411323154382375404539471094079875236157023843,6575410029,58237260.0,0.52462607043299869627035238991329524584998317524694,0.53348289605195661023316543048086773540430721023861,0.99114317438104208603718695943242751044567596500833,vdem_e_wb_pop,9b731512a9848138113cd2c395175fe8196fb41d7758cd8b88cf7e87e1175c00,a0801177c4565d233b5ce9b7fa147b8dc643a5df08c3f4dcf359d488736f6c57
2005,Q2_boundary_autocracy,democracy,77,177,0.43502824858757062146892655367231638418079096045198,3067541244.0,6517172769.0,0.47068588676845617624595460528905920124763842976157,6575410029,58237260.0,0.46651710394804338976683456951913226459569278976139,0.47537392956700130372964761008670475415001682475306,0.99114317438104208603718695943242751044567596500833,vdem_e_wb_pop,9b731512a9848138113cd2c395175fe8196fb41d7758cd8b88cf7e87e1175c00,a0801177c4565d233b5ce9b7fa147b8dc643a5df08c3f4dcf359d488736f6c57
2005,Q3_boundary_democracy,autocracy,76,177,0.42937853107344632768361581920903954802259887005650,2931837384.0,6517172769.0,0.44986338216254828275214626276543321756459023834726,6575410029,58237260.0,0.44587902063437997046617334226777844639869225712738,0.45473584625333788442898638283535093595301629211905,0.99114317438104208603718695943242751044567596500833,vdem_e_wb_pop,9b731512a9848138113cd2c395175fe8196fb41d7758cd8b88cf7e87e1175c00,a0801177c4565d233b5ce9b7fa147b8dc643a5df08c3f4dcf359d488736f6c57
2005,Q3_boundary_democracy,democracy,101,177,0.57062146892655367231638418079096045197740112994350,3585335385.0,6517172769.0,0.55013661783745171724785373723456678243540976165274,6575410029,58237260.0,0.54526415374666211557101361716464906404698370788095,0.55412097936562002953382665773222155360130774287262,0.99114317438104208603718695943242751044567596500833,vdem_e_wb_pop,9b731512a9848138113cd2c395175fe8196fb41d7758cd8b88cf7e87e1175c00,a0801177c4565d233b5ce9b7fa147b8dc643a5df08c3f4dcf359d488736f6c57
2006,Q0_three_state,autocracy,78,177,0.44067796610169491525423728813559322033898305084746,3122576047.0,6608707649.0,0.47249420202034420481897761127608324621169817463656,6659536021,50828372.0,0.46888792810089974885353953700012579299779419272549,0.47652034751266044694917643122092814639946520682691,0.99236758058823930190436310577919764659832898589858,vdem_e_wb_pop,9b731512a9848138113cd2c395175fe8196fb41d7758cd8b88cf7e87e1175c00,a0801177c4565d233b5ce9b7fa147b8dc643a5df08c3f4dcf359d488736f6c57
2006,Q0_three_state,boundary,18,177,0.10169491525423728813559322033898305084745762711864,281107461.0,6608707649.0,0.042535920172310227729972323367939013517709323019866,6659536021,50828372.0,0.042211268189489983689661012796855326146752288885923,0.049843687601250681785297907017657679548423302987342,0.99236758058823930190436310577919764659832898589858,vdem_e_wb_pop,9b731512a9848138113cd2c395175fe8196fb41d7758cd8b88cf7e87e1175c00,a0801177c4565d233b5ce9b7fa147b8dc643a5df08c3f4dcf359d488736f6c57
2006,Q0_three_state,democracy,81,177,0.45762711864406779661016949152542372881355932203390,3205024141.0,6608707649.0,0.48496987780734556745105006535597774027059250234357,6659536021,50828372.0,0.48126838429784956936116255598221652745378250428717,0.48890080370961026745679945020301888085545351838859,0.99236758058823930190436310577919764659832898589858,vdem_e_wb_pop,9b731512a9848138113cd2c395175fe8196fb41d7758cd8b88cf7e87e1175c00,a0801177c4565d233b5ce9b7fa147b8dc643a5df08c3f4dcf359d488736f6c57
2006,Q1_midpoint_binary,autocracy,84,177,0.47457627118644067796610169491525423728813559322034,3305519078.0,6608707649.0,0.50017632093321245961503720922123665270943505160338,6659536021,50828372.0,0.49635876547201876002886778288964524845536532611842,0.50399118488377945812450467711044760185703634021983,0.99236758058823930190436310577919764659832898589858,vdem_e_wb_pop,9b731512a9848138113cd2c395175fe8196fb41d7758cd8b88cf7e87e1175c00,a0801177c4565d233b5ce9b7fa147b8dc643a5df08c3f4dcf359d488736f6c57
2006,Q1_midpoint_binary,democracy,93,177,0.52542372881355932203389830508474576271186440677966,3303188571.0,6608707649.0,0.49982367906678754038496279077876334729056494839662,6659536021,50828372.0,0.49600881511622054187549532288955239814296365978017,0.50364123452798123997113221711035475154463467388158,0.99236758058823930190436310577919764659832898589858,vdem_e_wb_pop,9b731512a9848138113cd2c395175fe8196fb41d7758cd8b88cf7e87e1175c00,a0801177c4565d233b5ce9b7fa147b8dc643a5df08c3f4dcf359d488736f6c57
2006,Q2_boundary_autocracy,autocracy,96,177,0.54237288135593220338983050847457627118644067796610,3403683508.0,6608707649.0,0.51503012219265443254894993464402225972940749765643,6659536021,50828372.0,0.51109919629038973254320054979698111914454648161141,0.51873161570215043063883744401778347254621749571283,0.99236758058823930190436310577919764659832898589858,vdem_e_wb_pop,9b731512a9848138113cd2c395175fe8196fb41d7758cd8b88cf7e87e1175c00,a0801177c4565d233b5ce9b7fa147b8dc643a5df08c3f4dcf359d488736f6c57
2006,Q2_boundary_autocracy,democracy,81,177,0.45762711864406779661016949152542372881355932203390,3205024141.0,6608707649.0,0.48496987780734556745105006535597774027059250234357,6659536021,50828372.0,0.48126838429784956936116255598221652745378250428717,0.48890080370961026745679945020301888085545351838859,0.99236758058823930190436310577919764659832898589858,vdem_e_wb_pop,9b731512a9848138113cd2c395175fe8196fb41d7758cd8b88cf7e87e1175c00,a0801177c4565d233b5ce9b7fa147b8dc643a5df08c3f4dcf359d488736f6c57
2006,Q3_boundary_democracy,autocracy,78,177,0.44067796610169491525423728813559322033898305084746,3122576047.0,6608707649.0,0.47249420202034420481897761127608324621169817463656,6659536021,50828372.0,0.46888792810089974885353953700012579299779419272549,0.47652034751266044694917643122092814639946520682691,0.99236758058823930190436310577919764659832898589858,vdem_e_wb_pop,9b731512a9848138113cd2c395175fe8196fb41d7758cd8b88cf7e87e1175c00,a0801177c4565d233b5ce9b7fa147b8dc643a5df08c3f4dcf359d488736f6c57
2006,Q3_boundary_democracy,democracy,99,177,0.55932203389830508474576271186440677966101694915254,3486131602.0,6608707649.0,0.52750579797965579518102238872391675378830182536344,6659536021,50828372.0,0.52347965248733955305082356877907185360053479317309,0.53111207189910025114646046299987420700220580727451,0.99236758058823930190436310577919764659832898589858,vdem_e_wb_pop,9b731512a9848138113cd2c395175fe8196fb41d7758cd8b88cf7e87e1175c00,a0801177c4565d233b5ce9b7fa147b8dc643a5df08c3f4dcf359d488736f6c57
2007,Q0_three_state,autocracy,79,178,0.44382022471910112359550561797752808988764044943820,3192921183.0,6692536518.0,0.47708685255768670876305855668698198054419641195897,6744049498,51512980.0,0.47344272665064001284410501816278335980860856961640,0.48108101281910253263090744889429042562463114353613,0.99236171383153748021319756926849293418397742608027,vdem_e_wb_pop,9b731512a9848138113cd2c395175fe8196fb41d7758cd8b88cf7e87e1175c00,a0801177c4565d233b5ce9b7fa147b8dc643a5df08c3f4dcf359d488736f6c57
2007,Q0_three_state,boundary,17,178,0.095505617977528089887640449438202247191011235955056,250457247.0,6692536518.0,0.037423366510795929585990792497308865636883776208929,6744049498,51512980.0,0.037137516127999213566863414500994814614274350926480,0.044775802296461733353665845232501880430296924846206,0.99236171383153748021319756926849293418397742608027,vdem_e_wb_pop,9b731512a9848138113cd2c395175fe8196fb41d7758cd8b88cf7e87e1175c00,a0801177c4565d233b5ce9b7fa147b8dc643a5df08c3f4dcf359d488736f6c57
2007,Q0_three_state,democracy,82,178,0.46067415730337078651685393258426966292134831460674,3249158088.0,6692536518.0,0.48548978093151736165095065081570915381891981183210,6744049498,51512980.0,0.48178147105289825380222913660471475976109450553739,0.48941975722136077358903156733622182557711707945712,0.99236171383153748021319756926849293418397742608027,vdem_e_wb_pop,9b731512a9848138113cd2c395175fe8196fb41d7758cd8b88cf7e87e1175c00,a0801177c4565d233b5ce9b7fa147b8dc643a5df08c3f4dcf359d488736f6c57
2007,Q1_midpoint_binary,autocracy,87,178,0.48876404494382022471910112359550561797752808988764,3382609544.0,6692536518.0,0.50543012128544354100452291323604847904096262713885,6744049498,51512980.0,0.50156950138090460379358265498898922820450509095596,0.50920778754936712358038508572049629402052766487569,0.99236171383153748021319756926849293418397742608027,vdem_e_wb_pop,9b731512a9848138113cd2c395175fe8196fb41d7758cd8b88cf7e87e1175c00,a0801177c4565d233b5ce9b7fa147b8dc643a5df08c3f4dcf359d488736f6c57
2007,Q1_midpoint_binary,democracy,91,178,0.51123595505617977528089887640449438202247191011236,3309926974.0,6692536518.0,0.49456987871455645899547708676395152095903737286115,6744049498,51512980.0,0.49079221245063287641961491427950370597947233512431,0.49843049861909539620641734501101077179549490904404,0.99236171383153748021319756926849293418397742608027,vdem_e_wb_pop,9b731512a9848138113cd2c395175fe8196fb41d7758cd8b88cf7e87e1175c00,a0801177c4565d233b5ce9b7fa147b8dc643a5df08c3f4dcf359d488736f6c57
2007,Q2_boundary_autocracy,autocracy,96,178,0.53932584269662921348314606741573033707865168539326,3443378430.0,6692536518.0,0.51451021906848263834904934918429084618108018816790,6744049498,51512980.0,0.51058024277863922641096843266377817442288292054288,0.51821852894710174619777086339528524023890549446261,0.99236171383153748021319756926849293418397742608027,vdem_e_wb_pop,9b731512a9848138113cd2c395175fe8196fb41d7758cd8b88cf7e87e1175c00,a0801177c4565d233b5ce9b7fa147b8dc643a5df08c3f4dcf359d488736f6c57
2007,Q2_boundary_autocracy,democracy,82,178,0.46067415730337078651685393258426966292134831460674,3249158088.0,6692536518.0,0.48548978093151736165095065081570915381891981183210,6744049498,51512980.0,0.48178147105289825380222913660471475976109450553739,0.48941975722136077358903156733622182557711707945712,0.99236171383153748021319756926849293418397742608027,vdem_e_wb_pop,9b731512a9848138113cd2c395175fe8196fb41d7758cd8b88cf7e87e1175c00,a0801177c4565d233b5ce9b7fa147b8dc643a5df08c3f4dcf359d488736f6c57
2007,Q3_boundary_democracy,autocracy,79,178,0.44382022471910112359550561797752808988764044943820,3192921183.0,6692536518.0,0.47708685255768670876305855668698198054419641195897,6744049498,51512980.0,0.47344272665064001284410501816278335980860856961640,0.48108101281910253263090744889429042562463114353613,0.99236171383153748021319756926849293418397742608027,vdem_e_wb_pop,9b731512a9848138113cd2c395175fe8196fb41d7758cd8b88cf7e87e1175c00,a0801177c4565d233b5ce9b7fa147b8dc643a5df08c3f4dcf359d488736f6c57
2007,Q3_boundary_democracy,democracy,99,178,0.55617977528089887640449438202247191011235955056180,3499615335.0,6692536518.0,0.52291314744231329123694144331301801945580358804103,6744049498,51512980.0,0.51891898718089746736909255110570957437536885646387,0.52655727334935998715589498183721664019139143038360,0.99236171383153748021319756926849293418397742608027,vdem_e_wb_pop,9b731512a9848138113cd2c395175fe8196fb41d7758cd8b88cf7e87e1175c00,a0801177c4565d233b5ce9b7fa147b8dc643a5df08c3f4dcf359d488736f6c57
2008,Q0_three_state,autocracy,78,178,0.43820224719101123595505617977528089887640449438202,3235984165.0,6777868641.0,0.47743388613718635211891826334968358676398255089760,6830080867,52212226.0,0.47378416566557468842923437673552804217478967075896,0.48142861776163506147254522689387068424002599733787,0.99235554790393962695668914984165735793476367342109,vdem_e_wb_pop,9b731512a9848138113cd2c395175fe8196fb41d7758cd8b88cf7e87e1175c00,a0801177c4565d233b5ce9b7fa147b8dc643a5df08c3f4dcf359d488736f6c57
2008,Q0_three_state,boundary,21,178,0.11797752808988764044943820224719101123595505617978,333606423.0,6777868641.0,0.049219959941681613950299040621374591788876186926385,6830080867,52212226.0,0.048843700315737418339998696826556914615224862461354,0.056488152411797791383309546984899556680461189040267,0.99235554790393962695668914984165735793476367342109,vdem_e_wb_pop,9b731512a9848138113cd2c395175fe8196fb41d7758cd8b88cf7e87e1175c00,a0801177c4565d233b5ce9b7fa147b8dc643a5df08c3f4dcf359d488736f6c57
2008,Q0_three_state,democracy,79,178,0.44382022471910112359550561797752808988764044943820,3208278053.0,6777868641.0,0.47334615392113203393078269602894182144714126217602,6830080867,52212226.0,0.46972768192262752018745607627957240114474914020077,0.47737213401868789323076692643791504320998546677969,0.99235554790393962695668914984165735793476367342109,vdem_e_wb_pop,9b731512a9848138113cd2c395175fe8196fb41d7758cd8b88cf7e87e1175c00,a0801177c4565d233b5ce9b7fa147b8dc643a5df08c3f4dcf359d488736f6c57
2008,Q1_midpoint_binary,autocracy,87,178,0.48876404494382022471910112359550561797752808988764,3419915727.0,6777868641.0,0.50457096590993080002950148646883462078001638273414,6830080867,52212226.0,0.50071379733196942249322272921779741498923017070626,0.50835824942802979553653357937614005705446649728518,0.99235554790393962695668914984165735793476367342109,vdem_e_wb_pop,9b731512a9848138113cd2c395175fe8196fb41d7758cd8b88cf7e87e1175c00,a0801177c4565d233b5ce9b7fa147b8dc643a5df08c3f4dcf359d488736f6c57
2008,Q1_midpoint_binary,democracy,91,178,0.51123595505617977528089887640449438202247191011236,3357952914.0,6777868641.0,0.49542903409006919997049851353116537921998361726586,6830080867,52212226.0,0.49164175057197020446346642062385994294553350271482,0.49928620266803057750677727078220258501076982929374,0.99235554790393962695668914984165735793476367342109,vdem_e_wb_pop,9b731512a9848138113cd2c395175fe8196fb41d7758cd8b88cf7e87e1175c00,a0801177c4565d233b5ce9b7fa147b8dc643a5df08c3f4dcf359d488736f6c57
2008,Q2_boundary_autocracy,autocracy,99,178,0.55617977528089887640449438202247191011235955056180,3569590588.0,6777868641.0,0.52665384607886796606921730397105817855285873782398,6830080867,52212226.0,0.52262786598131210676923307356208495679001453322031,0.53027231807737247981254392372042759885525085979923,0.99235554790393962695668914984165735793476367342109,vdem_e_wb_pop,9b731512a9848138113cd2c395175fe8196fb41d7758cd8b88cf7e87e1175c00,a0801177c4565d233b5ce9b7fa147b8dc643a5df08c3f4dcf359d488736f6c57
2008,Q2_boundary_autocracy,democracy,79,178,0.44382022471910112359550561797752808988764044943820,3208278053.0,6777868641.0,0.47334615392113203393078269602894182144714126217602,6830080867,52212226.0,0.46972768192262752018745607627957240114474914020077,0.47737213401868789323076692643791504320998546677969,0.99235554790393962695668914984165735793476367342109,vdem_e_wb_pop,9b731512a9848138113cd2c395175fe8196fb41d7758cd8b88cf7e87e1175c00,a0801177c4565d233b5ce9b7fa147b8dc643a5df08c3f4dcf359d488736f6c57
2008,Q3_boundary_democracy,autocracy,78,178,0.43820224719101123595505617977528089887640449438202,3235984165.0,6777868641.0,0.47743388613718635211891826334968358676398255089760,6830080867,52212226.0,0.47378416566557468842923437673552804217478967075896,0.48142861776163506147254522689387068424002599733787,0.99235554790393962695668914984165735793476367342109,vdem_e_wb_pop,9b731512a9848138113cd2c395175fe8196fb41d7758cd8b88cf7e87e1175c00,a0801177c4565d233b5ce9b7fa147b8dc643a5df08c3f4dcf359d488736f6c57
2008,Q3_boundary_democracy,democracy,100,178,0.56179775280898876404494382022471910112359550561798,3541884476.0,6777868641.0,0.52256611386281364788108173665031641323601744910240,6830080867,52212226.0,0.51857138223836493852745477310612931575997400266213,0.52621583433442531157076562326447195782521032924104,0.99235554790393962695668914984165735793476367342109,vdem_e_wb_pop,9b731512a9848138113cd2c395175fe8196fb41d7758cd8b88cf7e87e1175c00,a0801177c4565d233b5ce9b7fa147b8dc643a5df08c3f4dcf359d488736f6c57
2009,Q0_three_state,autocracy,76,178,0.42696629213483146067415730337078651685393258426966,3107901172.0,6863323893.0,0.45282740847620376175651950978091483755653785520683,6916168196,52844303.0,0.44936749424305065006548027566216812116406776871856,0.45700818508549759393387661909892626330222926810960,0.99235930915755305613160365656324185786183850060896,vdem_e_wb_pop,9b731512a9848138113cd2c395175fe8196fb41d7758cd8b88cf7e87e1175c00,a0801177c4565d233b5ce9b7fa147b8dc643a5df08c3f4dcf359d488736f6c57
2009,Q0_three_state,boundary,22,178,0.12359550561797752808988764044943820224719101123596,521543039.0,6863323893.0,0.075989862511359698116464806041756770694196349214901,6916168196,52844303.0,0.075409247464750349746988715368136197363237173649558,0.083049938307197293615385058804894339501398673040600,0.99235930915755305613160365656324185786183850060896,vdem_e_wb_pop,9b731512a9848138113cd2c395175fe8196fb41d7758cd8b88cf7e87e1175c00,a0801177c4565d233b5ce9b7fa147b8dc643a5df08c3f4dcf359d488736f6c57
2009,Q0_three_state,democracy,80,178,0.44943820224719101123595505617977528089887640449438,3233879682.0,6863323893.0,0.47118272901243654012701568417732839174926579557827,6916168196,52844303.0,0.46758256744975205631913466553293753933453355824084,0.47522325829219900018753100896969568147269505763188,0.99235930915755305613160365656324185786183850060896,vdem_e_wb_pop,9b731512a9848138113cd2c395175fe8196fb41d7758cd8b88cf7e87e1175c00,a0801177c4565d233b5ce9b7fa147b8dc643a5df08c3f4dcf359d488736f6c57
2009,Q1_midpoint_binary,autocracy,87,178,0.48876404494382022471910112359550561797752808988764,3485073339.0,6863323893.0,0.50778214657106231369867830307276451305312162105184,6916168196,52844303.0,0.50390234017379874605929841096652242261344796247925,0.51154303101624568992769475440328056475160946187029,0.99235930915755305613160365656324185786183850060896,vdem_e_wb_pop,9b731512a9848138113cd2c395175fe8196fb41d7758cd8b88cf7e87e1175c00,a0801177c4565d233b5ce9b7fa147b8dc643a5df08c3f4dcf359d488736f6c57
2009,Q1_midpoint_binary,democracy,91,178,0.51123595505617977528089887640449438202247191011236,3378250554.0,6863323893.0,0.49221785342893768630132169692723548694687837894816,6916168196,52844303.0,0.48845696898375431007230524559671943524839053812971,0.49609765982620125394070158903347757738655203752075,0.99235930915755305613160365656324185786183850060896,vdem_e_wb_pop,9b731512a9848138113cd2c395175fe8196fb41d7758cd8b88cf7e87e1175c00,a0801177c4565d233b5ce9b7fa147b8dc643a5df08c3f4dcf359d488736f6c57
2009,Q2_boundary_autocracy,autocracy,98,178,0.55056179775280898876404494382022471910112359550562,3629444211.0,6863323893.0,0.52881727098756345987298431582267160825073420442173,6916168196,52844303.0,0.52477674170780099981246899103030431852730494236812,0.53241743255024794368086533446706246066546644175916,0.99235930915755305613160365656324185786183850060896,vdem_e_wb_pop,9b731512a9848138113cd2c395175fe8196fb41d7758cd8b88cf7e87e1175c00,a0801177c4565d233b5ce9b7fa147b8dc643a5df08c3f4dcf359d488736f6c57
2009,Q2_boundary_autocracy,democracy,80,178,0.44943820224719101123595505617977528089887640449438,3233879682.0,6863323893.0,0.47118272901243654012701568417732839174926579557827,6916168196,52844303.0,0.46758256744975205631913466553293753933453355824084,0.47522325829219900018753100896969568147269505763188,0.99235930915755305613160365656324185786183850060896,vdem_e_wb_pop,9b731512a9848138113cd2c395175fe8196fb41d7758cd8b88cf7e87e1175c00,a0801177c4565d233b5ce9b7fa147b8dc643a5df08c3f4dcf359d488736f6c57
2009,Q3_boundary_democracy,autocracy,76,178,0.42696629213483146067415730337078651685393258426966,3107901172.0,6863323893.0,0.45282740847620376175651950978091483755653785520683,6916168196,52844303.0,0.44936749424305065006548027566216812116406776871856,0.45700818508549759393387661909892626330222926810960,0.99235930915755305613160365656324185786183850060896,vdem_e_wb_pop,9b731512a9848138113cd2c395175fe8196fb41d7758cd8b88cf7e87e1175c00,a0801177c4565d233b5ce9b7fa147b8dc643a5df08c3f4dcf359d488736f6c57
2009,Q3_boundary_democracy,democracy,102,178,0.57303370786516853932584269662921348314606741573034,3755422721.0,6863323893.0,0.54717259152379623824348049021908516244346214479317,6916168196,52844303.0,0.54299181491450240606612338090107373669777073189040,0.55063250575694934993451972433783187883593223128144,0.99235930915755305613160365656324185786183850060896,vdem_e_wb_pop,9b731512a9848138113cd2c395175fe8196fb41d7758cd8b88cf7e87e1175c00,a0801177c4565d233b5ce9b7fa147b8dc643a5df08c3f4dcf359d488736f6c57
2010,Q0_three_state,autocracy,76,178,0.42696629213483146067415730337078651685393258426966,3132054613.0,6947265795.0,0.45083270245024503197376227635752922851859880510013,7000860073,53594278.0,0.44738140461902644286717198611262687923744194508485,0.45503678944905545464685078844311876593051854873146,0.99234461516997098822032119766950811330692339635339,vdem_e_wb_pop,9b731512a9848138113cd2c395175fe8196fb41d7758cd8b88cf7e87e1175c00,a0801177c4565d233b5ce9b7fa147b8dc643a5df08c3f4dcf359d488736f6c57
2010,Q0_three_state,boundary,21,178,0.11797752808988764044943820224719101123595505617978,588371338.0,6947265795.0,0.084691064853665930597952600718078614984098215289314,7000860073,53594278.0,0.084042722160546173224450903833969543758941516556147,0.091698106990575185004129706164461430452018120202758,0.99234461516997098822032119766950811330692339635339,vdem_e_wb_pop,9b731512a9848138113cd2c395175fe8196fb41d7758cd8b88cf7e87e1175c00,a0801177c4565d233b5ce9b7fa147b8dc643a5df08c3f4dcf359d488736f6c57
2010,Q0_three_state,democracy,81,178,0.45505617977528089887640449438202247191011235955056,3226839844.0,6947265795.0,0.46447623269608903742828512292439215649730297961056,7000860073,53594278.0,0.46092048839039837212869830772291169031053993471239,0.46857587322042738390837711005340357700361653835900,0.99234461516997098822032119766950811330692339635339,vdem_e_wb_pop,9b731512a9848138113cd2c395175fe8196fb41d7758cd8b88cf7e87e1175c00,a0801177c4565d233b5ce9b7fa147b8dc643a5df08c3f4dcf359d488736f6c57
2010,Q1_midpoint_binary,autocracy,85,178,0.47752808988764044943820224719101123595505617977528,3464938457.0,6947265795.0,0.49874850901684840460318101302758634413238251524246,7000860073,53594278.0,0.49493039724692123553031339096727008673067075597299,0.50258578207695024730999219329776197342374735961960,0.99234461516997098822032119766950811330692339635339,vdem_e_wb_pop,9b731512a9848138113cd2c395175fe8196fb41d7758cd8b88cf7e87e1175c00,a0801177c4565d233b5ce9b7fa147b8dc643a5df08c3f4dcf359d488736f6c57
2010,Q1_midpoint_binary,democracy,93,178,0.52247191011235955056179775280898876404494382022472,3482327338.0,6947265795.0,0.50125149098315159539681898697241365586761748475754,7000860073,53594278.0,0.49741421792304975269000780670223802657625264038040,0.50506960275307876446968660903272991326932924402701,0.99234461516997098822032119766950811330692339635339,vdem_e_wb_pop,9b731512a9848138113cd2c395175fe8196fb41d7758cd8b88cf7e87e1175c00,a0801177c4565d233b5ce9b7fa147b8dc643a5df08c3f4dcf359d488736f6c57
2010,Q2_boundary_autocracy,autocracy,97,178,0.54494382022471910112359550561797752808988764044944,3720425951.0,6947265795.0,0.53552376730391096257171487707560784350269702038944,7000860073,53594278.0,0.53142412677957261609162288994659642299638346164100,0.53907951160960162787130169227708830968946006528761,0.99234461516997098822032119766950811330692339635339,vdem_e_wb_pop,9b731512a9848138113cd2c395175fe8196fb41d7758cd8b88cf7e87e1175c00,a0801177c4565d233b5ce9b7fa147b8dc643a5df08c3f4dcf359d488736f6c57
2010,Q2_boundary_autocracy,democracy,81,178,0.45505617977528089887640449438202247191011235955056,3226839844.0,6947265795.0,0.46447623269608903742828512292439215649730297961056,7000860073,53594278.0,0.46092048839039837212869830772291169031053993471239,0.46857587322042738390837711005340357700361653835900,0.99234461516997098822032119766950811330692339635339,vdem_e_wb_pop,9b731512a9848138113cd2c395175fe8196fb41d7758cd8b88cf7e87e1175c00,a0801177c4565d233b5ce9b7fa147b8dc643a5df08c3f4dcf359d488736f6c57
2010,Q3_boundary_democracy,autocracy,76,178,0.42696629213483146067415730337078651685393258426966,3132054613.0,6947265795.0,0.45083270245024503197376227635752922851859880510013,7000860073,53594278.0,0.44738140461902644286717198611262687923744194508485,0.45503678944905545464685078844311876593051854873146,0.99234461516997098822032119766950811330692339635339,vdem_e_wb_pop,9b731512a9848138113cd2c395175fe8196fb41d7758cd8b88cf7e87e1175c00,a0801177c4565d233b5ce9b7fa147b8dc643a5df08c3f4dcf359d488736f6c57
2010,Q3_boundary_democracy,democracy,102,178,0.57303370786516853932584269662921348314606741573034,3815211182.0,6947265795.0,0.54916729754975496802623772364247077148140119489987,7000860073,53594278.0,0.54496321055094454535314921155688123406948145126854,0.55261859538097355713282801388737312076255805491515,0.99234461516997098822032119766950811330692339635339,vdem_e_wb_pop,9b731512a9848138113cd2c395175fe8196fb41d7758cd8b88cf7e87e1175c00,a0801177c4565d233b5ce9b7fa147b8dc643a5df08c3f4dcf359d488736f6c57
2011,Q0_three_state,autocracy,74,179,0.41340782122905027932960893854748603351955307262570,2943599534.0,7042657450.0,0.41796716010942715948792880732826214627264030852445,7086704141,44046691.0,0.41536932760743567211944653412334403816054552572862,0.42158472620791747541362472126377993236447148584300,0.99378460139951819670582181285956410579607403988562,vdem_e_wb_pop,9b731512a9848138113cd2c395175fe8196fb41d7758cd8b88cf7e87e1175c00,a0801177c4565d233b5ce9b7fa147b8dc643a5df08c3f4dcf359d488736f6c57
2011,Q0_three_state,boundary,24,179,0.13407821229050279329608938547486033519553072625698,841388470.0,7042657450.0,0.11947031017389607668622303928753484950485558544382,7086704141,44046691.0,0.11872775457524211606564372305436138567873649291662,0.12494315317572391935982191019479727988266245303100,0.99378460139951819670582181285956410579607403988562,vdem_e_wb_pop,9b731512a9848138113cd2c395175fe8196fb41d7758cd8b88cf7e87e1175c00,a0801177c4565d233b5ce9b7fa147b8dc643a5df08c3f4dcf359d488736f6c57
2011,Q0_three_state,democracy,81,179,0.45251396648044692737430167597765363128491620111732,3257669446.0,7042657450.0,0.46256252971667676382584815338420300422250410603174,7086704141,44046691.0,0.45968751921684040852073155568185868195679202124039,0.46590291781732221181490974282229457616071798135477,0.99378460139951819670582181285956410579607403988562,vdem_e_wb_pop,9b731512a9848138113cd2c395175fe8196fb41d7758cd8b88cf7e87e1175c00,a0801177c4565d233b5ce9b7fa147b8dc643a5df08c3f4dcf359d488736f6c57
2011,Q1_midpoint_binary,autocracy,86,179,0.48044692737430167597765363128491620111731843575419,3507855669.0,7042657450.0,0.49808693577734637654426881148393778544489623018652,7086704141,44046691.0,0.49499112693379758803733584565344421932457812196396,0.50120652553427939133151403279388011352850408207834,0.99378460139951819670582181285956410579607403988562,vdem_e_wb_pop,9b731512a9848138113cd2c395175fe8196fb41d7758cd8b88cf7e87e1175c00,a0801177c4565d233b5ce9b7fa147b8dc643a5df08c3f4dcf359d488736f6c57
2011,Q1_midpoint_binary,democracy,93,179,0.51955307262569832402234636871508379888268156424581,3534801781.0,7042657450.0,0.50191306422265362345573118851606221455510376981348,7086704141,44046691.0,0.49879347446572060866848596720611988647149591792166,0.50500887306620241196266415434655578067542187803604,0.99378460139951819670582181285956410579607403988562,vdem_e_wb_pop,9b731512a9848138113cd2c395175fe8196fb41d7758cd8b88cf7e87e1175c00,a0801177c4565d233b5ce9b7fa147b8dc643a5df08c3f4dcf359d488736f6c57
2011,Q2_boundary_autocracy,autocracy,98,179,0.54748603351955307262569832402234636871508379888268,3784988004.0,7042657450.0,0.53743747028332323617415184661579699577749589396826,7086704141,44046691.0,0.53409708218267778818509025717770542383928201864523,0.54031248078315959147926844431814131804320797875961,0.99378460139951819670582181285956410579607403988562,vdem_e_wb_pop,9b731512a9848138113cd2c395175fe8196fb41d7758cd8b88cf7e87e1175c00,a0801177c4565d233b5ce9b7fa147b8dc643a5df08c3f4dcf359d488736f6c57
2011,Q2_boundary_autocracy,democracy,81,179,0.45251396648044692737430167597765363128491620111732,3257669446.0,7042657450.0,0.46256252971667676382584815338420300422250410603174,7086704141,44046691.0,0.45968751921684040852073155568185868195679202124039,0.46590291781732221181490974282229457616071798135477,0.99378460139951819670582181285956410579607403988562,vdem_e_wb_pop,9b731512a9848138113cd2c395175fe8196fb41d7758cd8b88cf7e87e1175c00,a0801177c4565d233b5ce9b7fa147b8dc643a5df08c3f4dcf359d488736f6c57
2011,Q3_boundary_democracy,autocracy,74,179,0.41340782122905027932960893854748603351955307262570,2943599534.0,7042657450.0,0.41796716010942715948792880732826214627264030852445,7086704141,44046691.0,0.41536932760743567211944653412334403816054552572862,0.42158472620791747541362472126377993236447148584300,0.99378460139951819670582181285956410579607403988562,vdem_e_wb_pop,9b731512a9848138113cd2c395175fe8196fb41d7758cd8b88cf7e87e1175c00,a0801177c4565d233b5ce9b7fa147b8dc643a5df08c3f4dcf359d488736f6c57
2011,Q3_boundary_democracy,democracy,105,179,0.58659217877094972067039106145251396648044692737430,4099057916.0,7042657450.0,0.58203283989057284051207119267173785372735969147555,7086704141,44046691.0,0.57841527379208252458637527873622006763552851415700,0.58463067239256432788055346587665596183945447427138,0.99378460139951819670582181285956410579607403988562,vdem_e_wb_pop,9b731512a9848138113cd2c395175fe8196fb41d7758cd8b88cf7e87e1175c00,a0801177c4565d233b5ce9b7fa147b8dc643a5df08c3f4dcf359d488736f6c57
2012,Q0_three_state,autocracy,76,179,0.42458100558659217877094972067039106145251396648045,2966240366.0,7095248011.0,0.41806013847596849000406280512750352681082623258284,7176482165,81234154.0,0.41332790882787625516240658002109031925671900558538,0.42464740383006302642988593005163554252350043985652,0.98868050499781322873252064996945477673321856572885,vdem_e_wb_pop,9b731512a9848138113cd2c395175fe8196fb41d7758cd8b88cf7e87e1175c00,a0801177c4565d233b5ce9b7fa147b8dc643a5df08c3f4dcf359d488736f6c57
2012,Q0_three_state,boundary,20,179,0.11173184357541899441340782122905027932960893854749,805073840.0,7095248011.0,0.11346662424651923840974809865599777693239537980119,7176482165,81234154.0,0.11218223936044575956944498307688611109367955908520,0.12350173436263253083692433310743133436046099335635,0.98868050499781322873252064996945477673321856572885,vdem_e_wb_pop,9b731512a9848138113cd2c395175fe8196fb41d7758cd8b88cf7e87e1175c00,a0801177c4565d233b5ce9b7fa147b8dc643a5df08c3f4dcf359d488736f6c57
2012,Q0_three_state,democracy,83,179,0.46368715083798882681564245810055865921787709497207,3323933805.0,7095248011.0,0.46847323727751227158618909621649869625677838761597,7176482165,81234154.0,0.46317035680949121400066908687147834638282000105828,0.47448985181167798526814843690202356964960143532942,0.98868050499781322873252064996945477673321856572885,vdem_e_wb_pop,9b731512a9848138113cd2c395175fe8196fb41d7758cd8b88cf7e87e1175c00,a0801177c4565d233b5ce9b7fa147b8dc643a5df08c3f4dcf359d488736f6c57
2012,Q1_midpoint_binary,autocracy,85,179,0.47486033519553072625698324022346368715083798882682,3374990138.0,7095248011.0,0.47566908623456714288489442909763848704456512901449,7176482165,81234154.0,0.47028475239024021179323867239068098485269488578183,0.48160424739242698306071802242122620811947632005297,0.98868050499781322873252064996945477673321856572885,vdem_e_wb_pop,9b731512a9848138113cd2c395175fe8196fb41d7758cd8b88cf7e87e1175c00,a0801177c4565d233b5ce9b7fa147b8dc643a5df08c3f4dcf359d488736f6c57
2012,Q1_midpoint_binary,democracy,94,179,0.52513966480446927374301675977653631284916201117318,3720257873.0,7095248011.0,0.52433091376543285711510557090236151295543487098551,7176482165,81234154.0,0.51839575260757301693928197757877379188052367994703,0.52971524760975978820676132760931901514730511421817,0.98868050499781322873252064996945477673321856572885,vdem_e_wb_pop,9b731512a9848138113cd2c395175fe8196fb41d7758cd8b88cf7e87e1175c00,a0801177c4565d233b5ce9b7fa147b8dc643a5df08c3f4dcf359d488736f6c57
2012,Q2_boundary_autocracy,autocracy,96,179,0.53631284916201117318435754189944134078212290502793,3771314206.0,7095248011.0,0.53152676272248772841381090378350130374322161238403,7176482165,81234154.0,0.52551014818832201473185156309797643035039856467058,0.53682964319050878599933091312852165361717999894172,0.98868050499781322873252064996945477673321856572885,vdem_e_wb_pop,9b731512a9848138113cd2c395175fe8196fb41d7758cd8b88cf7e87e1175c00,a0801177c4565d233b5ce9b7fa147b8dc643a5df08c3f4dcf359d488736f6c57
2012,Q2_boundary_autocracy,democracy,83,179,0.46368715083798882681564245810055865921787709497207,3323933805.0,7095248011.0,0.46847323727751227158618909621649869625677838761597,7176482165,81234154.0,0.46317035680949121400066908687147834638282000105828,0.47448985181167798526814843690202356964960143532942,0.98868050499781322873252064996945477673321856572885,vdem_e_wb_pop,9b731512a9848138113cd2c395175fe8196fb41d7758cd8b88cf7e87e1175c00,a0801177c4565d233b5ce9b7fa147b8dc643a5df08c3f4dcf359d488736f6c57
2012,Q3_boundary_democracy,autocracy,76,179,0.42458100558659217877094972067039106145251396648045,2966240366.0,7095248011.0,0.41806013847596849000406280512750352681082623258284,7176482165,81234154.0,0.41332790882787625516240658002109031925671900558538,0.42464740383006302642988593005163554252350043985652,0.98868050499781322873252064996945477673321856572885,vdem_e_wb_pop,9b731512a9848138113cd2c395175fe8196fb41d7758cd8b88cf7e87e1175c00,a0801177c4565d233b5ce9b7fa147b8dc643a5df08c3f4dcf359d488736f6c57
2012,Q3_boundary_democracy,democracy,103,179,0.57541899441340782122905027932960893854748603351955,4129007645.0,7095248011.0,0.58193986152403150999593719487249647318917376741716,7176482165,81234154.0,0.57535259616993697357011406994836445747649956014348,0.58667209117212374483759341997890968074328099441462,0.98868050499781322873252064996945477673321856572885,vdem_e_wb_pop,9b731512a9848138113cd2c395175fe8196fb41d7758cd8b88cf7e87e1175c00,a0801177c4565d233b5ce9b7fa147b8dc643a5df08c3f4dcf359d488736f6c57
2013,Q0_three_state,autocracy,76,179,0.42458100558659217877094972067039106145251396648045,3032302825.0,7183100047.0,0.42214403323902360231180001550102313366818124731599,7265404737,82304690.0,0.41736185866667705782899455832476907198074517950974,0.42869015942614512598763154080840575750570191530955,0.98867169924053193184136301751636331447504326420019,vdem_e_wb_pop,9b731512a9848138113cd2c395175fe8196fb41d7758cd8b88cf7e87e1175c00,a0801177c4565d233b5ce9b7fa147b8dc643a5df08c3f4dcf359d488736f6c57
2013,Q0_three_state,boundary,21,179,0.11731843575418994413407821229050279329608938547486,812147154.0,7183100047.0,0.11306360049087591387128566329990865015164670446919,7265404737,82304690.0,0.11178278201956693001231212757418059309969588553150,0.12311108277903499817094911005781727862465262133131,0.98867169924053193184136301751636331447504326420019,vdem_e_wb_pop,9b731512a9848138113cd2c395175fe8196fb41d7758cd8b88cf7e87e1175c00,a0801177c4565d233b5ce9b7fa147b8dc643a5df08c3f4dcf359d488736f6c57
2013,Q0_three_state,democracy,82,179,0.45810055865921787709497206703910614525139664804469,3338650068.0,7183100047.0,0.46479236627010048381691432119906821618017204821483,7265404737,82304690.0,0.45952705855428794400005633161741364939460219915894,0.47085535931375601215869331410105033491955893495875,0.98867169924053193184136301751636331447504326420019,vdem_e_wb_pop,9b731512a9848138113cd2c395175fe8196fb41d7758cd8b88cf7e87e1175c00,a0801177c4565d233b5ce9b7fa147b8dc643a5df08c3f4dcf359d488736f6c57
2013,Q1_midpoint_binary,autocracy,87,179,0.48603351955307262569832402234636871508379888268156,3461366331.0,7183100047.0,0.48187639157909671253114317092011401299642791958456,7265404737,82304690.0,0.47641755088640149903874515559558977395480507282302,0.48774585164586956719738213807922645947976180862283,0.98867169924053193184136301751636331447504326420019,vdem_e_wb_pop,9b731512a9848138113cd2c395175fe8196fb41d7758cd8b88cf7e87e1175c00,a0801177c4565d233b5ce9b7fa147b8dc643a5df08c3f4dcf359d488736f6c57
2013,Q1_midpoint_binary,democracy,92,179,0.51396648044692737430167597765363128491620111731844,3721733716.0,7183100047.0,0.51812360842090328746885682907988598700357208041544,7265404737,82304690.0,0.51225414835413043280261786192077354052023819137717,0.52358244911359850096125484440441022604519492717698,0.98867169924053193184136301751636331447504326420019,vdem_e_wb_pop,9b731512a9848138113cd2c395175fe8196fb41d7758cd8b88cf7e87e1175c00,a0801177c4565d233b5ce9b7fa147b8dc643a5df08c3f4dcf359d488736f6c57
2013,Q2_boundary_autocracy,autocracy,97,179,0.54189944134078212290502793296089385474860335195531,3844449979.0,7183100047.0,0.53520763372989951618308567880093178381982795178517,7265404737,82304690.0,0.52914464068624398784130668589894966508044106504125,0.54047294144571205599994366838258635060539780084106,0.98867169924053193184136301751636331447504326420019,vdem_e_wb_pop,9b731512a9848138113cd2c395175fe8196fb41d7758cd8b88cf7e87e1175c00,a0801177c4565d233b5ce9b7fa147b8dc643a5df08c3f4dcf359d488736f6c57
2013,Q2_boundary_autocracy,democracy,82,179,0.45810055865921787709497206703910614525139664804469,3338650068.0,7183100047.0,0.46479236627010048381691432119906821618017204821483,7265404737,82304690.0,0.45952705855428794400005633161741364939460219915894,0.47085535931375601215869331410105033491955893495875,0.98867169924053193184136301751636331447504326420019,vdem_e_wb_pop,9b731512a9848138113cd2c395175fe8196fb41d7758cd8b88cf7e87e1175c00,a0801177c4565d233b5ce9b7fa147b8dc643a5df08c3f4dcf359d488736f6c57
2013,Q3_boundary_democracy,autocracy,76,179,0.42458100558659217877094972067039106145251396648045,3032302825.0,7183100047.0,0.42214403323902360231180001550102313366818124731599,7265404737,82304690.0,0.41736185866667705782899455832476907198074517950974,0.42869015942614512598763154080840575750570191530955,0.98867169924053193184136301751636331447504326420019,vdem_e_wb_pop,9b731512a9848138113cd2c395175fe8196fb41d7758cd8b88cf7e87e1175c00,a0801177c4565d233b5ce9b7fa147b8dc643a5df08c3f4dcf359d488736f6c57
2013,Q3_boundary_democracy,democracy,103,179,0.57541899441340782122905027932960893854748603351955,4150797222.0,7183100047.0,0.57785596676097639768819998449897686633181875268401,7265404737,82304690.0,0.57130984057385487401236845919159424249429808469045,0.58263814133332294217100544167523092801925482049026,0.98867169924053193184136301751636331447504326420019,vdem_e_wb_pop,9b731512a9848138113cd2c395175fe8196fb41d7758cd8b88cf7e87e1175c00,a0801177c4565d233b5ce9b7fa147b8dc643a5df08c3f4dcf359d488736f6c57
2014,Q0_three_state,autocracy,77,179,0.43016759776536312849162011173184357541899441340782,3129181702.0,7270031581.0,0.43042202322449581116888410941828617071587931524283,7353532223,83500642.0,0.42553450601776196228412175409597032237006898337760,0.43688968057439625365193697880393445309310096974331,0.98864482544336570863218477529203586927696801363428,vdem_e_wb_pop,9b731512a9848138113cd2c395175fe8196fb41d7758cd8b88cf7e87e1175c00,a0801177c4565d233b5ce9b7fa147b8dc643a5df08c3f4dcf359d488736f6c57
2014,Q0_three_state,boundary,19,179,0.10614525139664804469273743016759776536312849162011,744656658.0,7270031581.0,0.10242825628792822158718487690707048112890446603412,7353532223,83500642.0,0.10126516555824712267667994687455930659896150971147,0.11262034011488141404449517158252343732199349607718,0.98864482544336570863218477529203586927696801363428,vdem_e_wb_pop,9b731512a9848138113cd2c395175fe8196fb41d7758cd8b88cf7e87e1175c00,a0801177c4565d233b5ce9b7fa147b8dc643a5df08c3f4dcf359d488736f6c57
2014,Q0_three_state,democracy,83,179,0.46368715083798882681564245810055865921787709497207,3396193221.0,7270031581.0,0.46714972048757596724393101367464334815521621872305,7353532223,83500642.0,0.46184515386735662367138307432150624030793752054522,0.47320032842399091503919829902947037103096950691094,0.98864482544336570863218477529203586927696801363428,vdem_e_wb_pop,9b731512a9848138113cd2c395175fe8196fb41d7758cd8b88cf7e87e1175c00,a0801177c4565d233b5ce9b7fa147b8dc643a5df08c3f4dcf359d488736f6c57
2014,Q1_midpoint_binary,autocracy,87,179,0.48603351955307262569832402234636871508379888268156,3474230965.0,7270031581.0,0.47788388898884482026021064130505322491253150444877,7353532223,83500642.0,0.47245743401157324336375591074907022951111640216172,0.48381260856820753473157113545703436023414838852743,0.98864482544336570863218477529203586927696801363428,vdem_e_wb_pop,9b731512a9848138113cd2c395175fe8196fb41d7758cd8b88cf7e87e1175c00,a0801177c4565d233b5ce9b7fa147b8dc643a5df08c3f4dcf359d488736f6c57
2014,Q1_midpoint_binary,democracy,92,179,0.51396648044692737430167597765363128491620111731844,3795800616.0,7270031581.0,0.52211611101115517973978935869494677508746849555123,7353532223,83500642.0,0.51618739143179246526842886454296563976585161147257,0.52754256598842675663624408925092977048888359783828,0.98864482544336570863218477529203586927696801363428,vdem_e_wb_pop,9b731512a9848138113cd2c395175fe8196fb41d7758cd8b88cf7e87e1175c00,a0801177c4565d233b5ce9b7fa147b8dc643a5df08c3f4dcf359d488736f6c57
2014,Q2_boundary_autocracy,autocracy,96,179,0.53631284916201117318435754189944134078212290502793,3873838360.0,7270031581.0,0.53285027951242403275606898632535665184478378127695,7353532223,83500642.0,0.52679967157600908496080170097052962896903049308906,0.53815484613264337632861692567849375969206247945478,0.98864482544336570863218477529203586927696801363428,vdem_e_wb_pop,9b731512a9848138113cd2c395175fe8196fb41d7758cd8b88cf7e87e1175c00,a0801177c4565d233b5ce9b7fa147b8dc643a5df08c3f4dcf359d488736f6c57
2014,Q2_boundary_autocracy,democracy,83,179,0.46368715083798882681564245810055865921787709497207,3396193221.0,7270031581.0,0.46714972048757596724393101367464334815521621872305,7353532223,83500642.0,0.46184515386735662367138307432150624030793752054522,0.47320032842399091503919829902947037103096950691094,0.98864482544336570863218477529203586927696801363428,vdem_e_wb_pop,9b731512a9848138113cd2c395175fe8196fb41d7758cd8b88cf7e87e1175c00,a0801177c4565d233b5ce9b7fa147b8dc643a5df08c3f4dcf359d488736f6c57
2014,Q3_boundary_democracy,autocracy,77,179,0.43016759776536312849162011173184357541899441340782,3129181702.0,7270031581.0,0.43042202322449581116888410941828617071587931524283,7353532223,83500642.0,0.42553450601776196228412175409597032237006898337760,0.43688968057439625365193697880393445309310096974331,0.98864482544336570863218477529203586927696801363428,vdem_e_wb_pop,9b731512a9848138113cd2c395175fe8196fb41d7758cd8b88cf7e87e1175c00,a0801177c4565d233b5ce9b7fa147b8dc643a5df08c3f4dcf359d488736f6c57
2014,Q3_boundary_democracy,democracy,102,179,0.56983240223463687150837988826815642458100558659218,4140849879.0,7270031581.0,0.56957797677550418883111589058171382928412068475717,7353532223,83500642.0,0.56311031942560374634806302119606554690689903025669,0.57446549398223803771587824590402967762993101662240,0.98864482544336570863218477529203586927696801363428,vdem_e_wb_pop,9b731512a9848138113cd2c395175fe8196fb41d7758cd8b88cf7e87e1175c00,a0801177c4565d233b5ce9b7fa147b8dc643a5df08c3f4dcf359d488736f6c57
2015,Q0_three_state,autocracy,78,179,0.43575418994413407821229050279329608938547486033520,3380560774.0,7356234953.0,0.45955040800067822412305704396116778028092980623970,7441084771,84849818.0,0.45431020852967514190411848487729048074299918495042,0.46571309139034131828734141429659570800769204138395,0.98859711713933382361677707058069477273530714356647,vdem_e_wb_pop,9b731512a9848138113cd2c395175fe8196fb41d7758cd8b88cf7e87e1175c00,a0801177c4565d233b5ce9b7fa147b8dc643a5df08c3f4dcf359d488736f6c57
2015,Q0_three_state,boundary,20,179,0.11173184357541899441340782122905027932960893854749,1893033503.0,7356234953.0,0.25733728124439366312882910443385344655127412160023,7441084771,84849818.0,0.25440289437068153513715695310683082661523948387767,0.26580577723134771152037988252613605387993234031119,0.98859711713933382361677707058069477273530714356647,vdem_e_wb_pop,9b731512a9848138113cd2c395175fe8196fb41d7758cd8b88cf7e87e1175c00,a0801177c4565d233b5ce9b7fa147b8dc643a5df08c3f4dcf359d488736f6c57
2015,Q0_three_state,democracy,81,179,0.45251396648044692737430167597765363128491620111732,2082640676.0,7356234953.0,0.28311231075492811274811385160497877316779607216007,7441084771,84849818.0,0.27988401423897714657550163259657346537706847473839,0.29128689709964332295872456201587869264176133117191,0.98859711713933382361677707058069477273530714356647,vdem_e_wb_pop,9b731512a9848138113cd2c395175fe8196fb41d7758cd8b88cf7e87e1175c00,a0801177c4565d233b5ce9b7fa147b8dc643a5df08c3f4dcf359d488736f6c57
2015,Q1_midpoint_binary,autocracy,85,179,0.47486033519553072625698324022346368715083798882682,3514414184.0,7356234953.0,0.47774632083587284518317097314170030425345496710102,7441084771,84849818.0,0.47229863550226714652757985627308209576100796177853,0.48370151836293332291080278569238732302570081821206,0.98859711713933382361677707058069477273530714356647,vdem_e_wb_pop,9b731512a9848138113cd2c395175fe8196fb41d7758cd8b88cf7e87e1175c00,a0801177c4565d233b5ce9b7fa147b8dc643a5df08c3f4dcf359d488736f6c57
2015,Q1_midpoint_binary,democracy,94,179,0.52513966480446927374301675977653631284916201117318,3841820769.0,7356234953.0,0.52225367916412715481682902685829969574654503289898,7441084771,84849818.0,0.51629848163706667708919721430761267697429918178794,0.52770136449773285347242014372691790423899203822147,0.98859711713933382361677707058069477273530714356647,vdem_e_wb_pop,9b731512a9848138113cd2c395175fe8196fb41d7758cd8b88cf7e87e1175c00,a0801177c4565d233b5ce9b7fa147b8dc643a5df08c3f4dcf359d488736f6c57
2015,Q2_boundary_autocracy,autocracy,98,179,0.54748603351955307262569832402234636871508379888268,5273594277.0,7356234953.0,0.71688768924507188725188614839502122683220392783993,7441084771,84849818.0,0.70871310290035667704127543798412130735823866882809,0.72011598576102285342449836740342653462293152526161,0.98859711713933382361677707058069477273530714356647,vdem_e_wb_pop,9b731512a9848138113cd2c395175fe8196fb41d7758cd8b88cf7e87e1175c00,a0801177c4565d233b5ce9b7fa147b8dc643a5df08c3f4dcf359d488736f6c57
2015,Q2_boundary_autocracy,democracy,81,179,0.45251396648044692737430167597765363128491620111732,2082640676.0,7356234953.0,0.28311231075492811274811385160497877316779607216007,7441084771,84849818.0,0.27988401423897714657550163259657346537706847473839,0.29128689709964332295872456201587869264176133117191,0.98859711713933382361677707058069477273530714356647,vdem_e_wb_pop,9b731512a9848138113cd2c395175fe8196fb41d7758cd8b88cf7e87e1175c00,a0801177c4565d233b5ce9b7fa147b8dc643a5df08c3f4dcf359d488736f6c57
2015,Q3_boundary_democracy,autocracy,78,179,0.43575418994413407821229050279329608938547486033520,3380560774.0,7356234953.0,0.45955040800067822412305704396116778028092980623970,7441084771,84849818.0,0.45431020852967514190411848487729048074299918495042,0.46571309139034131828734141429659570800769204138395,0.98859711713933382361677707058069477273530714356647,vdem_e_wb_pop,9b731512a9848138113cd2c395175fe8196fb41d7758cd8b88cf7e87e1175c00,a0801177c4565d233b5ce9b7fa147b8dc643a5df08c3f4dcf359d488736f6c57
2015,Q3_boundary_democracy,democracy,101,179,0.56424581005586592178770949720670391061452513966480,3975674179.0,7356234953.0,0.54044959199932177587694295603883221971907019376030,7441084771,84849818.0,0.53428690860965868171265858570340429199230795861605,0.54568979147032485809588151512270951925700081504958,0.98859711713933382361677707058069477273530714356647,vdem_e_wb_pop,9b731512a9848138113cd2c395175fe8196fb41d7758cd8b88cf7e87e1175c00,a0801177c4565d233b5ce9b7fa147b8dc643a5df08c3f4dcf359d488736f6c57
2016,Q0_three_state,autocracy,78,179,0.43575418994413407821229050279329608938547486033520,3470770974.0,7442042426.0,0.46637344633702844735704010080847663256791006098465,7528221579,86179153.0,0.46103464644049898521192291808338655702578118815490,0.47248212471882132416177119539058136960290977110200,0.98855252172167766105015172269280518742287141705291,vdem_e_wb_pop,9b731512a9848138113cd2c395175fe8196fb41d7758cd8b88cf7e87e1175c00,a0801177c4565d233b5ce9b7fa147b8dc643a5df08c3f4dcf359d488736f6c57
2016,Q0_three_state,boundary,20,179,0.11173184357541899441340782122905027932960893854749,1855756439.0,7442042426.0,0.24936117436210917940821747204589236508606810783048,7528221579,86179153.0,0.24650661773514198525160068219612641664515491275499,0.25795409601346432420144895950332122922228349570209,0.98855252172167766105015172269280518742287141705291,vdem_e_wb_pop,9b731512a9848138113cd2c395175fe8196fb41d7758cd8b88cf7e87e1175c00,a0801177c4565d233b5ce9b7fa147b8dc643a5df08c3f4dcf359d488736f6c57
2016,Q0_three_state,democracy,81,179,0.45251396648044692737430167597765363128491620111732,2115515013.0,7442042426.0,0.28426537930086237323474242714563100234602183118487,7528221579,86179153.0,0.28101125754603669058662812241329221375193531614301,0.29245873582435902953647639972048702632906389909010,0.98855252172167766105015172269280518742287141705291,vdem_e_wb_pop,9b731512a9848138113cd2c395175fe8196fb41d7758cd8b88cf7e87e1175c00,a0801177c4565d233b5ce9b7fa147b8dc643a5df08c3f4dcf359d488736f6c57
2016,Q1_midpoint_binary,autocracy,84,179,0.46927374301675977653631284916201117318435754189944,3620319660.0,7442042426.0,0.48646855967278786916176604984057638587829249228201,7528221579,86179153.0,0.48089972140284687547717569645142879766982480312034,0.49234719968116921442702397375862361024695338606744,0.98855252172167766105015172269280518742287141705291,vdem_e_wb_pop,9b731512a9848138113cd2c395175fe8196fb41d7758cd8b88cf7e87e1175c00,a0801177c4565d233b5ce9b7fa147b8dc643a5df08c3f4dcf359d488736f6c57
2016,Q1_midpoint_binary,democracy,95,179,0.53072625698324022346368715083798882681564245810056,3821722766.0,7442042426.0,0.51353144032721213083823395015942361412170750771799,7528221579,86179153.0,0.50765280031883078557297602624137638975304661393256,0.51910027859715312452282430354857120233017519687966,0.98855252172167766105015172269280518742287141705291,vdem_e_wb_pop,9b731512a9848138113cd2c395175fe8196fb41d7758cd8b88cf7e87e1175c00,a0801177c4565d233b5ce9b7fa147b8dc643a5df08c3f4dcf359d488736f6c57
2016,Q2_boundary_autocracy,autocracy,98,179,0.54748603351955307262569832402234636871508379888268,5326527413.0,7442042426.0,0.71573462069913762676525757285436899765397816881513,7528221579,86179153.0,0.70754126417564097046352360027951297367093610090990,0.71898874245396330941337187758670778624806468385699,0.98855252172167766105015172269280518742287141705291,vdem_e_wb_pop,9b731512a9848138113cd2c395175fe8196fb41d7758cd8b88cf7e87e1175c00,a0801177c4565d233b5ce9b7fa147b8dc643a5df08c3f4dcf359d488736f6c57
2016,Q2_boundary_autocracy,democracy,81,179,0.45251396648044692737430167597765363128491620111732,2115515013.0,7442042426.0,0.28426537930086237323474242714563100234602183118487,7528221579,86179153.0,0.28101125754603669058662812241329221375193531614301,0.29245873582435902953647639972048702632906389909010,0.98855252172167766105015172269280518742287141705291,vdem_e_wb_pop,9b731512a9848138113cd2c395175fe8196fb41d7758cd8b88cf7e87e1175c00,a0801177c4565d233b5ce9b7fa147b8dc643a5df08c3f4dcf359d488736f6c57
2016,Q3_boundary_democracy,autocracy,78,179,0.43575418994413407821229050279329608938547486033520,3470770974.0,7442042426.0,0.46637344633702844735704010080847663256791006098465,7528221579,86179153.0,0.46103464644049898521192291808338655702578118815490,0.47248212471882132416177119539058136960290977110200,0.98855252172167766105015172269280518742287141705291,vdem_e_wb_pop,9b731512a9848138113cd2c395175fe8196fb41d7758cd8b88cf7e87e1175c00,a0801177c4565d233b5ce9b7fa147b8dc643a5df08c3f4dcf359d488736f6c57
2016,Q3_boundary_democracy,democracy,101,179,0.56424581005586592178770949720670391061452513966480,3971271452.0,7442042426.0,0.53362655366297155264295989919152336743208993901535,7528221579,86179153.0,0.52751787528117867583822880460941863039709022889800,0.53896535355950101478807708191661344297421881184510,0.98855252172167766105015172269280518742287141705291,vdem_e_wb_pop,9b731512a9848138113cd2c395175fe8196fb41d7758cd8b88cf7e87e1175c00,a0801177c4565d233b5ce9b7fa147b8dc643a5df08c3f4dcf359d488736f6c57
2017,Q0_three_state,autocracy,78,179,0.43575418994413407821229050279329608938547486033520,3518222990.0,7526078226.0,0.46747095689834250202756263511630419771297232328289,7613788655,87710429.0,0.46208571703518082483470248098185488706607656684424,0.47360566235733003807681866893112493414751870335439,0.98848005467785078675788381205072995291855786348984,vdem_e_wb_pop,9b731512a9848138113cd2c395175fe8196fb41d7758cd8b88cf7e87e1175c00,a0801177c4565d233b5ce9b7fa147b8dc643a5df08c3f4dcf359d488736f6c57
2017,Q0_three_state,boundary,22,179,0.12290502793296089385474860335195530726256983240223,1898465068.0,7526078226.0,0.25225157259745973838885261674398120984930618232455,7613788655,87710429.0,0.24934564827371084941154043630332420883305960375387,0.26086559359586006265365662425259425591450174026403,0.98848005467785078675788381205072995291855786348984,vdem_e_wb_pop,9b731512a9848138113cd2c395175fe8196fb41d7758cd8b88cf7e87e1175c00,a0801177c4565d233b5ce9b7fa147b8dc643a5df08c3f4dcf359d488736f6c57
2017,Q0_three_state,democracy,79,179,0.44134078212290502793296089385474860335195530726257,2109390168.0,7526078226.0,0.28027747050419775958358474813971459243772149439256,7613788655,87710429.0,0.27704868936895911251164089476555085701942169289174,0.28856863469110832575375708271482090410086382940189,0.98848005467785078675788381205072995291855786348984,vdem_e_wb_pop,9b731512a9848138113cd2c395175fe8196fb41d7758cd8b88cf7e87e1175c00,a0801177c4565d233b5ce9b7fa147b8dc643a5df08c3f4dcf359d488736f6c57
2017,Q1_midpoint_binary,autocracy,86,179,0.48044692737430167597765363128491620111731843575419,5072991595.0,7526078226.0,0.67405512441719868990370496847928989357810057925911,7613788655,87710429.0,0.66629004623979807592912493313750905527334997979400,0.67780999156194728917124112108677910235479211630415,0.98848005467785078675788381205072995291855786348984,vdem_e_wb_pop,9b731512a9848138113cd2c395175fe8196fb41d7758cd8b88cf7e87e1175c00,a0801177c4565d233b5ce9b7fa147b8dc643a5df08c3f4dcf359d488736f6c57
2017,Q1_midpoint_binary,democracy,93,179,0.51955307262569832402234636871508379888268156424581,2453086631.0,7526078226.0,0.32594487558280131009629503152071010642189942074089,7613788655,87710429.0,0.32219000843805271082875887891322089764520788369585,0.33370995376020192407087506686249094472665002020600,0.98848005467785078675788381205072995291855786348984,vdem_e_wb_pop,9b731512a9848138113cd2c395175fe8196fb41d7758cd8b88cf7e87e1175c00,a0801177c4565d233b5ce9b7fa147b8dc643a5df08c3f4dcf359d488736f6c57
2017,Q2_boundary_autocracy,autocracy,100,179,0.55865921787709497206703910614525139664804469273743,5416688058.0,7526078226.0,0.71972252949580224041641525186028540756227850560744,7613788655,87710429.0,0.71143136530889167424624291728517909589913617059811,0.72295131063104088748835910523444914298057830710826,0.98848005467785078675788381205072995291855786348984,vdem_e_wb_pop,9b731512a9848138113cd2c395175fe8196fb41d7758cd8b88cf7e87e1175c00,a0801177c4565d233b5ce9b7fa147b8dc643a5df08c3f4dcf359d488736f6c57
2017,Q2_boundary_autocracy,democracy,79,179,0.44134078212290502793296089385474860335195530726257,2109390168.0,7526078226.0,0.28027747050419775958358474813971459243772149439256,7613788655,87710429.0,0.27704868936895911251164089476555085701942169289174,0.28856863469110832575375708271482090410086382940189,0.98848005467785078675788381205072995291855786348984,vdem_e_wb_pop,9b731512a9848138113cd2c395175fe8196fb41d7758cd8b88cf7e87e1175c00,a0801177c4565d233b5ce9b7fa147b8dc643a5df08c3f4dcf359d488736f6c57
2017,Q3_boundary_democracy,autocracy,78,179,0.43575418994413407821229050279329608938547486033520,3518222990.0,7526078226.0,0.46747095689834250202756263511630419771297232328289,7613788655,87710429.0,0.46208571703518082483470248098185488706607656684424,0.47360566235733003807681866893112493414751870335439,0.98848005467785078675788381205072995291855786348984,vdem_e_wb_pop,9b731512a9848138113cd2c395175fe8196fb41d7758cd8b88cf7e87e1175c00,a0801177c4565d233b5ce9b7fa147b8dc643a5df08c3f4dcf359d488736f6c57
2017,Q3_boundary_democracy,democracy,101,179,0.56424581005586592178770949720670391061452513966480,4007855236.0,7526078226.0,0.53252904310165749797243736488369580228702767671711,7613788655,87710429.0,0.52639433764266996192318133106887506585248129664561,0.53791428296481917516529751901814511293392343315576,0.98848005467785078675788381205072995291855786348984,vdem_e_wb_pop,9b731512a9848138113cd2c395175fe8196fb41d7758cd8b88cf7e87e1175c00,a0801177c4565d233b5ce9b7fa147b8dc643a5df08c3f4dcf359d488736f6c57
2018,Q0_three_state,autocracy,77,179,0.43016759776536312849162011173184357541899441340782,3553854183.0,7607155851.0,0.46717252184767944226518253306652281442787545697149,7696159728,89003877.0,0.46176980579943597553150991462894440592098896209395,0.47333451861018859560758846038336796847727794456191,0.98843528718924737992392145424557643744371101753204,vdem_e_wb_pop,9b731512a9848138113cd2c395175fe8196fb41d7758cd8b88cf7e87e1175c00,a0801177c4565d233b5ce9b7fa147b8dc643a5df08c3f4dcf359d488736f6c57
2018,Q0_three_state,boundary,19,179,0.10614525139664804469273743016759776536312849162011,1895712272.0,7607155851.0,0.24920118755694992267616681960365425935060154455090,7696159728,89003877.0,0.24631924739075529748412726810287428067787108692919,0.25788396020150791756020581385729784323416006939715,0.98843528718924737992392145424557643744371101753204,vdem_e_wb_pop,9b731512a9848138113cd2c395175fe8196fb41d7758cd8b88cf7e87e1175c00,a0801177c4565d233b5ce9b7fa147b8dc643a5df08c3f4dcf359d488736f6c57
2018,Q0_three_state,democracy,83,179,0.46368715083798882681564245810055865921787709497207,2157589396.0,7607155851.0,0.28362629059537063505865064732982292622152299847761,7696159728,89003877.0,0.28034623399905610690828427151375775084485096850890,0.29191094680980872698436281726818131340113995097686,0.98843528718924737992392145424557643744371101753204,vdem_e_wb_pop,9b731512a9848138113cd2c395175fe8196fb41d7758cd8b88cf7e87e1175c00,a0801177c4565d233b5ce9b7fa147b8dc643a5df08c3f4dcf359d488736f6c57
2018,Q1_midpoint_binary,autocracy,85,179,0.47486033519553072625698324022346368715083798882682,5152900078.0,7607155851.0,0.67737537904164598138979287753256785483991788404862,7696159728,89003877.0,0.66954172731795464627602126087266675294762021602367,0.68110644012870726635209980662709031550390919849162,0.98843528718924737992392145424557643744371101753204,vdem_e_wb_pop,9b731512a9848138113cd2c395175fe8196fb41d7758cd8b88cf7e87e1175c00,a0801177c4565d233b5ce9b7fa147b8dc643a5df08c3f4dcf359d488736f6c57
2018,Q1_midpoint_binary,democracy,94,179,0.52513966480446927374301675977653631284916201117318,2454255773.0,7607155851.0,0.32262462095835401861020712246743214516008211595138,7696159728,89003877.0,0.31889355987129273364790019337290968449609080150838,0.33045827268204535372397873912733324705237978397633,0.98843528718924737992392145424557643744371101753204,vdem_e_wb_pop,9b731512a9848138113cd2c395175fe8196fb41d7758cd8b88cf7e87e1175c00,a0801177c4565d233b5ce9b7fa147b8dc643a5df08c3f4dcf359d488736f6c57
2018,Q2_boundary_autocracy,autocracy,96,179,0.53631284916201117318435754189944134078212290502793,5449566455.0,7607155851.0,0.71637370940462936494134935267017707377847700152239,7696159728,89003877.0,0.70808905319019127301563718273181868659886004902314,0.71965376600094389309171572848624224915514903149110,0.98843528718924737992392145424557643744371101753204,vdem_e_wb_pop,9b731512a9848138113cd2c395175fe8196fb41d7758cd8b88cf7e87e1175c00,a0801177c4565d233b5ce9b7fa147b8dc643a5df08c3f4dcf359d488736f6c57
2018,Q2_boundary_autocracy,democracy,83,179,0.46368715083798882681564245810055865921787709497207,2157589396.0,7607155851.0,0.28362629059537063505865064732982292622152299847761,7696159728,89003877.0,0.28034623399905610690828427151375775084485096850890,0.29191094680980872698436281726818131340113995097686,0.98843528718924737992392145424557643744371101753204,vdem_e_wb_pop,9b731512a9848138113cd2c395175fe8196fb41d7758cd8b88cf7e87e1175c00,a0801177c4565d233b5ce9b7fa147b8dc643a5df08c3f4dcf359d488736f6c57
2018,Q3_boundary_democracy,autocracy,77,179,0.43016759776536312849162011173184357541899441340782,3553854183.0,7607155851.0,0.46717252184767944226518253306652281442787545697149,7696159728,89003877.0,0.46176980579943597553150991462894440592098896209395,0.47333451861018859560758846038336796847727794456191,0.98843528718924737992392145424557643744371101753204,vdem_e_wb_pop,9b731512a9848138113cd2c395175fe8196fb41d7758cd8b88cf7e87e1175c00,a0801177c4565d233b5ce9b7fa147b8dc643a5df08c3f4dcf359d488736f6c57
2018,Q3_boundary_democracy,democracy,102,179,0.56983240223463687150837988826815642458100558659218,4053301668.0,7607155851.0,0.53282747815232055773481746693347718557212454302851,7696159728,89003877.0,0.52666548138981140439241153961663203152272205543809,0.53823019420056402446849008537105559407901103790605,0.98843528718924737992392145424557643744371101753204,vdem_e_wb_pop,9b731512a9848138113cd2c395175fe8196fb41d7758cd8b88cf7e87e1175c00,a0801177c4565d233b5ce9b7fa147b8dc643a5df08c3f4dcf359d488736f6c57
2019,Q0_three_state,autocracy,78,179,0.43575418994413407821229050279329608938547486033520,5032583259.0,7686389151.0,0.65473958709796269070009775777484571441782313163030,7777162476,90773325.0,0.64709761105420423776678212733792961843221237081945,0.65876939048277123842873409450935585674396549665192,0.98832822057143299933804803282857376168824687416753,vdem_e_wb_pop,9b731512a9848138113cd2c395175fe8196fb41d7758cd8b88cf7e87e1175c00,a0801177c4565d233b5ce9b7fa147b8dc643a5df08c3f4dcf359d488736f6c57
2019,Q0_three_state,boundary,18,179,0.10055865921787709497206703910614525139664804469274,499869812.0,7686389151.0,0.065033112711313463395056772087182604840247698772804,7777162476,90773325.0,0.064274060564193875792186805793563312975075358320185,0.075945839992760876454138772964989551286828484152656,0.98832822057143299933804803282857376168824687416753,vdem_e_wb_pop,9b731512a9848138113cd2c395175fe8196fb41d7758cd8b88cf7e87e1175c00,a0801177c4565d233b5ce9b7fa147b8dc643a5df08c3f4dcf359d488736f6c57
2019,Q0_three_state,democracy,83,179,0.46368715083798882681564245810055865921787709497207,2153936080.0,7686389151.0,0.28022730019072384590484547013797168074192916959689,7777162476,90773325.0,0.27695654895303488577907909969708083028095914502790,0.28862832838160188644103106686850706859271227086037,0.98832822057143299933804803282857376168824687416753,vdem_e_wb_pop,9b731512a9848138113cd2c395175fe8196fb41d7758cd8b88cf7e87e1175c00,a0801177c4565d233b5ce9b7fa147b8dc643a5df08c3f4dcf359d488736f6c57
2019,Q1_midpoint_binary,autocracy,86,179,0.48044692737430167597765363128491620111731843575419,5207533356.0,7686389151.0,0.67750061227676709391213075727344213930757823531384,7777162476,90773325.0,0.66959297456755357620742601546235203020336128052881,0.68126475399612057686937798263377826851511440636128,0.98832822057143299933804803282857376168824687416753,vdem_e_wb_pop,9b731512a9848138113cd2c395175fe8196fb41d7758cd8b88cf7e87e1175c00,a0801177c4565d233b5ce9b7fa147b8dc643a5df08c3f4dcf359d488736f6c57
2019,Q1_midpoint_binary,democracy,93,179,0.51955307262569832402234636871508379888268156424581,2478855795.0,7686389151.0,0.32249938772323290608786924272655786069242176468616,7777162476,90773325.0,0.31873524600387942313062201736622173148488559363872,0.33040702543244642379257398453764796979663871947119,0.98832822057143299933804803282857376168824687416753,vdem_e_wb_pop,9b731512a9848138113cd2c395175fe8196fb41d7758cd8b88cf7e87e1175c00,a0801177c4565d233b5ce9b7fa147b8dc643a5df08c3f4dcf359d488736f6c57
2019,Q2_boundary_autocracy,autocracy,96,179,0.53631284916201117318435754189944134078212290502793,5532453071.0,7686389151.0,0.71977269980927615409515452986202831925807083040311,7777162476,90773325.0,0.71137167161839811355896893313149293140728772913963,0.72304345104696511422092090030291916971904085497210,0.98832822057143299933804803282857376168824687416753,vdem_e_wb_pop,9b731512a9848138113cd2c395175fe8196fb41d7758cd8b88cf7e87e1175c00,a0801177c4565d233b5ce9b7fa147b8dc643a5df08c3f4dcf359d488736f6c57
2019,Q2_boundary_autocracy,democracy,83,179,0.46368715083798882681564245810055865921787709497207,2153936080.0,7686389151.0,0.28022730019072384590484547013797168074192916959689,7777162476,90773325.0,0.27695654895303488577907909969708083028095914502790,0.28862832838160188644103106686850706859271227086037,0.98832822057143299933804803282857376168824687416753,vdem_e_wb_pop,9b731512a9848138113cd2c395175fe8196fb41d7758cd8b88cf7e87e1175c00,a0801177c4565d233b5ce9b7fa147b8dc643a5df08c3f4dcf359d488736f6c57
2019,Q3_boundary_democracy,autocracy,78,179,0.43575418994413407821229050279329608938547486033520,5032583259.0,7686389151.0,0.65473958709796269070009775777484571441782313163030,7777162476,90773325.0,0.64709761105420423776678212733792961843221237081945,0.65876939048277123842873409450935585674396549665192,0.98832822057143299933804803282857376168824687416753,vdem_e_wb_pop,9b731512a9848138113cd2c395175fe8196fb41d7758cd8b88cf7e87e1175c00,a0801177c4565d233b5ce9b7fa147b8dc643a5df08c3f4dcf359d488736f6c57
2019,Q3_boundary_democracy,democracy,101,179,0.56424581005586592178770949720670391061452513966480,2653805892.0,7686389151.0,0.34526041290203730929990224222515428558217686836970,7777162476,90773325.0,0.34123060951722876157126590549064414325603450334808,0.35290238894579576223321787266207038156778762918055,0.98832822057143299933804803282857376168824687416753,vdem_e_wb_pop,9b731512a9848138113cd2c395175fe8196fb41d7758cd8b88cf7e87e1175c00,a0801177c4565d233b5ce9b7fa147b8dc643a5df08c3f4dcf359d488736f6c57
2020,Q0_three_state,autocracy,82,179,0.45810055865921787709497206703910614525139664804469,5182179324.0,7761793195.0,0.66765233159500586255957312967290414905211861934953,7853863139,92069944.0,0.65982551927430524582254246485666956310836218150707,0.67154840549864081353200672319482342331659517857560,0.98827711377566443229053574166184613979176700293147,vdem_e_wb_pop,9b731512a9848138113cd2c395175fe8196fb41d7758cd8b88cf7e87e1175c00,a0801177c4565d233b5ce9b7fa147b8dc643a5df08c3f4dcf359d488736f6c57
2020,Q0_three_state,boundary,16,179,0.089385474860335195530726256983240223463687150837989,419973138.0,7761793195.0,0.054107746425212505291439937675381468341221374167262,7853863139,92069944.0,0.053473447470014539554354207852207901836726925933768,0.065196333694350107263818466190361762044959923002295,0.98827711377566443229053574166184613979176700293147,vdem_e_wb_pop,9b731512a9848138113cd2c395175fe8196fb41d7758cd8b88cf7e87e1175c00,a0801177c4565d233b5ce9b7fa147b8dc643a5df08c3f4dcf359d488736f6c57
2020,Q0_three_state,democracy,81,179,0.45251396648044692737430167597765363128491620111732,2159640733.0,7761793195.0,0.27823992197978163214898693265171438260666000648321,7853863139,92069944.0,0.27497814703134464691363906895296867484667789549064,0.28670103325568021462310332729112253505491089255916,0.98827711377566443229053574166184613979176700293147,vdem_e_wb_pop,9b731512a9848138113cd2c395175fe8196fb41d7758cd8b88cf7e87e1175c00,a0801177c4565d233b5ce9b7fa147b8dc643a5df08c3f4dcf359d488736f6c57
2020,Q1_midpoint_binary,autocracy,87,179,0.48603351955307262569832402234636871508379888268156,5276162956.0,7761793195.0,0.67976082632539142264534400545826446745467559445843,7853863139,92069944.0,0.67179206749861852921193359745913952830341012643409,0.68351495372295409692139785579729338851164312350261,0.98827711377566443229053574166184613979176700293147,vdem_e_wb_pop,9b731512a9848138113cd2c395175fe8196fb41d7758cd8b88cf7e87e1175c00,a0801177c4565d233b5ce9b7fa147b8dc643a5df08c3f4dcf359d488736f6c57
2020,Q1_midpoint_binary,democracy,92,179,0.51396648044692737430167597765363128491620111731844,2485630239.0,7761793195.0,0.32023917367460857735465599454173553254532440554157,7853863139,92069944.0,0.31648504627704590307860214420270661148835687649739,0.32820793250138147078806640254086047169658987356591,0.98827711377566443229053574166184613979176700293147,vdem_e_wb_pop,9b731512a9848138113cd2c395175fe8196fb41d7758cd8b88cf7e87e1175c00,a0801177c4565d233b5ce9b7fa147b8dc643a5df08c3f4dcf359d488736f6c57
2020,Q2_boundary_autocracy,autocracy,98,179,0.54748603351955307262569832402234636871508379888268,5602152462.0,7761793195.0,0.72176007802021836785101306734828561739333999351679,7853863139,92069944.0,0.71329896674431978537689667270887746494508910744084,0.72502185296865535308636093104703132515332210450936,0.98827711377566443229053574166184613979176700293147,vdem_e_wb_pop,9b731512a9848138113cd2c395175fe8196fb41d7758cd8b88cf7e87e1175c00,a0801177c4565d233b5ce9b7fa147b8dc643a5df08c3f4dcf359d488736f6c57
2020,Q2_boundary_autocracy,democracy,81,179,0.45251396648044692737430167597765363128491620111732,2159640733.0,7761793195.0,0.27823992197978163214898693265171438260666000648321,7853863139,92069944.0,0.27497814703134464691363906895296867484667789549064,0.28670103325568021462310332729112253505491089255916,0.98827711377566443229053574166184613979176700293147,vdem_e_wb_pop,9b731512a9848138113cd2c395175fe8196fb41d7758cd8b88cf7e87e1175c00,a0801177c4565d233b5ce9b7fa147b8dc643a5df08c3f4dcf359d488736f6c57
2020,Q3_boundary_democracy,autocracy,82,179,0.45810055865921787709497206703910614525139664804469,5182179324.0,7761793195.0,0.66765233159500586255957312967290414905211861934953,7853863139,92069944.0,0.65982551927430524582254246485666956310836218150707,0.67154840549864081353200672319482342331659517857560,0.98827711377566443229053574166184613979176700293147,vdem_e_wb_pop,9b731512a9848138113cd2c395175fe8196fb41d7758cd8b88cf7e87e1175c00,a0801177c4565d233b5ce9b7fa147b8dc643a5df08c3f4dcf359d488736f6c57
2020,Q3_boundary_democracy,democracy,97,179,0.54189944134078212290502793296089385474860335195531,2579613871.0,7761793195.0,0.33234766840499413744042687032709585094788138065047,7853863139,92069944.0,0.32845159450135918646799327680517657668340482142440,0.34017448072569475417745753514333043689163781849293,0.98827711377566443229053574166184613979176700293147,vdem_e_wb_pop,9b731512a9848138113cd2c395175fe8196fb41d7758cd8b88cf7e87e1175c00,a0801177c4565d233b5ce9b7fa147b8dc643a5df08c3f4dcf359d488736f6c57
2021,Q0_three_state,autocracy,82,179,0.45810055865921787709497206703910614525139664804469,5224559743.0,7826335377.0,0.66756144368076957252019893856894704347653973530963,7919567995,93232618.0,0.65970261841283679767181543088702277124650155870024,0.67147505575523504296903255516527704236220778858279,0.98822756265760175470278287572174572888429377011744,vdem_e_wb_pop,9b731512a9848138113cd2c395175fe8196fb41d7758cd8b88cf7e87e1175c00,a0801177c4565d233b5ce9b7fa147b8dc643a5df08c3f4dcf359d488736f6c57
2021,Q0_three_state,boundary,15,179,0.083798882681564245810055865921787709497206703910615,687304339.0,7826335377.0,0.087819433475831737283343358568161702738643064414131,7919567995,93232618.0,0.086785584697792597208454171495499610266304683706425,0.098558022040190842505671295773753881382010913588980,0.98822756265760175470278287572174572888429377011744,vdem_e_wb_pop,9b731512a9848138113cd2c395175fe8196fb41d7758cd8b88cf7e87e1175c00,a0801177c4565d233b5ce9b7fa147b8dc643a5df08c3f4dcf359d488736f6c57
2021,Q0_three_state,democracy,82,179,0.45810055865921787709497206703910614525139664804469,1914471295.0,7826335377.0,0.24461912284339869019645770286289125378481720027624,7919567995,93232618.0,0.24173935954697235982251327333922334737148752771078,0.25351179688937060511973039761747761848719375759334,0.98822756265760175470278287572174572888429377011744,vdem_e_wb_pop,9b731512a9848138113cd2c395175fe8196fb41d7758cd8b88cf7e87e1175c00,a0801177c4565d233b5ce9b7fa147b8dc643a5df08c3f4dcf359d488736f6c57
2021,Q1_midpoint_binary,autocracy,87,179,0.48603351955307262569832402234636871508379888268156,5536445692.0,7826335377.0,0.70741227219452954450101634074146321879505113367441,7919567995,93232618.0,0.69908430554487587299261517357551268805035368599042,0.71085674288727411828983229785376695916605991587297,0.98822756265760175470278287572174572888429377011744,vdem_e_wb_pop,9b731512a9848138113cd2c395175fe8196fb41d7758cd8b88cf7e87e1175c00,a0801177c4565d233b5ce9b7fa147b8dc643a5df08c3f4dcf359d488736f6c57
2021,Q1_midpoint_binary,democracy,92,179,0.51396648044692737430167597765363128491620111731844,2289889685.0,7826335377.0,0.29258772780547045549898365925853678120494886632559,7919567995,93232618.0,0.28914325711272588171016770214623304083394008412703,0.30091569445512412700738482642448731194964631400958,0.98822756265760175470278287572174572888429377011744,vdem_e_wb_pop,9b731512a9848138113cd2c395175fe8196fb41d7758cd8b88cf7e87e1175c00,a0801177c4565d233b5ce9b7fa147b8dc643a5df08c3f4dcf359d488736f6c57
2021,Q2_boundary_autocracy,autocracy,97,179,0.54189944134078212290502793296089385474860335195531,5911864082.0,7826335377.0,0.75538087715660130980354229713710874621518279972376,7919567995,93232618.0,0.74648820311062939488026960238252238151280624240666,0.75826064045302764017748672666077665262851247228922,0.98822756265760175470278287572174572888429377011744,vdem_e_wb_pop,9b731512a9848138113cd2c395175fe8196fb41d7758cd8b88cf7e87e1175c00,a0801177c4565d233b5ce9b7fa147b8dc643a5df08c3f4dcf359d488736f6c57
2021,Q2_boundary_autocracy,democracy,82,179,0.45810055865921787709497206703910614525139664804469,1914471295.0,7826335377.0,0.24461912284339869019645770286289125378481720027624,7919567995,93232618.0,0.24173935954697235982251327333922334737148752771078,0.25351179688937060511973039761747761848719375759334,0.98822756265760175470278287572174572888429377011744,vdem_e_wb_pop,9b731512a9848138113cd2c395175fe8196fb41d7758cd8b88cf7e87e1175c00,a0801177c4565d233b5ce9b7fa147b8dc643a5df08c3f4dcf359d488736f6c57
2021,Q3_boundary_democracy,autocracy,82,179,0.45810055865921787709497206703910614525139664804469,5224559743.0,7826335377.0,0.66756144368076957252019893856894704347653973530963,7919567995,93232618.0,0.65970261841283679767181543088702277124650155870024,0.67147505575523504296903255516527704236220778858279,0.98822756265760175470278287572174572888429377011744,vdem_e_wb_pop,9b731512a9848138113cd2c395175fe8196fb41d7758cd8b88cf7e87e1175c00,a0801177c4565d233b5ce9b7fa147b8dc643a5df08c3f4dcf359d488736f6c57
2021,Q3_boundary_democracy,democracy,97,179,0.54189944134078212290502793296089385474860335195531,2601775634.0,7826335377.0,0.33243855631923042747980106143105295652346026469037,7919567995,93232618.0,0.32852494424476495703096744483472295763779221141721,0.34029738158716320232818456911297722875349844129976,0.98822756265760175470278287572174572888429377011744,vdem_e_wb_pop,9b731512a9848138113cd2c395175fe8196fb41d7758cd8b88cf7e87e1175c00,a0801177c4565d233b5ce9b7fa147b8dc643a5df08c3f4dcf359d488736f6c57
2022,Q0_three_state,autocracy,84,179,0.46927374301675977653631284916201117318435754189944,5296981748.0,7894342004.0,0.67098457924879130939663302684548856543307165287084,7988550201,94208197.0,0.66307172324421623797967543122159069223579634108880,0.67486462616522524623238579057406614399518123526404,0.98820709707899099174728964064752454824061510582476,vdem_e_wb_pop,9b731512a9848138113cd2c395175fe8196fb41d7758cd8b88cf7e87e1175c00,a0801177c4565d233b5ce9b7fa147b8dc643a5df08c3f4dcf359d488736f6c57
2022,Q0_three_state,boundary,15,179,0.083798882681564245810055865921787709497206703910615,711784296.0,7894342004.0,0.090163853509177153202039053690838803948023126462966,7988550201,94208197.0,0.089100559937759349632958512342707878039909184267264,0.10089346285876835788566887169518332979929407844251,0.98820709707899099174728964064752454824061510582476,vdem_e_wb_pop,9b731512a9848138113cd2c395175fe8196fb41d7758cd8b88cf7e87e1175c00,a0801177c4565d233b5ce9b7fa147b8dc643a5df08c3f4dcf359d488736f6c57
2022,Q0_three_state,democracy,80,179,0.44692737430167597765363128491620111731843575418994,1885575960.0,7894342004.0,0.23885156724203153740132791946367263061890522066619,7988550201,94208197.0,0.23603481389701540413465569708322597796490958046869,0.24782771681802441238736605643570142972429447464394,0.98820709707899099174728964064752454824061510582476,vdem_e_wb_pop,9b731512a9848138113cd2c395175fe8196fb41d7758cd8b88cf7e87e1175c00,a0801177c4565d233b5ce9b7fa147b8dc643a5df08c3f4dcf359d488736f6c57
2022,Q1_midpoint_binary,autocracy,88,179,0.49162011173184357541899441340782122905027932960894,5586087035.0,7894342004.0,0.70760641383025644755180029061228900870406222142184,7988550201,94208197.0,0.69926168008567290719589232759707858785226403310925,0.71105458300668191544860268694955403961164892728450,0.98820709707899099174728964064752454824061510582476,vdem_e_wb_pop,9b731512a9848138113cd2c395175fe8196fb41d7758cd8b88cf7e87e1175c00,a0801177c4565d233b5ce9b7fa147b8dc643a5df08c3f4dcf359d488736f6c57
2022,Q1_midpoint_binary,democracy,91,179,0.50837988826815642458100558659217877094972067039106,2308254969.0,7894342004.0,0.29239358616974355244819970938771099129593777857816,7988550201,94208197.0,0.28894541699331808455139731305044596038835107271550,0.30073831991432709280410767240292141214773596689075,0.98820709707899099174728964064752454824061510582476,vdem_e_wb_pop,9b731512a9848138113cd2c395175fe8196fb41d7758cd8b88cf7e87e1175c00,a0801177c4565d233b5ce9b7fa147b8dc643a5df08c3f4dcf359d488736f6c57
2022,Q2_boundary_autocracy,autocracy,99,179,0.55307262569832402234636871508379888268156424581006,6008766044.0,7894342004.0,0.76114843275796846259867208053632736938109477933381,7988550201,94208197.0,0.75217228318197558761263394356429857027570552535606,0.76396518610298459586534430291677402203509041953131,0.98820709707899099174728964064752454824061510582476,vdem_e_wb_pop,9b731512a9848138113cd2c395175fe8196fb41d7758cd8b88cf7e87e1175c00,a0801177c4565d233b5ce9b7fa147b8dc643a5df08c3f4dcf359d488736f6c57
2022,Q2_boundary_autocracy,democracy,80,179,0.44692737430167597765363128491620111731843575418994,1885575960.0,7894342004.0,0.23885156724203153740132791946367263061890522066619,7988550201,94208197.0,0.23603481389701540413465569708322597796490958046869,0.24782771681802441238736605643570142972429447464394,0.98820709707899099174728964064752454824061510582476,vdem_e_wb_pop,9b731512a9848138113cd2c395175fe8196fb41d7758cd8b88cf7e87e1175c00,a0801177c4565d233b5ce9b7fa147b8dc643a5df08c3f4dcf359d488736f6c57
2022,Q3_boundary_democracy,autocracy,84,179,0.46927374301675977653631284916201117318435754189944,5296981748.0,7894342004.0,0.67098457924879130939663302684548856543307165287084,7988550201,94208197.0,0.66307172324421623797967543122159069223579634108880,0.67486462616522524623238579057406614399518123526404,0.98820709707899099174728964064752454824061510582476,vdem_e_wb_pop,9b731512a9848138113cd2c395175fe8196fb41d7758cd8b88cf7e87e1175c00,a0801177c4565d233b5ce9b7fa147b8dc643a5df08c3f4dcf359d488736f6c57
2022,Q3_boundary_democracy,democracy,95,179,0.53072625698324022346368715083798882681564245810056,2597360256.0,7894342004.0,0.32901542075120869060336697315451143456692834712916,7988550201,94208197.0,0.32513537383477475376761420942593385600481876473596,0.33692827675578376202032456877840930776420365891120,0.98820709707899099174728964064752454824061510582476,vdem_e_wb_pop,9b731512a9848138113cd2c395175fe8196fb41d7758cd8b88cf7e87e1175c00,a0801177c4565d233b5ce9b7fa147b8dc643a5df08c3f4dcf359d488736f6c57
2023,Q0_three_state,autocracy,84,179,0.46927374301675977653631284916201117318435754189944,5387814923.0,7967770893.0,0.67620103481306261500207521089926499722712345815438,8062923417,95152524.0,0.66822102162600758830945497990707258133938939779961,0.68002226530387495555695416324205426841647502652945,0.98819875632213263275250081666501831292291437127016,vdem_e_wb_pop,9b731512a9848138113cd2c395175fe8196fb41d7758cd8b88cf7e87e1175c00,a0801177c4565d233b5ce9b7fa147b8dc643a5df08c3f4dcf359d488736f6c57
2023,Q0_three_state,boundary,17,179,0.094972067039106145251396648044692737430167597765363,762391787.0,7967770893.0,0.095684451427913315127496098801293683231913179459439,8062923417,95152524.0,0.094555255900429445936780128541806290109278858849417,0.10635649957829681318427931187678797718636448757926,0.98819875632213263275250081666501831292291437127016,vdem_e_wb_pop,9b731512a9848138113cd2c395175fe8196fb41d7758cd8b88cf7e87e1175c00,a0801177c4565d233b5ce9b7fa147b8dc643a5df08c3f4dcf359d488736f6c57
2023,Q0_three_state,democracy,78,179,0.43575418994413407821229050279329608938547486033520,1817564183.0,7967770893.0,0.22811451375902406987042869029944131954096336238618,8062923417,95152524.0,0.22542247879569559850626570821613944147424611462113,0.23722372247356296575376489155112112855133174335097,0.98819875632213263275250081666501831292291437127016,vdem_e_wb_pop,9b731512a9848138113cd2c395175fe8196fb41d7758cd8b88cf7e87e1175c00,a0801177c4565d233b5ce9b7fa147b8dc643a5df08c3f4dcf359d488736f6c57
2023,Q1_midpoint_binary,autocracy,89,179,0.49720670391061452513966480446927374301675977653631,5640344414.0,7967770893.0,0.70789490432703886231082171754910172214461036461431,8062923417,95152524.0,0.69954086406275487014215801772137804245251459021764,0.71134210774062223738965720105635972952960021894748,0.98819875632213263275250081666501831292291437127016,vdem_e_wb_pop,9b731512a9848138113cd2c395175fe8196fb41d7758cd8b88cf7e87e1175c00,a0801177c4565d233b5ce9b7fa147b8dc643a5df08c3f4dcf359d488736f6c57
2023,Q1_midpoint_binary,democracy,90,179,0.50279329608938547486033519553072625698324022346369,2327426479.0,7967770893.0,0.29210509567296113768917828245089827785538963538569,8062923417,95152524.0,0.28865789225937776261034279894364027047039978105252,0.30045913593724512985784198227862195754748540978236,0.98819875632213263275250081666501831292291437127016,vdem_e_wb_pop,9b731512a9848138113cd2c395175fe8196fb41d7758cd8b88cf7e87e1175c00,a0801177c4565d233b5ce9b7fa147b8dc643a5df08c3f4dcf359d488736f6c57
2023,Q2_boundary_autocracy,autocracy,101,179,0.56424581005586592178770949720670391061452513966480,6150206710.0,7967770893.0,0.77188548624097593012957130970055868045903663761382,8062923417,95152524.0,0.76277627752643703424623510844887887144866825664903,0.77457752120430440149373429178386055852575388537887,0.98819875632213263275250081666501831292291437127016,vdem_e_wb_pop,9b731512a9848138113cd2c395175fe8196fb41d7758cd8b88cf7e87e1175c00,a0801177c4565d233b5ce9b7fa147b8dc643a5df08c3f4dcf359d488736f6c57
2023,Q2_boundary_autocracy,democracy,78,179,0.43575418994413407821229050279329608938547486033520,1817564183.0,7967770893.0,0.22811451375902406987042869029944131954096336238618,8062923417,95152524.0,0.22542247879569559850626570821613944147424611462113,0.23722372247356296575376489155112112855133174335097,0.98819875632213263275250081666501831292291437127016,vdem_e_wb_pop,9b731512a9848138113cd2c395175fe8196fb41d7758cd8b88cf7e87e1175c00,a0801177c4565d233b5ce9b7fa147b8dc643a5df08c3f4dcf359d488736f6c57
2023,Q3_boundary_democracy,autocracy,84,179,0.46927374301675977653631284916201117318435754189944,5387814923.0,7967770893.0,0.67620103481306261500207521089926499722712345815438,8062923417,95152524.0,0.66822102162600758830945497990707258133938939779961,0.68002226530387495555695416324205426841647502652945,0.98819875632213263275250081666501831292291437127016,vdem_e_wb_pop,9b731512a9848138113cd2c395175fe8196fb41d7758cd8b88cf7e87e1175c00,a0801177c4565d233b5ce9b7fa147b8dc643a5df08c3f4dcf359d488736f6c57
2023,Q3_boundary_democracy,democracy,95,179,0.53072625698324022346368715083798882681564245810056,2579955970.0,7967770893.0,0.32379896518693738499792478910073500277287654184562,8062923417,95152524.0,0.31997773469612504444304583675794573158352497347055,0.33177897837399241169054502009292741866061060220039,0.98819875632213263275250081666501831292291437127016,vdem_e_wb_pop,9b731512a9848138113cd2c395175fe8196fb41d7758cd8b88cf7e87e1175c00,a0801177c4565d233b5ce9b7fa147b8dc643a5df08c3f4dcf359d488736f6c57
2024,Q0_three_state,autocracy,85,179,0.47486033519553072625698324022346368715083798882682,5445160346.0,8045022701.0,0.67683592059015123467704432522271884637159335220128,8140897523,95874822.0,0.66886486786206410769482425285652376587470280578792,0.68064180298858185246314885961253980029985448079936,0.98822306487348225523167539324398396557484832498855,vdem_e_wb_pop,9b731512a9848138113cd2c395175fe8196fb41d7758cd8b88cf7e87e1175c00,a0801177c4565d233b5ce9b7fa147b8dc643a5df08c3f4dcf359d488736f6c57
2024,Q0_three_state,boundary,18,179,0.10055865921787709497206703910614525139664804469274,832846033.0,8045022701.0,0.10352314268752490372867128097367938054746826499974,8140897523,95874822.0,0.10230395735200068308242233600217743460716941885524,0.11408089247851842785074694275819346903232109386669,0.98822306487348225523167539324398396557484832498855,vdem_e_wb_pop,9b731512a9848138113cd2c395175fe8196fb41d7758cd8b88cf7e87e1175c00,a0801177c4565d233b5ce9b7fa147b8dc643a5df08c3f4dcf359d488736f6c57
2024,Q0_three_state,democracy,76,179,0.42458100558659217877094972067039106145251396648045,1767016322.0,8045022701.0,0.21964093672232386159428439380360177308093838279898,8140897523,95874822.0,0.21705423965941746445442880438528276509297610034539,0.22883117478593520922275341114129879951812777535684,0.98822306487348225523167539324398396557484832498855,vdem_e_wb_pop,9b731512a9848138113cd2c395175fe8196fb41d7758cd8b88cf7e87e1175c00,a0801177c4565d233b5ce9b7fa147b8dc643a5df08c3f4dcf359d488736f6c57
2024,Q1_midpoint_binary,autocracy,93,179,0.51955307262569832402234636871508379888268156424581,6120895162.0,8045022701.0,0.76083006717173960650580394179549003114739626139931,8140897523,95874822.0,0.75186982082835389107255809391177862637738549015267,0.76364675595487163584088270066779466080253716516412,0.98822306487348225523167539324398396557484832498855,vdem_e_wb_pop,9b731512a9848138113cd2c395175fe8196fb41d7758cd8b88cf7e87e1175c00,a0801177c4565d233b5ce9b7fa147b8dc643a5df08c3f4dcf359d488736f6c57
2024,Q1_midpoint_binary,democracy,86,179,0.48044692737430167597765363128491620111731843575419,1924127539.0,8045022701.0,0.23916993282826039349419605820450996885260373860069,8140897523,95874822.0,0.23635324404512836415911729933220533919746283483588,0.24813017917164610892744190608822137362261450984733,0.98822306487348225523167539324398396557484832498855,vdem_e_wb_pop,9b731512a9848138113cd2c395175fe8196fb41d7758cd8b88cf7e87e1175c00,a0801177c4565d233b5ce9b7fa147b8dc643a5df08c3f4dcf359d488736f6c57
2024,Q2_boundary_autocracy,autocracy,103,179,0.57541899441340782122905027932960893854748603351955,6278006379.0,8045022701.0,0.78035906327767613840571560619639822691906161720102,8140897523,95874822.0,0.77116882521406479077724658885870120048187222464316,0.78294576034058253554557119561471723490702389965461,0.98822306487348225523167539324398396557484832498855,vdem_e_wb_pop,9b731512a9848138113cd2c395175fe8196fb41d7758cd8b88cf7e87e1175c00,a0801177c4565d233b5ce9b7fa147b8dc643a5df08c3f4dcf359d488736f6c57
2024,Q2_boundary_autocracy,democracy,76,179,0.42458100558659217877094972067039106145251396648045,1767016322.0,8045022701.0,0.21964093672232386159428439380360177308093838279898,8140897523,95874822.0,0.21705423965941746445442880438528276509297610034539,0.22883117478593520922275341114129879951812777535684,0.98822306487348225523167539324398396557484832498855,vdem_e_wb_pop,9b731512a9848138113cd2c395175fe8196fb41d7758cd8b88cf7e87e1175c00,a0801177c4565d233b5ce9b7fa147b8dc643a5df08c3f4dcf359d488736f6c57
2024,Q3_boundary_democracy,autocracy,85,179,0.47486033519553072625698324022346368715083798882682,5445160346.0,8045022701.0,0.67683592059015123467704432522271884637159335220128,8140897523,95874822.0,0.66886486786206410769482425285652376587470280578792,0.68064180298858185246314885961253980029985448079936,0.98822306487348225523167539324398396557484832498855,vdem_e_wb_pop,9b731512a9848138113cd2c395175fe8196fb41d7758cd8b88cf7e87e1175c00,a0801177c4565d233b5ce9b7fa147b8dc643a5df08c3f4dcf359d488736f6c57
2024,Q3_boundary_democracy,democracy,94,179,0.52513966480446927374301675977653631284916201117318,2599862355.0,8045022701.0,0.32316407940984876532295567477728115362840664779872,8140897523,95874822.0,0.31935819701141814753685114038746019970014551920064,0.33113513213793589230517574714347623412529719421208,0.98822306487348225523167539324398396557484832498855,vdem_e_wb_pop,9b731512a9848138113cd2c395175fe8196fb41d7758cd8b88cf7e87e1175c00,a0801177c4565d233b5ce9b7fa147b8dc643a5df08c3f4dcf359d488736f6c57
2025,Q0_three_state,autocracy,84,179,0.46927374301675977653631284916201117318435754189944,5466830818.0,8087945995.0,0.67592325930212890844111033162258398586154258810676,8215424893,127478898.0,0.66543494575162443761872512075803600192441075244579,0.68095196400208877181929097821039503963730047334023,0.98448298174953566579943414254764096228711027910556,wdi_2025_extension,9b731512a9848138113cd2c395175fe8196fb41d7758cd8b88cf7e87e1175c00,a0801177c4565d233b5ce9b7fa147b8dc643a5df08c3f4dcf359d488736f6c57
2025,Q0_three_state,boundary,21,179,0.11731843575418994413407821229050279329608938547486,846904750.0,8087945995.0,0.10471196896264636841210757861891485095159812574886,8215424893,127478898.0,0.10308715142921092979676273452117359646829894036011,0.11860416967967526399732859197353263418118866125455,0.98448298174953566579943414254764096228711027910556,wdi_2025_extension,9b731512a9848138113cd2c395175fe8196fb41d7758cd8b88cf7e87e1175c00,a0801177c4565d233b5ce9b7fa147b8dc643a5df08c3f4dcf359d488736f6c57
2025,Q0_three_state,democracy,74,179,0.41340782122905027932960893854748603351955307262570,1774210427.0,8087945995.0,0.21936477173522472314678208975850116318685928614438,8215424893,127478898.0,0.21596088456870029838394628726843136389440058629966,0.23147790281916463258451214472079040160729030719410,0.98448298174953566579943414254764096228711027910556,wdi_2025_extension,9b731512a9848138113cd2c395175fe8196fb41d7758cd8b88cf7e87e1175c00,a0801177c4565d233b5ce9b7fa147b8dc643a5df08c3f4dcf359d488736f6c57
2025,Q1_midpoint_binary,autocracy,92,179,0.51396648044692737430167597765363128491620111731844,5935536757.0,8087945995.0,0.73387443000600797161974620726927838493807845956073,8215424893,127478898.0,0.72248688708205563531770455928870239140289831385596,0.73800390533251996951827041674106142911578803475040,0.98448298174953566579943414254764096228711027910556,wdi_2025_extension,9b731512a9848138113cd2c395175fe8196fb41d7758cd8b88cf7e87e1175c00,a0801177c4565d233b5ce9b7fa147b8dc643a5df08c3f4dcf359d488736f6c57
2025,Q1_midpoint_binary,democracy,87,179,0.48603351955307262569832402234636871508379888268156,2152409238.0,8087945995.0,0.26612556999399202838025379273072161506192154043927,8215424893,127478898.0,0.26199609466748003048172958325893857088421196524960,0.27751311291794436468229544071129760859710168614404,0.98448298174953566579943414254764096228711027910556,wdi_2025_extension,9b731512a9848138113cd2c395175fe8196fb41d7758cd8b88cf7e87e1175c00,a0801177c4565d233b5ce9b7fa147b8dc643a5df08c3f4dcf359d488736f6c57
2025,Q2_boundary_autocracy,autocracy,105,179,0.58659217877094972067039106145251396648044692737430,6313735568.0,8087945995.0,0.78063522826477527685321791024149883681314071385562,8215424893,127478898.0,0.76852209718083536741548785527920959839270969280590,0.78403911543129970161605371273156863610559941370034,0.98448298174953566579943414254764096228711027910556,wdi_2025_extension,9b731512a9848138113cd2c395175fe8196fb41d7758cd8b88cf7e87e1175c00,a0801177c4565d233b5ce9b7fa147b8dc643a5df08c3f4dcf359d488736f6c57
2025,Q2_boundary_autocracy,democracy,74,179,0.41340782122905027932960893854748603351955307262570,1774210427.0,8087945995.0,0.21936477173522472314678208975850116318685928614438,8215424893,127478898.0,0.21596088456870029838394628726843136389440058629966,0.23147790281916463258451214472079040160729030719410,0.98448298174953566579943414254764096228711027910556,wdi_2025_extension,9b731512a9848138113cd2c395175fe8196fb41d7758cd8b88cf7e87e1175c00,a0801177c4565d233b5ce9b7fa147b8dc643a5df08c3f4dcf359d488736f6c57
2025,Q3_boundary_democracy,autocracy,84,179,0.46927374301675977653631284916201117318435754189944,5466830818.0,8087945995.0,0.67592325930212890844111033162258398586154258810676,8215424893,127478898.0,0.66543494575162443761872512075803600192441075244579,0.68095196400208877181929097821039503963730047334023,0.98448298174953566579943414254764096228711027910556,wdi_2025_extension,9b731512a9848138113cd2c395175fe8196fb41d7758cd8b88cf7e87e1175c00,a0801177c4565d233b5ce9b7fa147b8dc643a5df08c3f4dcf359d488736f6c57
2025,Q3_boundary_democracy,democracy,95,179,0.53072625698324022346368715083798882681564245810056,2621115177.0,8087945995.0,0.32407674069787109155888966837741601413845741189324,8215424893,127478898.0,0.31904803599791122818070902178960496036269952665977,0.33456505424837556238127487924196399807558924755421,0.98448298174953566579943414254764096228711027910556,wdi_2025_extension,9b731512a9848138113cd2c395175fe8196fb41d7758cd8b88cf7e87e1175c00,a0801177c4565d233b5ce9b7fa147b8dc643a5df08c3f4dcf359d488736f6c57
