year,classification_scenario,country_democracy_n,country_denominator_n,country_democracy_share,observed_democracy_population,observed_population_denominator,observed_democracy_share,gap_observed_pp,gap_lower_pp,gap_upper_pp,gap_observed_sign,gap_lower_sign,gap_upper_sign,common_matched_democracy_n,common_matched_unit_n,common_matched_unit_share,common_matched_gap_pp,world_population_reference,reference_missing_mass,population_coverage_rate,input_panel_sha256,method_contract_sha256
1973,Q0_three_state,31,158,0.19620253164556962025316455696202531645569620253165,1204208474.0,3415393512.0,0.35258264377706647116216692045996953337305513977331,15.638011213149685090900236349794421691735893724166,11.170324467163375633952730269213737482409328408242,23.841642312324157453930817877485972611237030935479,positive,positive,positive,30,129,0.23255813953488372093023255813953488372093023255814,12.002450424218275023193436232043464965212490721517,3910964219,495570707.0,0.87328682154839218180021912391727764871172297472763,9b731512a9848138113cd2c395175fe8196fb41d7758cd8b88cf7e87e1175c00,a0801177c4565d233b5ce9b7fa147b8dc643a5df08c3f4dcf359d488736f6c57
1973,Q1_midpoint_binary,35,158,0.22151898734177215189873417721518987341772151898734,1245499226.0,3415393512.0,0.36467224687987871307990000070012430239692977433987,14.315325953810656118116582348493442897920825535253,9.6944480042867707420827651790640772868740965265830,22.365765849447552562060852787336312415701799053820,positive,positive,positive,32,129,0.24806201550387596899224806201550387596899224806202,11.661023137600274408765193868462042642793752627785,3910964219,495570707.0,0.87328682154839218180021912391727764871172297472763,9b731512a9848138113cd2c395175fe8196fb41d7758cd8b88cf7e87e1175c00,a0801177c4565d233b5ce9b7fa147b8dc643a5df08c3f4dcf359d488736f6c57
1973,Q2_boundary_autocracy,31,158,0.19620253164556962025316455696202531645569620253165,1204208474.0,3415393512.0,0.35258264377706647116216692045996953337305513977331,15.638011213149685090900236349794421691735893724166,11.170324467163375633952730269213737482409328408242,23.841642312324157453930817877485972611237030935479,positive,positive,positive,30,129,0.23255813953488372093023255813953488372093023255814,12.002450424218275023193436232043464965212490721517,3910964219,495570707.0,0.87328682154839218180021912391727764871172297472763,9b731512a9848138113cd2c395175fe8196fb41d7758cd8b88cf7e87e1175c00,a0801177c4565d233b5ce9b7fa147b8dc643a5df08c3f4dcf359d488736f6c57
1973,Q3_boundary_democracy,38,158,0.24050632911392405063291139240506329113924050632911,1271783159.0,3415393512.0,0.37236797298220082816623913525780568971227816749451,13.186164386827677753332774285274239857303766116540,8.4677714458119685316185001002774225054614500657850,21.139089290972750351596587708549657634289152593022,positive,positive,positive,35,129,0.27131782945736434108527131782945736434108527131783,10.105014352483648708096781742834832537119289617668,3910964219,495570707.0,0.87328682154839218180021912391727764871172297472763,9b731512a9848138113cd2c395175fe8196fb41d7758cd8b88cf7e87e1175c00,a0801177c4565d233b5ce9b7fa147b8dc643a5df08c3f4dcf359d488736f6c57
1974,Q0_three_state,31,158,0.19620253164556962025316455696202531645569620253165,1223828434.0,3485702773.0,0.35109948085065828990577562362916937094796866089534,15.489694920508866965261106666714405449227245836369,11.073780097048170527024385587066051589988927090451,23.651169310958814991812954061981728301608996640581,positive,positive,positive,30,129,0.23255813953488372093023255813953488372093023255814,11.854134131577456897554306548963448722703842833720,3987186772,501483999.0,0.87422610786089355535211431525084323288379930449870,9b731512a9848138113cd2c395175fe8196fb41d7758cd8b88cf7e87e1175c00,a0801177c4565d233b5ce9b7fa147b8dc643a5df08c3f4dcf359d488736f6c57
1974,Q1_midpoint_binary,36,158,0.22784810126582278481012658227848101265822784810127,1291490925.0,3485702773.0,0.37051091533213752875538134702571210881611218777316,14.266281406631474394525476474723109615788433967189,9.6062214164968878139341088156497045600639188489110,22.183610630407532278722677290565381271683988399041,positive,positive,positive,33,129,0.25581395348837209302325581395348837209302325581395,11.469696184376543573212553307222373672308893195921,3987186772,501483999.0,0.87422610786089355535211431525084323288379930449870,9b731512a9848138113cd2c395175fe8196fb41d7758cd8b88cf7e87e1175c00,a0801177c4565d233b5ce9b7fa147b8dc643a5df08c3f4dcf359d488736f6c57
1974,Q2_boundary_autocracy,31,158,0.19620253164556962025316455696202531645569620253165,1223828434.0,3485702773.0,0.35109948085065828990577562362916937094796866089534,15.489694920508866965261106666714405449227245836369,11.073780097048170527024385587066051589988927090451,23.651169310958814991812954061981728301608996640581,positive,positive,positive,30,129,0.23255813953488372093023255813953488372093023255814,11.854134131577456897554306548963448722703842833720,3987186772,501483999.0,0.87422610786089355535211431525084323288379930449870,9b731512a9848138113cd2c395175fe8196fb41d7758cd8b88cf7e87e1175c00,a0801177c4565d233b5ce9b7fa147b8dc643a5df08c3f4dcf359d488736f6c57
1974,Q3_boundary_democracy,38,158,0.24050632911392405063291139240506329113924050632911,1292743264.0,3485702773.0,0.37087019410074067149958915903240726486348639686497,13.036386498681662086667776662734397372424589053586,8.3718077196380592402255659458340112025942346058220,20.949196933548703705014134420749687914214304155953,positive,positive,positive,35,129,0.27131782945736434108527131782945736434108527131783,9.9552364643376330414317841202949900522401125547140,3987186772,501483999.0,0.87422610786089355535211431525084323288379930449870,9b731512a9848138113cd2c395175fe8196fb41d7758cd8b88cf7e87e1175c00,a0801177c4565d233b5ce9b7fa147b8dc643a5df08c3f4dcf359d488736f6c57
1975,Q0_three_state,32,158,0.20253164556962025316455696202531645569620253164557,641613418.0,3565106576.0,0.17997033309446847796002606795561895145992404127220,-2.2561312475151775204530894069697504236278490373370,-4.4575036768053156470795743757074768246475599392430,7.7743591610248097309785295428923408798571554562220,negative,negative,positive,30,132,0.22727272727272727272727272727272727272727272727273,-4.7302394178258794767246659317108321267348686000530,4061959945,496853369.0,0.87768137162169874621941896081400182295495284604536,9b731512a9848138113cd2c395175fe8196fb41d7758cd8b88cf7e87e1175c00,a0801177c4565d233b5ce9b7fa147b8dc643a5df08c3f4dcf359d488736f6c57
1975,Q1_midpoint_binary,36,158,0.22784810126582278481012658227848101265822784810127,711219037.0,3565106576.0,0.19949446723076028456996119826517074085922081000924,-2.8353634035062500240165384013310271799007038092030,-5.2755523635789064721338262136638747396796275811360,6.9563104742512189059242777049359429648250878143280,negative,negative,positive,34,132,0.25757575757575757575757575757575757575757575757576,-5.8081290344997291187614559310586834898354947566520,4061959945,496853369.0,0.87768137162169874621941896081400182295495284604536,9b731512a9848138113cd2c395175fe8196fb41d7758cd8b88cf7e87e1175c00,a0801177c4565d233b5ce9b7fa147b8dc643a5df08c3f4dcf359d488736f6c57
1975,Q2_boundary_autocracy,32,158,0.20253164556962025316455696202531645569620253164557,641613418.0,3565106576.0,0.17997033309446847796002606795561895145992404127220,-2.2561312475151775204530894069697504236278490373370,-4.4575036768053156470795743757074768246475599392430,7.7743591610248097309785295428923408798571554562220,negative,negative,positive,30,132,0.22727272727272727272727272727272727272727272727273,-4.7302394178258794767246659317108321267348686000530,4061959945,496853369.0,0.87768137162169874621941896081400182295495284604536,9b731512a9848138113cd2c395175fe8196fb41d7758cd8b88cf7e87e1175c00,a0801177c4565d233b5ce9b7fa147b8dc643a5df08c3f4dcf359d488736f6c57
1975,Q3_boundary_democracy,38,158,0.24050632911392405063291139240506329113924050632911,735170502.0,3565106576.0,0.20621276989280109532411353079280286851093564614939,-3.4293559221122955308797861612260422628304860179720,-5.9517222388500641761753752272302208484103689119550,6.2801405989800612018827286913695968560943464835090,negative,negative,positive,36,132,0.27272727272727272727272727272727272727272727272727,-6.6514502834471631948613741934469858761791626577880,4061959945,496853369.0,0.87768137162169874621941896081400182295495284604536,9b731512a9848138113cd2c395175fe8196fb41d7758cd8b88cf7e87e1175c00,a0801177c4565d233b5ce9b7fa147b8dc643a5df08c3f4dcf359d488736f6c57
1976,Q0_three_state,33,157,0.21019108280254777070063694267515923566878980891720,650303515.0,3644101626.0,0.17845372652623162601118962317325888978926077842594,-3.1737356276316144689447319501900345879529030491260,-5.2947500260933349128792601889550687514155276476930,6.5907647218990196548171118542232265819869068906860,negative,negative,positive,32,138,0.23188405797101449275362318840579710144927536231884,-5.3430331444782866742433565232538211660014583892900,4135644231,491542605.0,0.88114485252007645432303627956821704666597565461622,9b731512a9848138113cd2c395175fe8196fb41d7758cd8b88cf7e87e1175c00,a0801177c4565d233b5ce9b7fa147b8dc643a5df08c3f4dcf359d488736f6c57
1976,Q1_midpoint_binary,37,157,0.23566878980891719745222929936305732484076433121019,704266919.0,3644101626.0,0.19326215108140345809335011119692631755380139335335,-4.2406638727513739358879188166131007286962937856840,-6.5376840196581213129016851353043767173114944857550,5.3478307283342332547946869078739186160909400526240,negative,negative,positive,36,138,0.26086956521739130434782608695652173913043478260870,-6.7607414135987846254475975759595421576633389255350,4135644231,491542605.0,0.88114485252007645432303627956821704666597565461622,9b731512a9848138113cd2c395175fe8196fb41d7758cd8b88cf7e87e1175c00,a0801177c4565d233b5ce9b7fa147b8dc643a5df08c3f4dcf359d488736f6c57
1976,Q2_boundary_autocracy,33,157,0.21019108280254777070063694267515923566878980891720,650303515.0,3644101626.0,0.17845372652623162601118962317325888978926077842594,-3.1737356276316144689447319501900345879529030491260,-5.2947500260933349128792601889550687514155276476930,6.5907647218990196548171118542232265819869068906860,negative,negative,positive,32,138,0.23188405797101449275362318840579710144927536231884,-5.3430331444782866742433565232538211660014583892900,4135644231,491542605.0,0.88114485252007645432303627956821704666597565461622,9b731512a9848138113cd2c395175fe8196fb41d7758cd8b88cf7e87e1175c00,a0801177c4565d233b5ce9b7fa147b8dc643a5df08c3f4dcf359d488736f6c57
1976,Q3_boundary_democracy,39,157,0.24840764331210191082802547770700636942675159235669,728751396.0,3644101626.0,0.19998108472071464672154563013276403065933595343699,-4.8426558591387264106479847574242338767415638919700,-7.2195339909062888635112868827425015515073690099530,4.6659807570860657041850851604357937818950655284250,negative,negative,positive,38,138,0.27536231884057971014492753623188405797101449275362,-7.5381234119865063423381906099120027311678539316630,4135644231,491542605.0,0.88114485252007645432303627956821704666597565461622,9b731512a9848138113cd2c395175fe8196fb41d7758cd8b88cf7e87e1175c00,a0801177c4565d233b5ce9b7fa147b8dc643a5df08c3f4dcf359d488736f6c57
1977,Q0_three_state,34,157,0.21656050955414012738853503184713375796178343949045,651846377.0,3760997602.0,0.17331741361743096373290375737921036834524416163135,-4.3243095936709163655631274467923389616539277859100,-6.1685000259109978881334179697268669714045082479510,4.4720374350900166111331347278577141386838979592140,negative,negative,positive,33,140,0.23571428571428571428571428571428571428571428571429,-6.2396872096854750552810528335075345940470124082940,4208840894,447843292.0,0.89359462538998985500733447302415418889911593792835,9b731512a9848138113cd2c395175fe8196fb41d7758cd8b88cf7e87e1175c00,a0801177c4565d233b5ce9b7fa147b8dc643a5df08c3f4dcf359d488736f6c57
1977,Q1_midpoint_binary,36,157,0.22929936305732484076433121019108280254777070063694,708669046.0,3760997602.0,0.18842581702874481120182325497797538877558688749199,-4.0873546028580029562507955213107413772183813144950,-6.0923065675720849915063435518106532991499847695550,4.5482308934289295077602091457739278109384214376110,negative,negative,positive,35,140,0.25,-6.1574182971255188798176745022024611224413112508010,4208840894,447843292.0,0.89359462538998985500733447302415418889911593792835,9b731512a9848138113cd2c395175fe8196fb41d7758cd8b88cf7e87e1175c00,a0801177c4565d233b5ce9b7fa147b8dc643a5df08c3f4dcf359d488736f6c57
1977,Q2_boundary_autocracy,34,157,0.21656050955414012738853503184713375796178343949045,651846377.0,3760997602.0,0.17331741361743096373290375737921036834524416163135,-4.3243095936709163655631274467923389616539277859100,-6.1685000259109978881334179697268669714045082479510,4.4720374350900166111331347278577141386838979592140,negative,negative,positive,33,140,0.23571428571428571428571428571428571428571428571429,-6.2396872096854750552810528335075345940470124082940,4208840894,447843292.0,0.89359462538998985500733447302415418889911593792835,9b731512a9848138113cd2c395175fe8196fb41d7758cd8b88cf7e87e1175c00,a0801177c4565d233b5ce9b7fa147b8dc643a5df08c3f4dcf359d488736f6c57
1977,Q3_boundary_democracy,40,157,0.25477707006369426751592356687898089171974522292994,1376580070.0,3760997602.0,0.36601460986520458834368594739667690965999185446968,11.123753980151032082776238051769601794024663153974,7.2291618126066511785229079638713773124004986079510,17.869699273607665677789460661455958422488904815116,positive,positive,positive,39,140,0.27857142857142857142857142857142857142857142857143,8.7443181293776016915114518825248338231420425898250,4208840894,447843292.0,0.89359462538998985500733447302415418889911593792835,9b731512a9848138113cd2c395175fe8196fb41d7758cd8b88cf7e87e1175c00,a0801177c4565d233b5ce9b7fa147b8dc643a5df08c3f4dcf359d488736f6c57
1978,Q0_three_state,35,157,0.22292993630573248407643312101910828025477707006369,1346813270.0,3831219615.0,0.35153643104325148429268521585390765963699525483871,12.860649473751900021625209483479937938221818477502,9.1502934515537509467596169551429809354661920833810,19.704977673575801674192055739446014271608599480934,positive,positive,positive,34,140,0.24285714285714285714285714285714285714285714285714,10.867928818610862714982807299676480249413811198157,4283309396,452089781.0,0.89445315777977949272567561215696966663857592602447,9b731512a9848138113cd2c395175fe8196fb41d7758cd8b88cf7e87e1175c00,a0801177c4565d233b5ce9b7fa147b8dc643a5df08c3f4dcf359d488736f6c57
1978,Q1_midpoint_binary,38,157,0.24203821656050955414012738853503184713375796178344,1407772418.0,3831219615.0,0.36744759096771329304232537450088201221531906361364,12.540937440720373890219798596585016508156110183020,8.6626441499134381980521692869780125034128833569600,19.217328371935488925484608071281045839555290754513,positive,positive,positive,37,140,0.26428571428571428571428571428571428571428571428571,10.316187668199900732803966021516772650103334932793,4283309396,452089781.0,0.89445315777977949272567561215696966663857592602447,9b731512a9848138113cd2c395175fe8196fb41d7758cd8b88cf7e87e1175c00,a0801177c4565d233b5ce9b7fa147b8dc643a5df08c3f4dcf359d488736f6c57
1978,Q2_boundary_autocracy,35,157,0.22292993630573248407643312101910828025477707006369,1346813270.0,3831219615.0,0.35153643104325148429268521585390765963699525483871,12.860649473751900021625209483479937938221818477502,9.1502934515537509467596169551429809354661920833810,19.704977673575801674192055739446014271608599480934,positive,positive,positive,34,140,0.24285714285714285714285714285714285714285714285714,10.867928818610862714982807299676480249413811198157,4283309396,452089781.0,0.89445315777977949272567561215696966663857592602447,9b731512a9848138113cd2c395175fe8196fb41d7758cd8b88cf7e87e1175c00,a0801177c4565d233b5ce9b7fa147b8dc643a5df08c3f4dcf359d488736f6c57
1978,Q3_boundary_democracy,41,157,0.26114649681528662420382165605095541401273885350318,1410534357.0,3831219615.0,0.36816849430334731672645187164505577423026427055918,10.702199748806069252263021559410036021752541705600,6.8162975509369140635072087967530613654079730899640,17.370981772958964790939647581056094701550380487517,positive,positive,positive,39,140,0.27857142857142857142857142857142857142857142857143,8.9597065731918745297880443073627202801692841987750,4283309396,452089781.0,0.89445315777977949272567561215696966663857592602447,9b731512a9848138113cd2c395175fe8196fb41d7758cd8b88cf7e87e1175c00,a0801177c4565d233b5ce9b7fa147b8dc643a5df08c3f4dcf359d488736f6c57
1979,Q0_three_state,35,157,0.22292993630573248407643312101910828025477707006369,1367964099.0,3903708549.0,0.35042680103524296173064532743630292979641190933591,12.749686472951047765421220641719464954163483927222,9.0828270333513295382361310295199413304593509464870,19.546808180817663142253876910784019053584804813772,positive,positive,positive,34,141,0.24113475177304964539007092198581560283687943262411,10.929204926219331634057440545048732695953247671180,4359930896,456222347.0,0.89536018852533666395982254118735922276874546132715,9b731512a9848138113cd2c395175fe8196fb41d7758cd8b88cf7e87e1175c00,a0801177c4565d233b5ce9b7fa147b8dc643a5df08c3f4dcf359d488736f6c57
1979,Q1_midpoint_binary,39,157,0.24840764331210191082802547770700636942675159235669,1430351436.0,3903708549.0,0.36640835709069734652467775713550074252738482295954,11.800071377859543569665227942849437310063323060285,7.9659812369883742368437478342561256564355400638180,18.429962384454707840861493715520203379560993931104,positive,positive,positive,38,141,0.26950354609929078014184397163120567375886524822695,9.6904810991406566382833785504295068768519574732590,4359930896,456222347.0,0.89536018852533666395982254118735922276874546132715,9b731512a9848138113cd2c395175fe8196fb41d7758cd8b88cf7e87e1175c00,a0801177c4565d233b5ce9b7fa147b8dc643a5df08c3f4dcf359d488736f6c57
1979,Q2_boundary_autocracy,35,157,0.22292993630573248407643312101910828025477707006369,1367964099.0,3903708549.0,0.35042680103524296173064532743630292979641190933591,12.749686472951047765421220641719464954163483927222,9.0828270333513295382361310295199413304593509464870,19.546808180817663142253876910784019053584804813772,positive,positive,positive,34,141,0.24113475177304964539007092198581560283687943262411,10.929204926219331634057440545048732695953247671180,4359930896,456222347.0,0.89536018852533666395982254118735922276874546132715,9b731512a9848138113cd2c395175fe8196fb41d7758cd8b88cf7e87e1175c00,a0801177c4565d233b5ce9b7fa147b8dc643a5df08c3f4dcf359d488736f6c57
1979,Q3_boundary_democracy,43,157,0.27388535031847133757961783439490445859872611464968,1438750393.0,3903708549.0,0.36855988989458751727113119581407561684236791110913,9.4674539576116179691513361419171158243641796459450,5.6108502180423865093337558244878334876081289728960,16.074831365508720113351501705751911210733582840181,positive,positive,positive,41,141,0.29078014184397163120567375886524822695035460992908,7.7779748050615886065457436948827389892013301180050,4359930896,456222347.0,0.89536018852533666395982254118735922276874546132715,9b731512a9848138113cd2c395175fe8196fb41d7758cd8b88cf7e87e1175c00,a0801177c4565d233b5ce9b7fa147b8dc643a5df08c3f4dcf359d488736f6c57
1980,Q0_three_state,37,157,0.23566878980891719745222929936305732484076433121019,1400553269.0,3977179952.0,0.35214732194747822665279290334711010330467440714888,11.647853213856102920056360398405277846391007593869,7.9950739787876063870585713356367635246534499578570,18.367946374543886441709111814842060197478174938304,positive,positive,positive,35,141,0.24822695035460992907801418439716312056737588652482,10.392037159286829757477871894994698273729852062406,4437473406,460293454.0,0.89627127604243719945349459520794703327175275019552,9b731512a9848138113cd2c395175fe8196fb41d7758cd8b88cf7e87e1175c00,a0801177c4565d233b5ce9b7fa147b8dc643a5df08c3f4dcf359d488736f6c57
1980,Q1_midpoint_binary,40,157,0.25477707006369426751592356687898089171974522292994,1427580826.0,3977179952.0,0.35894298051113177289796416031013926824702047074987,10.416591044743750538204059343115837652727524781993,6.6933213105493473639859711295779621988672030399280,17.066193706305627418636511608783258871691928020376,positive,positive,positive,38,141,0.26950354609929078014184397163120567375886524822695,8.9439434411840992756120188678933594488155222522920,4437473406,460293454.0,0.89627127604243719945349459520794703327175275019552,9b731512a9848138113cd2c395175fe8196fb41d7758cd8b88cf7e87e1175c00,a0801177c4565d233b5ce9b7fa147b8dc643a5df08c3f4dcf359d488736f6c57
1980,Q2_boundary_autocracy,37,157,0.23566878980891719745222929936305732484076433121019,1400553269.0,3977179952.0,0.35214732194747822665279290334711010330467440714888,11.647853213856102920056360398405277846391007593869,7.9950739787876063870585713356367635246534499578570,18.367946374543886441709111814842060197478174938304,positive,positive,positive,35,141,0.24822695035460992907801418439716312056737588652482,10.392037159286829757477871894994698273729852062406,4437473406,460293454.0,0.89627127604243719945349459520794703327175275019552,9b731512a9848138113cd2c395175fe8196fb41d7758cd8b88cf7e87e1175c00,a0801177c4565d233b5ce9b7fa147b8dc643a5df08c3f4dcf359d488736f6c57
1980,Q3_boundary_democracy,44,157,0.28025477707006369426751592356687898089171974522293,1443210737.0,3977179952.0,0.36287287837560738061368966691402048986291380159305,8.2618101305543686346173743347141508971194056370120,4.4977760672834048746022713514025701830338240221590,14.870648463039684929252811830607866855858549002607,positive,positive,positive,42,141,0.29787234042553191489361702127659574468085106382979,6.5000537950075465720072645637424745182062737763260,4437473406,460293454.0,0.89627127604243719945349459520794703327175275019552,9b731512a9848138113cd2c395175fe8196fb41d7758cd8b88cf7e87e1175c00,a0801177c4565d233b5ce9b7fa147b8dc643a5df08c3f4dcf359d488736f6c57
1981,Q0_three_state,38,157,0.24203821656050955414012738853503184713375796178344,1440493343.0,4052090421.0,0.35549387929119955835259975310407812836909050801263,11.345566273069000421247236456904628123533254622919,7.6881307693482939405381523273674147804592303446480,17.976452782129705725121388050783642571040308005277,positive,positive,positive,37,142,0.26056338028169014084507042253521126760563380281690,9.4930499009509417507529330568866860763456705195730,4516792587,464702166.0,0.89711677987218588215416764276583772209418922339371,9b731512a9848138113cd2c395175fe8196fb41d7758cd8b88cf7e87e1175c00,a0801177c4565d233b5ce9b7fa147b8dc643a5df08c3f4dcf359d488736f6c57
1981,Q1_midpoint_binary,40,157,0.25477707006369426751592356687898089171974522292994,1455839312.0,4052090421.0,0.35928105267718062108861316547605244073599610328143,10.450398261348635357268959859707154901625088035149,6.7539990983147199946837303969038855971184114844410,17.042321111096131779266966120320113387699489145070,positive,positive,positive,39,142,0.27464788732394366197183098591549295774647887323944,8.4633165353236959116782179560559482989517230041990,4516792587,464702166.0,0.89711677987218588215416764276583772209418922339371,9b731512a9848138113cd2c395175fe8196fb41d7758cd8b88cf7e87e1175c00,a0801177c4565d233b5ce9b7fa147b8dc643a5df08c3f4dcf359d488736f6c57
1981,Q2_boundary_autocracy,38,157,0.24203821656050955414012738853503184713375796178344,1440493343.0,4052090421.0,0.35549387929119955835259975310407812836909050801263,11.345566273069000421247236456904628123533254622919,7.6881307693482939405381523273674147804592303446480,17.976452782129705725121388050783642571040308005277,positive,positive,positive,37,142,0.26056338028169014084507042253521126760563380281690,9.4930499009509417507529330568866860763456705195730,4516792587,464702166.0,0.89711677987218588215416764276583772209418922339371,9b731512a9848138113cd2c395175fe8196fb41d7758cd8b88cf7e87e1175c00,a0801177c4565d233b5ce9b7fa147b8dc643a5df08c3f4dcf359d488736f6c57
1981,Q3_boundary_democracy,44,157,0.28025477707006369426751592356687898089171974522293,1472119343.0,4052090421.0,0.36329873967538494867165749261052829798143342073264,8.3043962605321254404141569043649317089713675509710,4.5666618399141188219154700257362608087845235629710,14.854983852695530606498705749152488599365601223600,positive,positive,positive,43,142,0.30281690140845070422535211267605633802816901408451,6.0481838266934244446305379934471959953264406648130,4516792587,464702166.0,0.89711677987218588215416764276583772209418922339371,9b731512a9848138113cd2c395175fe8196fb41d7758cd8b88cf7e87e1175c00,a0801177c4565d233b5ce9b7fa147b8dc643a5df08c3f4dcf359d488736f6c57
1982,Q0_three_state,38,157,0.24203821656050955414012738853503184713375796178344,1462889884.0,4129865285.0,0.35422217991306706751331720497028270499627205152286,11.218396335255751337318981643525085786251408973942,7.6023788105165102256514207343113145663890230138170,17.810710557632631881955572373099316743073546627620,positive,positive,positive,37,142,0.26056338028169014084507042253521126760563380281690,9.3658799631376926668246782435071437390638248705960,4599385851,469520566.0,0.89791668252883878343695848361211997823315476386197,9b731512a9848138113cd2c395175fe8196fb41d7758cd8b88cf7e87e1175c00,a0801177c4565d233b5ce9b7fa147b8dc643a5df08c3f4dcf359d488736f6c57
1982,Q1_midpoint_binary,41,157,0.26114649681528662420382165605095541401273885350318,1484438765.0,4129865285.0,0.35943999684241516367040529265108946525842912573358,9.8293500027128539466583636600134051245690272230400,6.1600672717631087074322639827559693416546491750190,16.368399018879230363736415621543971518339172788822,positive,positive,positive,40,142,0.28169014084507042253521126760563380281690140845070,7.7749855997344741135194025045455662441527717282880,4599385851,469520566.0,0.89791668252883878343695848361211997823315476386197,9b731512a9848138113cd2c395175fe8196fb41d7758cd8b88cf7e87e1175c00,a0801177c4565d233b5ce9b7fa147b8dc643a5df08c3f4dcf359d488736f6c57
1982,Q2_boundary_autocracy,38,157,0.24203821656050955414012738853503184713375796178344,1462889884.0,4129865285.0,0.35422217991306706751331720497028270499627205152286,11.218396335255751337318981643525085786251408973942,7.6023788105165102256514207343113145663890230138170,17.810710557632631881955572373099316743073546627620,positive,positive,positive,37,142,0.26056338028169014084507042253521126760563380281690,9.3658799631376926668246782435071437390638248705960,4599385851,469520566.0,0.89791668252883878343695848361211997823315476386197,9b731512a9848138113cd2c395175fe8196fb41d7758cd8b88cf7e87e1175c00,a0801177c4565d233b5ce9b7fa147b8dc643a5df08c3f4dcf359d488736f6c57
1982,Q3_boundary_democracy,45,157,0.28662420382165605095541401273885350318471337579618,1501361864.0,4129865285.0,0.36353773316845612313961955298985012776270255507862,7.6913529346800072184205540250996624577989179282440,3.9802391519018270738932565795246527032560082524940,14.188570899017948730197408218312654879940531866297,positive,positive,positive,44,142,0.30985915492957746478873239436619718309859154929577,5.3678578238878658350887158623652944664111005782850,4599385851,469520566.0,0.89791668252883878343695848361211997823315476386197,9b731512a9848138113cd2c395175fe8196fb41d7758cd8b88cf7e87e1175c00,a0801177c4565d233b5ce9b7fa147b8dc643a5df08c3f4dcf359d488736f6c57
1983,Q0_three_state,38,157,0.24203821656050955414012738853503184713375796178344,1485612495.0,4208875747.0,0.35297133588676596301525363133985622978287460477982,11.093311932625640887512624280482438264911664299638,7.5214966832189466904608224049149234878311791352700,17.640775180531660357033051804968013917928945292859,positive,positive,positive,37,142,0.26056338028169014084507042253521126760563380281690,9.2407955605075822170183208804644962177240801962920,4682734714,473858967.0,0.89880721502687286333427770599946909569902233842410,9b731512a9848138113cd2c395175fe8196fb41d7758cd8b88cf7e87e1175c00,a0801177c4565d233b5ce9b7fa147b8dc643a5df08c3f4dcf359d488736f6c57
1983,Q1_midpoint_binary,40,157,0.25477707006369426751592356687898089171974522292994,1492023811.0,4208875747.0,0.35449462057973173994010044602060332573652476607550,9.9717550516037472424176879141622434016779543145560,6.3845252601582388598318142009762277001215124857120,16.503803757470952526404043601029318130219278643302,positive,positive,positive,39,142,0.27464788732394366197183098591549295774647887323944,7.9846733255788077968269460105110367990045892836060,4682734714,473858967.0,0.89880721502687286333427770599946909569902233842410,9b731512a9848138113cd2c395175fe8196fb41d7758cd8b88cf7e87e1175c00,a0801177c4565d233b5ce9b7fa147b8dc643a5df08c3f4dcf359d488736f6c57
1983,Q2_boundary_autocracy,38,157,0.24203821656050955414012738853503184713375796178344,1485612495.0,4208875747.0,0.35297133588676596301525363133985622978287460477982,11.093311932625640887512624280482438264911664299638,7.5214966832189466904608224049149234878311791352700,17.640775180531660357033051804968013917928945292859,positive,positive,positive,37,142,0.26056338028169014084507042253521126760563380281690,9.2407955605075822170183208804644962177240801962920,4682734714,473858967.0,0.89880721502687286333427770599946909569902233842410,9b731512a9848138113cd2c395175fe8196fb41d7758cd8b88cf7e87e1175c00,a0801177c4565d233b5ce9b7fa147b8dc643a5df08c3f4dcf359d488736f6c57
1983,Q3_boundary_democracy,46,157,0.29299363057324840764331210191082802547770700636943,1552853043.0,4208875747.0,0.36894722874792435634237315488040231756454367955472,7.5953598174675948699061052969574292086836673185290,3.8618800589556088567147365941059344967083900485260,13.981158556268322523286965994159024926806156206116,positive,positive,positive,45,142,0.31690140845070422535211267605633802816901408450704,5.2045820297220130990260478824064289395529595047680,4682734714,473858967.0,0.89880721502687286333427770599946909569902233842410,9b731512a9848138113cd2c395175fe8196fb41d7758cd8b88cf7e87e1175c00,a0801177c4565d233b5ce9b7fa147b8dc643a5df08c3f4dcf359d488736f6c57
1984,Q0_three_state,39,157,0.24840764331210191082802547770700636942675159235669,1538452967.0,4287480612.0,0.35882447204404991021333159558553357721865775284817,11.041682873194799938530611787852720779190616049148,7.4402525803032309142911419310774062650048523841570,17.476999161092322797973332558672053960057632428008,positive,positive,positive,38,142,0.26760563380281690140845070422535211267605633802817,9.1218838241233008804880891360181464542601414820000,4765813206,478332594.0,0.89963253419210908116317809372405352304947219956149,9b731512a9848138113cd2c395175fe8196fb41d7758cd8b88cf7e87e1175c00,a0801177c4565d233b5ce9b7fa147b8dc643a5df08c3f4dcf359d488736f6c57
1984,Q1_midpoint_binary,42,157,0.26751592356687898089171974522292993630573248407643,1547279732.0,4287480612.0,0.36088320205329945408042348950451650462180562275625,9.3367278486420473188703744281586568316073138679820,5.7146346043693750397153182542422350982381593972480,15.751381185158466923397508881836882793290939441099,positive,positive,positive,41,142,0.28873239436619718309859154929577464788732394366197,7.2150807687102270981831940208741856734481679094280,4765813206,478332594.0,0.89963253419210908116317809372405352304947219956149,9b731512a9848138113cd2c395175fe8196fb41d7758cd8b88cf7e87e1175c00,a0801177c4565d233b5ce9b7fa147b8dc643a5df08c3f4dcf359d488736f6c57
1984,Q2_boundary_autocracy,39,157,0.24840764331210191082802547770700636942675159235669,1538452967.0,4287480612.0,0.35882447204404991021333159558553357721865775284817,11.041682873194799938530611787852720779190616049148,7.4402525803032309142911419310774062650048523841570,17.476999161092322797973332558672053960057632428008,positive,positive,positive,38,142,0.26760563380281690140845070422535211267605633802817,9.1218838241233008804880891360181464542601414820000,4765813206,478332594.0,0.89963253419210908116317809372405352304947219956149,9b731512a9848138113cd2c395175fe8196fb41d7758cd8b88cf7e87e1175c00,a0801177c4565d233b5ce9b7fa147b8dc643a5df08c3f4dcf359d488736f6c57
1984,Q3_boundary_democracy,47,157,0.29936305732484076433121019108280254777070063694268,1607080765.0,4287480612.0,0.37483102792395787514758795601989301776928944862597,7.5467970599117110816377764937090469998588811683290,3.7847130220222662562991083661829145207154609698730,13.821459602811358139981298993777562215768241013724,positive,positive,positive,46,142,0.32394366197183098591549295774647887323943661971831,5.0887365952126889232094998273414144529852828907660,4765813206,478332594.0,0.89963253419210908116317809372405352304947219956149,9b731512a9848138113cd2c395175fe8196fb41d7758cd8b88cf7e87e1175c00,a0801177c4565d233b5ce9b7fa147b8dc643a5df08c3f4dcf359d488736f6c57
1985,Q0_three_state,40,157,0.25477707006369426751592356687898089171974522292994,1565308591.0,4367412722.0,0.35840638168109453063959820557577246531636585730493,10.362931161740026312367463869679157359662063437499,6.7934083520815979664376248168443972368919219681030,16.752837067931151770195797635026394631937585353963,positive,positive,positive,39,142,0.27464788732394366197183098591549295774647887323944,8.3758494357150868667767219660279507569886984065490,4850494238,483081516.0,0.90040571284150446196241827181818002604954336614140,9b731512a9848138113cd2c395175fe8196fb41d7758cd8b88cf7e87e1175c00,a0801177c4565d233b5ce9b7fa147b8dc643a5df08c3f4dcf359d488736f6c57
1985,Q1_midpoint_binary,43,157,0.27388535031847133757961783439490445859872611464968,1574312106.0,4367412722.0,0.36046790312939881572291669484219632220048288809285,8.6582552810927478143298860447291863601756773443170,5.0682008955237380100957626995840523046997881363450,15.027629611373291813853935517766049699745451522204,positive,positive,positive,42,142,0.29577464788732394366197183098591549295774647887324,6.4693255242074872060944863856280829242736409219610,4850494238,483081516.0,0.90040571284150446196241827181818002604954336614140,9b731512a9848138113cd2c395175fe8196fb41d7758cd8b88cf7e87e1175c00,a0801177c4565d233b5ce9b7fa147b8dc643a5df08c3f4dcf359d488736f6c57
1985,Q2_boundary_autocracy,40,157,0.25477707006369426751592356687898089171974522292994,1565308591.0,4367412722.0,0.35840638168109453063959820557577246531636585730493,10.362931161740026312367463869679157359662063437499,6.7934083520815979664376248168443972368919219681030,16.752837067931151770195797635026394631937585353963,positive,positive,positive,39,142,0.27464788732394366197183098591549295774647887323944,8.3758494357150868667767219660279507569886984065490,4850494238,483081516.0,0.90040571284150446196241827181818002604954336614140,9b731512a9848138113cd2c395175fe8196fb41d7758cd8b88cf7e87e1175c00,a0801177c4565d233b5ce9b7fa147b8dc643a5df08c3f4dcf359d488736f6c57
1985,Q3_boundary_democracy,49,157,0.31210191082802547770700636942675159235668789808917,1641769889.0,4367412722.0,0.37591361144549049559690319553911854909873571596012,6.3811700617465017889896826112366956742047817870950,2.6372852452375722513943156005918347452443774978910,12.596713961087126055152488418773832140290040883750,positive,positive,positive,48,142,0.33802816901408450704225352112676056338028169014085,3.7885442431405988554649674412357985718454025819270,4850494238,483081516.0,0.90040571284150446196241827181818002604954336614140,9b731512a9848138113cd2c395175fe8196fb41d7758cd8b88cf7e87e1175c00,a0801177c4565d233b5ce9b7fa147b8dc643a5df08c3f4dcf359d488736f6c57
1986,Q0_three_state,41,157,0.26114649681528662420382165605095541401273885350318,1595985118.0,4449304670.0,0.35870439009518311992781559730770246398972718584363,9.7557893279896495723993941256747049976988332340450,6.2093617299818225585369069478030248842311613720350,16.096131158888933100485280515481609584917475860381,positive,positive,positive,40,142,0.28169014084507042253521126760563380281690140845070,7.7014249250112697392604329702068661172825777392930,4937459951,488155281.0,0.90113230571092889458051626432321415299313685511654,9b731512a9848138113cd2c395175fe8196fb41d7758cd8b88cf7e87e1175c00,a0801177c4565d233b5ce9b7fa147b8dc643a5df08c3f4dcf359d488736f6c57
1986,Q1_midpoint_binary,44,157,0.28025477707006369426751592356687898089171974522293,1605160293.0,4449304670.0,0.36076654939433491301012659130847966857706779607880,8.0511772324271218742610667741600687685348050855870,4.4843615409029043997815679119775398413847203364560,14.371130969810014941729941479656124542071034824802,positive,positive,positive,43,142,0.30281690140845070422535211267605633802816901408451,5.7949647985884208784774478632423330548898781994290,4937459951,488155281.0,0.90113230571092889458051626432321415299313685511654,9b731512a9848138113cd2c395175fe8196fb41d7758cd8b88cf7e87e1175c00,a0801177c4565d233b5ce9b7fa147b8dc643a5df08c3f4dcf359d488736f6c57
1986,Q2_boundary_autocracy,41,157,0.26114649681528662420382165605095541401273885350318,1595985118.0,4449304670.0,0.35870439009518311992781559730770246398972718584363,9.7557893279896495723993941256747049976988332340450,6.2093617299818225585369069478030248842311613720350,16.096131158888933100485280515481609584917475860381,positive,positive,positive,40,142,0.28169014084507042253521126760563380281690140845070,7.7014249250112697392604329702068661172825777392930,4937459951,488155281.0,0.90113230571092889458051626432321415299313685511654,9b731512a9848138113cd2c395175fe8196fb41d7758cd8b88cf7e87e1175c00,a0801177c4565d233b5ce9b7fa147b8dc643a5df08c3f4dcf359d488736f6c57
1986,Q3_boundary_democracy,50,157,0.31847133757961783439490445859872611464968152866242,1805861820.0,4449304670.0,0.40587506451878917970344341467629817312555491957353,8.7403726939171345308538956077572058475873390911110,4.7275795140770685876457232087724579358185675605660,14.614348942984179129594096776451042636504882048912,positive,positive,positive,49,142,0.34507042253521126760563380281690140845070422535211,6.0804641983577912097809611859396764674850694221420,4937459951,488155281.0,0.90113230571092889458051626432321415299313685511654,9b731512a9848138113cd2c395175fe8196fb41d7758cd8b88cf7e87e1175c00,a0801177c4565d233b5ce9b7fa147b8dc643a5df08c3f4dcf359d488736f6c57
1987,Q0_three_state,40,157,0.25477707006369426751592356687898089171974522292994,1757218604.0,4533236360.0,0.38763004274500260118799541261951759338663735592203,13.285297268130833367207184574053670166689213299209,9.4795014876485469776771571810947552266661369222370,19.297615051632233891198272787014757876637983607253,positive,positive,positive,39,142,0.27464788732394366197183098591549295774647887323944,11.298215542105893921616442670402463564015848268259,5026770385,493534025.0,0.90181886436016313086478884394079997350028153314984,9b731512a9848138113cd2c395175fe8196fb41d7758cd8b88cf7e87e1175c00,a0801177c4565d233b5ce9b7fa147b8dc643a5df08c3f4dcf359d488736f6c57
1987,Q1_midpoint_binary,44,157,0.28025477707006369426751592356687898089171974522293,1770194889.0,4533236360.0,0.39049251978557764854775849366918957651702943633850,11.023774271551395428024257010231059562530969111557,7.1898743664104472834869040452121063408095632160770,17.007987930394134197008019651132108990781409901094,positive,positive,positive,43,142,0.30281690140845070422535211267605633802816901408451,8.7675618377126944322406380993133238488860422253990,5026770385,493534025.0,0.90181886436016313086478884394079997350028153314984,9b731512a9848138113cd2c395175fe8196fb41d7758cd8b88cf7e87e1175c00,a0801177c4565d233b5ce9b7fa147b8dc643a5df08c3f4dcf359d488736f6c57
1987,Q2_boundary_autocracy,40,157,0.25477707006369426751592356687898089171974522292994,1757218604.0,4533236360.0,0.38763004274500260118799541261951759338663735592203,13.285297268130833367207184574053670166689213299209,9.4795014876485469776771571810947552266661369222370,19.297615051632233891198272787014757876637983607253,positive,positive,positive,39,142,0.27464788732394366197183098591549295774647887323944,11.298215542105893921616442670402463564015848268259,5026770385,493534025.0,0.90181886436016313086478884394079997350028153314984,9b731512a9848138113cd2c395175fe8196fb41d7758cd8b88cf7e87e1175c00,a0801177c4565d233b5ce9b7fa147b8dc643a5df08c3f4dcf359d488736f6c57
1987,Q3_boundary_democracy,47,157,0.29936305732484076433121019108280254777070063694268,1794124086.0,4533236360.0,0.39577113203953918696619648572659026320877740422959,9.6408074714698422634986294643787715438076767286910,5.7550815517592638363390907152958622768621699738910,15.573195115742950749860206321215864926834016658907,positive,positive,positive,46,142,0.32394366197183098591549295774647887323943661971831,7.1827470067708201050703527980111389969340784511280,5026770385,493534025.0,0.90181886436016313086478884394079997350028153314984,9b731512a9848138113cd2c395175fe8196fb41d7758cd8b88cf7e87e1175c00,a0801177c4565d233b5ce9b7fa147b8dc643a5df08c3f4dcf359d488736f6c57
1988,Q0_three_state,42,157,0.26751592356687898089171974522292993630573248407643,1827028536.0,4617784481.0,0.39565045608285935941236058738445918390187426332598,12.813453251598037852064084216152924759614177924955,8.9541857687153674094474910441953145484192534980180,18.708420658500104035888614666884268993465236340114,positive,positive,positive,41,142,0.28873239436619718309859154929577464788732394366197,10.691806171666217631376903808868453601455031966401,5116898810,499114329.0,0.90245765110215263373558876377311045554954017157904,9b731512a9848138113cd2c395175fe8196fb41d7758cd8b88cf7e87e1175c00,a0801177c4565d233b5ce9b7fa147b8dc643a5df08c3f4dcf359d488736f6c57
1988,Q1_midpoint_binary,47,157,0.29936305732484076433121019108280254777070063694268,1899992244.0,4617784481.0,0.41145104363739144369132804489582241289532368715152,11.208798631255067936011785381301986512462305020884,7.1954085059688821470780683151429182131341338360720,16.949643395753618773519191937831872658180116678167,positive,positive,positive,46,142,0.32394366197183098591549295774647887323943661971831,8.7507381665560457775835087149343539655887067433210,5116898810,499114329.0,0.90245765110215263373558876377311045554954017157904,9b731512a9848138113cd2c395175fe8196fb41d7758cd8b88cf7e87e1175c00,a0801177c4565d233b5ce9b7fa147b8dc643a5df08c3f4dcf359d488736f6c57
1988,Q2_boundary_autocracy,42,157,0.26751592356687898089171974522292993630573248407643,1827028536.0,4617784481.0,0.39565045608285935941236058738445918390187426332598,12.813453251598037852064084216152924759614177924955,8.9541857687153674094474910441953145484192534980180,18.708420658500104035888614666884268993465236340114,positive,positive,positive,41,142,0.28873239436619718309859154929577464788732394366197,10.691806171666217631376903808868453601455031966401,5116898810,499114329.0,0.90245765110215263373558876377311045554954017157904,9b731512a9848138113cd2c395175fe8196fb41d7758cd8b88cf7e87e1175c00,a0801177c4565d233b5ce9b7fa147b8dc643a5df08c3f4dcf359d488736f6c57
1988,Q3_boundary_democracy,51,157,0.32484076433121019108280254777070063694267515923567,1978240269.0,4617784481.0,0.42839597151827320197536087652679692047325757384129,10.355520718706301089255832875609628353058241460562,6.1768457866795323120438067026604686357239774982070,15.931080676464268938484930325349423080769960340303,positive,positive,positive,50,142,0.35211267605633802816901408450704225352112676056338,7.6283295461935173806346792019754666952130813277910,5116898810,499114329.0,0.90245765110215263373558876377311045554954017157904,9b731512a9848138113cd2c395175fe8196fb41d7758cd8b88cf7e87e1175c00,a0801177c4565d233b5ce9b7fa147b8dc643a5df08c3f4dcf359d488736f6c57
1989,Q0_three_state,42,158,0.26582278481012658227848101265822784810126582278481,1855420971.0,4702511681.0,0.39455956664533801505723468717525127185324688617185,12.873678183521143277875367451702342375198106338704,9.0483371136589341921422345468672880161427538394790,18.743555258757756235220450856255064415123512828205,positive,positive,positive,41,142,0.28873239436619718309859154929577464788732394366197,10.582717227914083195864313787947662396592294250988,5207378374,504866693.0,0.90304781854901177956921783690612223601019241011274,9b731512a9848138113cd2c395175fe8196fb41d7758cd8b88cf7e87e1175c00,a0801177c4565d233b5ce9b7fa147b8dc643a5df08c3f4dcf359d488736f6c57
1989,Q1_midpoint_binary,47,158,0.29746835443037974683544303797468354430379746835443,1930167802.0,4702511681.0,0.41045465337143944034362516663783700232343984261546,11.298629894105969350818212866315345801964237426103,7.3191824909989422965929263841462531660222733262670,17.014400636097764339671142693534029565003032314993,positive,positive,positive,46,142,0.32394366197183098591549295774647887323943661971831,8.6510991399608454428132208891358129084003222897150,5207378374,504866693.0,0.90304781854901177956921783690612223601019241011274,9b731512a9848138113cd2c395175fe8196fb41d7758cd8b88cf7e87e1175c00,a0801177c4565d233b5ce9b7fa147b8dc643a5df08c3f4dcf359d488736f6c57
1989,Q2_boundary_autocracy,42,158,0.26582278481012658227848101265822784810126582278481,1855420971.0,4702511681.0,0.39455956664533801505723468717525127185324688617185,12.873678183521143277875367451702342375198106338704,9.0483371136589341921422345468672880161427538394790,18.743555258757756235220450856255064415123512828205,positive,positive,positive,41,142,0.28873239436619718309859154929577464788732394366197,10.582717227914083195864313787947662396592294250988,5207378374,504866693.0,0.90304781854901177956921783690612223601019241011274,9b731512a9848138113cd2c395175fe8196fb41d7758cd8b88cf7e87e1175c00,a0801177c4565d233b5ce9b7fa147b8dc643a5df08c3f4dcf359d488736f6c57
1989,Q3_boundary_democracy,50,158,0.31645569620253164556962025316455696202531645569620,1993658089.0,4702511681.0,0.42395600994574116401859927671278016332055550294336,10.750031374320951844897902354822320129523904724716,6.6396853739713054469532307943344585671974035067740,16.334903519070127490031447103722234966178162495501,positive,positive,positive,49,142,0.34507042253521126760563380281690140845070422535211,7.8885587410529896412965473895878754869851277591250,5207378374,504866693.0,0.90304781854901177956921783690612223601019241011274,9b731512a9848138113cd2c395175fe8196fb41d7758cd8b88cf7e87e1175c00,a0801177c4565d233b5ce9b7fa147b8dc643a5df08c3f4dcf359d488736f6c57
1990,Q0_three_state,55,171,0.32163742690058479532163742690058479532163742690058,2024540830.0,4802295531.0,0.42157772609600773026644452881756643393881958073938,9.9940299195422934944807101916981638617182153838800,6.0426234458536877099453703101925066035138201152240,15.415524880377614127717251761711904906926984908360,positive,positive,positive,48,144,0.33333333333333333333333333333333333333333333333333,8.8244392762674396933111195484233100605486247406050,5298962018,496666487.0,0.90627098565476073582228118548480601696586835206864,9b731512a9848138113cd2c395175fe8196fb41d7758cd8b88cf7e87e1175c00,a0801177c4565d233b5ce9b7fa147b8dc643a5df08c3f4dcf359d488736f6c57
1990,Q1_midpoint_binary,62,171,0.36257309941520467836257309941520467836257309941520,2117076035.0,4802295531.0,0.44084667870474712773356804891731266507096603755434,7.8273579289542449370994949502107986708392938139140,3.6953454617174120997977440767965209759467031048710,13.068246896241338517569625528315919279359867898006,positive,positive,positive,54,144,0.375,6.5846678704747127733568048917312665070966037554340,5298962018,496666487.0,0.90627098565476073582228118548480601696586835206864,9b731512a9848138113cd2c395175fe8196fb41d7758cd8b88cf7e87e1175c00,a0801177c4565d233b5ce9b7fa147b8dc643a5df08c3f4dcf359d488736f6c57
1990,Q2_boundary_autocracy,55,171,0.32163742690058479532163742690058479532163742690058,2024540830.0,4802295531.0,0.42157772609600773026644452881756643393881958073938,9.9940299195422934944807101916981638617182153838800,6.0426234458536877099453703101925066035138201152240,15.415524880377614127717251761711904906926984908360,positive,positive,positive,48,144,0.33333333333333333333333333333333333333333333333333,8.8244392762674396933111195484233100605486247406050,5298962018,496666487.0,0.90627098565476073582228118548480601696586835206864,9b731512a9848138113cd2c395175fe8196fb41d7758cd8b88cf7e87e1175c00,a0801177c4565d233b5ce9b7fa147b8dc643a5df08c3f4dcf359d488736f6c57
1990,Q3_boundary_democracy,68,171,0.39766081871345029239766081871345029239766081871345,2179054912.0,4802295531.0,0.45375277259253705850282457345917972410598817851054,5.6091953879086766105163754745729431708327359797090,1.3562153747568770524786420462061759744019582363170,10.729116809280803470250523497725574277815123029452,positive,positive,positive,59,144,0.40972222222222222222222222222222222222222222222222,4.4030550370314836280602351236957501883765956288320,5298962018,496666487.0,0.90627098565476073582228118548480601696586835206864,9b731512a9848138113cd2c395175fe8196fb41d7758cd8b88cf7e87e1175c00,a0801177c4565d233b5ce9b7fa147b8dc643a5df08c3f4dcf359d488736f6c57
1991,Q0_three_state,56,173,0.32369942196531791907514450867052023121387283236994,2140935338.0,4969124197.0,0.43084762085289453271437320849076777462561779475684,10.714819888757661363922869982024754341174496238690,7.3638097948474569124221977557489682380135476861810,15.141525004871440964746296168735632630403247985361,positive,positive,positive,51,146,0.34931506849315068493150684931506849315068493150685,8.1532552359743847782866359175699281474932863249990,5388203305,419079108.0,0.92222284789976015947675901587013335607610299700820,9b731512a9848138113cd2c395175fe8196fb41d7758cd8b88cf7e87e1175c00,a0801177c4565d233b5ce9b7fa147b8dc643a5df08c3f4dcf359d488736f6c57
1991,Q1_midpoint_binary,65,173,0.37572254335260115606936416184971098265895953757225,2270058135.0,4969124197.0,0.45683264193124774900851607754653188838379118500427,8.1110098578646592939151915696820905724831647432020,4.5578956702805532041859584931313643136967069543770,12.335610880304537256510056906118028706086407253557,positive,positive,positive,60,146,0.41095890410958904109589041095890410958904109589041,4.5873737821658707912625666587627778794750089113860,5388203305,419079108.0,0.92222284789976015947675901587013335607610299700820,9b731512a9848138113cd2c395175fe8196fb41d7758cd8b88cf7e87e1175c00,a0801177c4565d233b5ce9b7fa147b8dc643a5df08c3f4dcf359d488736f6c57
1991,Q2_boundary_autocracy,56,173,0.32369942196531791907514450867052023121387283236994,2140935338.0,4969124197.0,0.43084762085289453271437320849076777462561779475684,10.714819888757661363922869982024754341174496238690,7.3638097948474569124221977557489682380135476861810,15.141525004871440964746296168735632630403247985361,positive,positive,positive,51,146,0.34931506849315068493150684931506849315068493150685,8.1532552359743847782866359175699281474932863249990,5388203305,419079108.0,0.92222284789976015947675901587013335607610299700820,9b731512a9848138113cd2c395175fe8196fb41d7758cd8b88cf7e87e1175c00,a0801177c4565d233b5ce9b7fa147b8dc643a5df08c3f4dcf359d488736f6c57
1991,Q3_boundary_democracy,72,173,0.41618497109826589595375722543352601156069364161850,2411991281.0,4969124197.0,0.48539565230754082518658367918430194148757759455132,6.9210681209274929232826453750775929926883952932820,3.1457989730956192948101684658211887330632620243850,10.923514183119603347134266878807853125452962323565,positive,positive,positive,65,146,0.44520547945205479452054794520547945205479452054795,4.0190172855486030666035733978822489432783074003370,5388203305,419079108.0,0.92222284789976015947675901587013335607610299700820,9b731512a9848138113cd2c395175fe8196fb41d7758cd8b88cf7e87e1175c00,a0801177c4565d233b5ce9b7fa147b8dc643a5df08c3f4dcf359d488736f6c57
1992,Q0_three_state,58,174,0.33333333333333333333333333333333333333333333333333,2113020232.0,5353816274.0,0.39467552188175817106868467784107602344667235026601,6.1342188548424837735351344507742690113339016932680,5.2477977166712356476835497522039966091557878185170,7.4937468293623775539273581493471191457100232865600,positive,positive,positive,57,163,0.34969325153374233128834355828220858895705521472393,4.4982270348015839780341119558867434489617135542080,5476822930,123006656.0,0.97754050887308858093756191602856877463445764531956,9b731512a9848138113cd2c395175fe8196fb41d7758cd8b88cf7e87e1175c00,a0801177c4565d233b5ce9b7fa147b8dc643a5df08c3f4dcf359d488736f6c57
1992,Q1_midpoint_binary,68,174,0.39080459770114942528735632183908045977011494252874,2426573108.0,5353816274.0,0.45324175948739327247224098523482503800241539629643,6.2437161786243847184884663395744578232300453767690,5.2257582510691018493432479379293054452664576837610,7.4717073637602437555870563350724279818206931518040,positive,positive,positive,67,163,0.41104294478527607361963190184049079754601226993865,4.2198814702117198852609083394334240456403126357780,5476822930,123006656.0,0.97754050887308858093756191602856877463445764531956,9b731512a9848138113cd2c395175fe8196fb41d7758cd8b88cf7e87e1175c00,a0801177c4565d233b5ce9b7fa147b8dc643a5df08c3f4dcf359d488736f6c57
1992,Q2_boundary_autocracy,58,174,0.33333333333333333333333333333333333333333333333333,2113020232.0,5353816274.0,0.39467552188175817106868467784107602344667235026601,6.1342188548424837735351344507742690113339016932680,5.2477977166712356476835497522039966091557878185170,7.4937468293623775539273581493471191457100232865600,positive,positive,positive,57,163,0.34969325153374233128834355828220858895705521472393,4.4982270348015839780341119558867434489617135542080,5476822930,123006656.0,0.97754050887308858093756191602856877463445764531956,9b731512a9848138113cd2c395175fe8196fb41d7758cd8b88cf7e87e1175c00,a0801177c4565d233b5ce9b7fa147b8dc643a5df08c3f4dcf359d488736f6c57
1992,Q3_boundary_democracy,75,174,0.43103448275862068965517241379310344827586206896552,2664398413.0,5353816274.0,0.49766340058011486406117192806754877446136284802963,6.6628917821494174405999514274445326185500779064110,5.5451651091976521454590450130634907822497313268520,7.7911142218887940517028534102066133188039667948950,positive,positive,positive,74,163,0.45398773006134969325153374233128834355828220858896,4.3675670518765170809638185736260430903080639440670,5476822930,123006656.0,0.97754050887308858093756191602856877463445764531956,9b731512a9848138113cd2c395175fe8196fb41d7758cd8b88cf7e87e1175c00,a0801177c4565d233b5ce9b7fa147b8dc643a5df08c3f4dcf359d488736f6c57
1993,Q0_three_state,60,175,0.34285714285714285714285714285714285714285714285714,2162994634.0,5512181624.0,0.39240264228274637853260983187080847174929735225285,4.9545499425603521389752689013665614606440209395710,4.5858917195113700517028357655352414585386593791720,5.5253813745869971664431815398272076767353963873990,positive,positive,positive,60,168,0.35714285714285714285714285714285714285714285714286,3.5259785139889235675466974727951328892154495109990,5564459142,52277518.0,0.99060510344924372885259654225708033781803262991773,9b731512a9848138113cd2c395175fe8196fb41d7758cd8b88cf7e87e1175c00,a0801177c4565d233b5ce9b7fa147b8dc643a5df08c3f4dcf359d488736f6c57
1993,Q1_midpoint_binary,73,175,0.41714285714285714285714285714285714285714285714286,2497448640.0,5512181624.0,0.45307807513564614720685045409889781237005190524179,3.5935217992789004349707596956040669512909048098930,3.1678596347473831703546980338566132548048355958510,4.1073492898230102850950438081485794730015726040780,positive,positive,positive,73,168,0.43452380952380952380952380952380952380952380952381,1.8554265611836623397326644575088288560528095717980,5564459142,52277518.0,0.99060510344924372885259654225708033781803262991773,9b731512a9848138113cd2c395175fe8196fb41d7758cd8b88cf7e87e1175c00,a0801177c4565d233b5ce9b7fa147b8dc643a5df08c3f4dcf359d488736f6c57
1993,Q2_boundary_autocracy,60,175,0.34285714285714285714285714285714285714285714285714,2162994634.0,5512181624.0,0.39240264228274637853260983187080847174929735225285,4.9545499425603521389752689013665614606440209395710,4.5858917195113700517028357655352414585386593791720,5.5253813745869971664431815398272076767353963873990,positive,positive,positive,60,168,0.35714285714285714285714285714285714285714285714286,3.5259785139889235675466974727951328892154495109990,5564459142,52277518.0,0.99060510344924372885259654225708033781803262991773,9b731512a9848138113cd2c395175fe8196fb41d7758cd8b88cf7e87e1175c00,a0801177c4565d233b5ce9b7fa147b8dc643a5df08c3f4dcf359d488736f6c57
1993,Q3_boundary_democracy,82,175,0.46857142857142857142857142857142857142857142857143,2745711799.0,5512181624.0,0.49811707710159443033620911036947355855123397871550,2.9545648530165858907637681798044987122662550144070,2.4865890120631293821131936039959925671116683398540,3.4260786671387564968535393782879587853084053480810,positive,positive,positive,82,168,0.48809523809523809523809523809523809523809523809524,1.0021839006356335098113872274235463313138740620260,5564459142,52277518.0,0.99060510344924372885259654225708033781803262991773,9b731512a9848138113cd2c395175fe8196fb41d7758cd8b88cf7e87e1175c00,a0801177c4565d233b5ce9b7fa147b8dc643a5df08c3f4dcf359d488736f6c57
1994,Q0_three_state,63,175,0.36,2202772375.0,5597538727.0,0.39352516926320141920475899192470205128426260194055,3.3525169263201419204758991924702051284262601940550,2.9834343246097004883637713530884444460939246086220,3.9213224967982192210417117995289175144023071866530,positive,positive,positive,63,168,0.375,1.8525169263201419204758991924702051284262601940550,5650534421,52995694.0,0.99062111827811481267322059553559526931691617421969,9b731512a9848138113cd2c395175fe8196fb41d7758cd8b88cf7e87e1175c00,a0801177c4565d233b5ce9b7fa147b8dc643a5df08c3f4dcf359d488736f6c57
1994,Q1_midpoint_binary,77,175,0.44,2611040676.0,5597538727.0,0.46646227982408025955226231702317974869457298888287,2.6462279824080259552262317023179748694572988882870,2.2087385273889299611789764195120191092452421324700,3.1466266995774486938569168659524921775536247105010,positive,positive,positive,77,168,0.45833333333333333333333333333333333333333333333333,0.81289464907469262189289836898464153612396555495400,5650534421,52995694.0,0.99062111827811481267322059553559526931691617421969,9b731512a9848138113cd2c395175fe8196fb41d7758cd8b88cf7e87e1175c00,a0801177c4565d233b5ce9b7fa147b8dc643a5df08c3f4dcf359d488736f6c57
1994,Q2_boundary_autocracy,63,175,0.36,2202772375.0,5597538727.0,0.39352516926320141920475899192470205128426260194055,3.3525169263201419204758991924702051284262601940550,2.9834343246097004883637713530884444460939246086220,3.9213224967982192210417117995289175144023071866530,positive,positive,positive,63,168,0.375,1.8525169263201419204758991924702051284262601940550,5650534421,52995694.0,0.99062111827811481267322059553559526931691617421969,9b731512a9848138113cd2c395175fe8196fb41d7758cd8b88cf7e87e1175c00,a0801177c4565d233b5ce9b7fa147b8dc643a5df08c3f4dcf359d488736f6c57
1994,Q3_boundary_democracy,87,175,0.49714285714285714285714285714285714285714285714286,2922156697.0,5597538727.0,0.52204314065838172806624692781692298955308326534067,2.4900283515524585209104070674065846695940408197810,2.0004102645568150942160237129896071471077584999280,2.9382984367453338268939641594300802154161410779590,positive,positive,positive,87,168,0.51785714285714285714285714285714285714285714285714,0.41859978012388709233897849597801324102261224835300,5650534421,52995694.0,0.99062111827811481267322059553559526931691617421969,9b731512a9848138113cd2c395175fe8196fb41d7758cd8b88cf7e87e1175c00,a0801177c4565d233b5ce9b7fa147b8dc643a5df08c3f4dcf359d488736f6c57
1995,Q0_three_state,64,175,0.36571428571428571428571428571428571428571428571429,2283905955.0,5682472550.0,0.40192115930238853507528162190594303882734990070476,3.6206873588102820789567336191657324541635614990470,3.2441969379265782282234029125748332021104202917040,4.1809239854330478517160432258993321872744158258360,positive,positive,positive,64,168,0.38095238095238095238095238095238095238095238095238,2.0968778350007582694329240953562086446397519752380,5736205135,53732585.0,0.99063272952493530376507359686675501014836004465869,9b731512a9848138113cd2c395175fe8196fb41d7758cd8b88cf7e87e1175c00,a0801177c4565d233b5ce9b7fa147b8dc643a5df08c3f4dcf359d488736f6c57
1995,Q1_midpoint_binary,79,175,0.45142857142857142857142857142857142857142857142857,2715902448.0,5682472550.0,0.47794378663562571894869954101230106250139298957106,2.6515215207054290377270969583729633929964418142490,2.2038186485761772833510375197855312703053412382140,3.1405456960826469068436778331100302554693367723450,positive,positive,positive,79,168,0.47023809523809523809523809523809523809523809523810,0.77056913975304808534614457742058244061548943329600,5736205135,53732585.0,0.99063272952493530376507359686675501014836004465869,9b731512a9848138113cd2c395175fe8196fb41d7758cd8b88cf7e87e1175c00,a0801177c4565d233b5ce9b7fa147b8dc643a5df08c3f4dcf359d488736f6c57
1995,Q2_boundary_autocracy,64,175,0.36571428571428571428571428571428571428571428571429,2283905955.0,5682472550.0,0.40192115930238853507528162190594303882734990070476,3.6206873588102820789567336191657324541635614990470,3.2441969379265782282234029125748332021104202917040,4.1809239854330478517160432258993321872744158258360,positive,positive,positive,64,168,0.38095238095238095238095238095238095238095238095238,2.0968778350007582694329240953562086446397519752380,5736205135,53732585.0,0.99063272952493530376507359686675501014836004465869,9b731512a9848138113cd2c395175fe8196fb41d7758cd8b88cf7e87e1175c00,a0801177c4565d233b5ce9b7fa147b8dc643a5df08c3f4dcf359d488736f6c57
1995,Q3_boundary_democracy,90,175,0.51428571428571428571428571428571428571428571428571,3051873926.0,5682472550.0,0.53706795750381583453491561521049494554971497398610,2.2782243218101548820629900924780659835429259700390,1.7751382396672753779203390162081931392235180734550,2.7118652871737450014129793295326921243875136075860,positive,positive,positive,90,168,0.53571428571428571428571428571428571428571428571429,0.13536717895301202492013294962092312640006882718100,5736205135,53732585.0,0.99063272952493530376507359686675501014836004465869,9b731512a9848138113cd2c395175fe8196fb41d7758cd8b88cf7e87e1175c00,a0801177c4565d233b5ce9b7fa147b8dc643a5df08c3f4dcf359d488736f6c57
1996,Q0_three_state,65,175,0.37142857142857142857142857142857142857142857142857,2363365623.0,5767744485.0,0.40975560362397017661922310346589495286908501114019,3.8327032195398748047794532037323524297656439711620,3.4485637178995550639292120267242873627620900416330,4.3860481555567929338589159841758915789459960273210,positive,positive,positive,65,168,0.38690476190476190476190476190476190476190476190476,2.2850841719208271857318341561133048107180249235430,5822327903,54583418.0,0.99062515562342762130070296042548395783816094014312,9b731512a9848138113cd2c395175fe8196fb41d7758cd8b88cf7e87e1175c00,a0801177c4565d233b5ce9b7fa147b8dc643a5df08c3f4dcf359d488736f6c57
1996,Q1_midpoint_binary,81,175,0.46285714285714285714285714285714285714285714285714,2851263677.0,5767744485.0,0.49434639214951284375420801949759048662156537955582,3.1489249292369986611350876640447629478708236698680,2.6854828797848282232001250445547089277359101016610,3.6229673174420660931298290020063131439198160873490,positive,positive,positive,80,168,0.47619047619047619047619047619047619047619047619048,1.8155915959036653278017543307114296145374903365340,5822327903,54583418.0,0.99062515562342762130070296042548395783816094014312,9b731512a9848138113cd2c395175fe8196fb41d7758cd8b88cf7e87e1175c00,a0801177c4565d233b5ce9b7fa147b8dc643a5df08c3f4dcf359d488736f6c57
1996,Q2_boundary_autocracy,65,175,0.37142857142857142857142857142857142857142857142857,2363365623.0,5767744485.0,0.40975560362397017661922310346589495286908501114019,3.8327032195398748047794532037323524297656439711620,3.4485637178995550639292120267242873627620900416330,4.3860481555567929338589159841758915789459960273210,positive,positive,positive,65,168,0.38690476190476190476190476190476190476190476190476,2.2850841719208271857318341561133048107180249235430,5822327903,54583418.0,0.99062515562342762130070296042548395783816094014312,9b731512a9848138113cd2c395175fe8196fb41d7758cd8b88cf7e87e1175c00,a0801177c4565d233b5ce9b7fa147b8dc643a5df08c3f4dcf359d488736f6c57
1996,Q3_boundary_democracy,90,175,0.51428571428571428571428571428571428571428571428571,3087750193.0,5767744485.0,0.53534795118442213724382764504520175532706525573489,2.1062236898707851529541930759487469612779541449180,1.6043433169037027353421458441001858496666672536600,2.5418277545609406052718498015517900658505732393480,positive,positive,positive,89,168,0.52976190476190476190476190476190476190476190476190,0.55860464225173753390657402832969934223033509729900,5822327903,54583418.0,0.99062515562342762130070296042548395783816094014312,9b731512a9848138113cd2c395175fe8196fb41d7758cd8b88cf7e87e1175c00,a0801177c4565d233b5ce9b7fa147b8dc643a5df08c3f4dcf359d488736f6c57
1997,Q0_three_state,68,175,0.38857142857142857142857142857142857142857142857143,2414320424.0,5852975535.0,0.41249453539702861580473016619229726542842964403404,2.3923106825600044376158737620868693999858215462610,2.0068845153784922486856835163274683622146706906630,2.9412633594776923746225303030427232592706038457110,positive,positive,positive,67,168,0.39880952380952380952380952380952380952380952380952,1.3685011587504806280920642382773455904620120224520,5908180322,55204787.0,0.99065621155900799874063153213284745102944066844952,9b731512a9848138113cd2c395175fe8196fb41d7758cd8b88cf7e87e1175c00,a0801177c4565d233b5ce9b7fa147b8dc643a5df08c3f4dcf359d488736f6c57
1997,Q1_midpoint_binary,82,175,0.46857142857142857142857142857142857142857142857143,2894609267.0,5852975535.0,0.49455345399799283459673644441433668148759825629444,2.5982025426564263168165015842908110059026827723010,2.1361022579645148287866163260082220431785740804760,3.0704811020637149547234631127234769402345072355230,positive,positive,positive,81,168,0.48214285714285714285714285714285714285714285714286,1.2410596855135691739593587271479538630455399151580,5908180322,55204787.0,0.99065621155900799874063153213284745102944066844952,9b731512a9848138113cd2c395175fe8196fb41d7758cd8b88cf7e87e1175c00,a0801177c4565d233b5ce9b7fa147b8dc643a5df08c3f4dcf359d488736f6c57
1997,Q2_boundary_autocracy,68,175,0.38857142857142857142857142857142857142857142857143,2414320424.0,5852975535.0,0.41249453539702861580473016619229726542842964403404,2.3923106825600044376158737620868693999858215462610,2.0068845153784922486856835163274683622146706906630,2.9412633594776923746225303030427232592706038457110,positive,positive,positive,67,168,0.39880952380952380952380952380952380952380952380952,1.3685011587504806280920642382773455904620120224520,5908180322,55204787.0,0.99065621155900799874063153213284745102944066844952,9b731512a9848138113cd2c395175fe8196fb41d7758cd8b88cf7e87e1175c00,a0801177c4565d233b5ce9b7fa147b8dc643a5df08c3f4dcf359d488736f6c57
1997,Q3_boundary_democracy,93,175,0.53142857142857142857142857142857142857142857142857,3191410015.0,5852975535.0,0.54526283185634398863073327368691965666998127987220,1.3834260427772560059304702258348228098552708443630,0.87394398821706879417850548903985969341673628859100,1.8083228323162689201153522757551145904726694436380,positive,positive,positive,91,168,0.54166666666666666666666666666666666666666666666667,0.35961651896773219640666070202529900033146132055300,5908180322,55204787.0,0.99065621155900799874063153213284745102944066844952,9b731512a9848138113cd2c395175fe8196fb41d7758cd8b88cf7e87e1175c00,a0801177c4565d233b5ce9b7fa147b8dc643a5df08c3f4dcf359d488736f6c57
1998,Q0_three_state,69,176,0.39204545454545454545454545454545454545454545454545,2579358975.0,5938127861.0,0.43437242096798292568796541109036250844717201686405,4.2326966422528380233419956544907962992626562318600,3.8297359820649351157803994410927060037203103278410,4.7574207077432365435816313531460879755545054180980,positive,positive,positive,68,168,0.40476190476190476190476190476190476190476190476190,2.9610516206078163783203506328457746542410112102150,5993730786,55602925.0,0.99072315274321698572198768087946618028165804909744,9b731512a9848138113cd2c395175fe8196fb41d7758cd8b88cf7e87e1175c00,a0801177c4565d233b5ce9b7fa147b8dc643a5df08c3f4dcf359d488736f6c57
1998,Q1_midpoint_binary,84,176,0.47727272727272727272727272727272727272727272727273,2948141585.0,5938127861.0,0.49647660912837322955043726027980184645606437877273,1.9203881855645956823164533007074573728791651500000,1.4598144186196474803219043466606697752461795791980,2.3874991442979489081231362587140517470803746694550,positive,positive,positive,83,168,0.49404761904761904761904761904761904761904761904762,0.24289900807541819313896412321827988370167597251100,5993730786,55602925.0,0.99072315274321698572198768087946618028165804909744,9b731512a9848138113cd2c395175fe8196fb41d7758cd8b88cf7e87e1175c00,a0801177c4565d233b5ce9b7fa147b8dc643a5df08c3f4dcf359d488736f6c57
1998,Q2_boundary_autocracy,69,176,0.39204545454545454545454545454545454545454545454545,2579358975.0,5938127861.0,0.43437242096798292568796541109036250844717201686405,4.2326966422528380233419956544907962992626562318600,3.8297359820649351157803994410927060037203103278410,4.7574207077432365435816313531460879755545054180980,positive,positive,positive,68,168,0.40476190476190476190476190476190476190476190476190,2.9610516206078163783203506328457746542410112102150,5993730786,55602925.0,0.99072315274321698572198768087946618028165804909744,9b731512a9848138113cd2c395175fe8196fb41d7758cd8b88cf7e87e1175c00,a0801177c4565d233b5ce9b7fa147b8dc643a5df08c3f4dcf359d488736f6c57
1998,Q3_boundary_democracy,93,176,0.52840909090909090909090909090909090909090909090909,3233696020.0,5938127861.0,0.54456490255759415349510608996972556094982340765060,1.6155811648503244404196999060634651858914316741510,1.1103966226071517605377297820281027701982427525550,2.0380813482854531883389616940814847420324378428120,positive,positive,positive,91,168,0.54166666666666666666666666666666666666666666666667,0.28982358909274868284394233030588942831567409839300,5993730786,55602925.0,0.99072315274321698572198768087946618028165804909744,9b731512a9848138113cd2c395175fe8196fb41d7758cd8b88cf7e87e1175c00,a0801177c4565d233b5ce9b7fa147b8dc643a5df08c3f4dcf359d488736f6c57
1999,Q0_three_state,70,177,0.39548022598870056497175141242937853107344632768362,2678278257.0,6022305153.0,0.44472642766463282203594441472168954371814443325669,4.9246201675932257064193002292311012644698105573070,4.5165955354229062202906601889167742447792599604240,5.4340688556232742640390065862444882599737369415410,positive,positive,positive,69,168,0.41071428571428571428571428571428571428571428571429,3.4012141950347107750230129007403829432430147542400,6078069822,55764669.0,0.99082526679799631956251653602672285984805523018883,9b731512a9848138113cd2c395175fe8196fb41d7758cd8b88cf7e87e1175c00,a0801177c4565d233b5ce9b7fa147b8dc643a5df08c3f4dcf359d488736f6c57
1999,Q1_midpoint_binary,85,177,0.48022598870056497175141242937853107344632768361582,3206058994.0,6022305153.0,0.53236408859204149331819818529876478346563120429112,5.2138099891476521566785755920233710019303520675300,4.7253801412316689712331117593838669100535740685260,5.6428534614320370149814581567115809252480510496430,positive,positive,positive,84,168,0.5,3.2364088592041493318198185298764783465631204291120,6078069822,55764669.0,0.99082526679799631956251653602672285984805523018883,9b731512a9848138113cd2c395175fe8196fb41d7758cd8b88cf7e87e1175c00,a0801177c4565d233b5ce9b7fa147b8dc643a5df08c3f4dcf359d488736f6c57
1999,Q2_boundary_autocracy,70,177,0.39548022598870056497175141242937853107344632768362,2678278257.0,6022305153.0,0.44472642766463282203594441472168954371814443325669,4.9246201675932257064193002292311012644698105573070,4.5165955354229062202906601889167742447792599604240,5.4340688556232742640390065862444882599737369415410,positive,positive,positive,69,168,0.41071428571428571428571428571428571428571428571429,3.4012141950347107750230129007403829432430147542400,6078069822,55764669.0,0.99082526679799631956251653602672285984805523018883,9b731512a9848138113cd2c395175fe8196fb41d7758cd8b88cf7e87e1175c00,a0801177c4565d233b5ce9b7fa147b8dc643a5df08c3f4dcf359d488736f6c57
1999,Q3_boundary_democracy,93,177,0.52542372881355932203389830508474576271186440677966,3439063646.0,6022305153.0,0.57105436516893151860516490835481913016904210001595,4.5630636355372196571266603270073367457177693236290,4.0391364911107666498764852597551754007909793932050,4.9566098113111346936248316570828894159854563743220,positive,positive,positive,91,168,0.54166666666666666666666666666666666666666666666667,2.9387698502264851938498241688152463502375433349280,6078069822,55764669.0,0.99082526679799631956251653602672285984805523018883,9b731512a9848138113cd2c395175fe8196fb41d7758cd8b88cf7e87e1175c00,a0801177c4565d233b5ce9b7fa147b8dc643a5df08c3f4dcf359d488736f6c57
2000,Q0_three_state,72,177,0.40677966101694915254237288135593220338983050847458,2933711810.0,6105355058.0,0.48051452898810262772435797623352571283004979331376,7.3734867971153475181985094877593509440219284839180,6.9354111942882988433576278646134920053365200799960,7.8470914378588221273580334678662599529344370238830,positive,positive,positive,71,168,0.42261904761904761904761904761904761904761904761905,5.7895481369055008676738928614478093782430745694710,6161528496,56173438.0,0.99088319756429476715999594396747232052402083056113,9b731512a9848138113cd2c395175fe8196fb41d7758cd8b88cf7e87e1175c00,a0801177c4565d233b5ce9b7fa147b8dc643a5df08c3f4dcf359d488736f6c57
2000,Q1_midpoint_binary,84,177,0.47457627118644067796610169491525423728813559322034,3240969824.0,6105355058.0,0.53084051512340398270740505719495536012117053193010,5.6264243936963304741303362279701122833034938709760,5.1424675835715234822198099714146434723298369642240,6.0541478271420467662202155746674114199277539081110,positive,positive,positive,83,168,0.49404761904761904761904761904761904761904761904762,3.6792896075784935088357438147336312502122912882480,6161528496,56173438.0,0.99088319756429476715999594396747232052402083056113,9b731512a9848138113cd2c395175fe8196fb41d7758cd8b88cf7e87e1175c00,a0801177c4565d233b5ce9b7fa147b8dc643a5df08c3f4dcf359d488736f6c57
2000,Q2_boundary_autocracy,72,177,0.40677966101694915254237288135593220338983050847458,2933711810.0,6105355058.0,0.48051452898810262772435797623352571283004979331376,7.3734867971153475181985094877593509440219284839180,6.9354111942882988433576278646134920053365200799960,7.8470914378588221273580334678662599529344370238830,positive,positive,positive,71,168,0.42261904761904761904761904761904761904761904761905,5.7895481369055008676738928614478093782430745694710,6161528496,56173438.0,0.99088319756429476715999594396747232052402083056113,9b731512a9848138113cd2c395175fe8196fb41d7758cd8b88cf7e87e1175c00,a0801177c4565d233b5ce9b7fa147b8dc643a5df08c3f4dcf359d488736f6c57
2000,Q3_boundary_democracy,92,177,0.51977401129943502824858757062146892655367231638418,3460781772.0,6105355058.0,0.56684365432035779236739682503162947087687623228153,4.7069643020922764118809254410160544323203915897350,4.1901841412550871167108323289073494152840634554220,5.1018643848256104007112379321601173628819803993090,positive,positive,positive,90,168,0.53571428571428571428571428571428571428571428571429,3.1129368606072078081682539317343756591161946567240,6161528496,56173438.0,0.99088319756429476715999594396747232052402083056113,9b731512a9848138113cd2c395175fe8196fb41d7758cd8b88cf7e87e1175c00,a0801177c4565d233b5ce9b7fa147b8dc643a5df08c3f4dcf359d488736f6c57
2001,Q0_three_state,71,177,0.40112994350282485875706214689265536723163841807910,2889152068.0,6187889698.0,0.46690426122718517792170250802036840056162229283486,6.5774317724360319164640361127713033329983874755760,6.1523781328158760078399610261894441937444144867540,7.0627438649746885567572524171105620922976196353530,positive,positive,positive,69,168,0.41071428571428571428571428571428571428571428571429,5.6189975512899463635988222306082686275908007120570,6244739668,56849970.0,0.99089634267841187451082708609078882101446794851401,9b731512a9848138113cd2c395175fe8196fb41d7758cd8b88cf7e87e1175c00,a0801177c4565d233b5ce9b7fa147b8dc643a5df08c3f4dcf359d488736f6c57
2001,Q1_midpoint_binary,86,177,0.48587570621468926553672316384180790960451977401130,3311121708.0,6187889698.0,0.53509707987687533598954594681593821777913663127484,4.9221373662186070452822782974130308174616857263540,4.4350033213204528289879633141273627558447833624130,5.3453690534792653779052547050484806543979885110120,positive,positive,positive,84,168,0.5,3.5097079876875335989545946815938217779136631274840,6244739668,56849970.0,0.99089634267841187451082708609078882101446794851401,9b731512a9848138113cd2c395175fe8196fb41d7758cd8b88cf7e87e1175c00,a0801177c4565d233b5ce9b7fa147b8dc643a5df08c3f4dcf359d488736f6c57
2001,Q2_boundary_autocracy,71,177,0.40112994350282485875706214689265536723163841807910,2889152068.0,6187889698.0,0.46690426122718517792170250802036840056162229283486,6.5774317724360319164640361127713033329983874755760,6.1523781328158760078399610261894441937444144867540,7.0627438649746885567572524171105620922976196353530,positive,positive,positive,69,168,0.41071428571428571428571428571428571428571428571429,5.6189975512899463635988222306082686275908007120570,6244739668,56849970.0,0.99089634267841187451082708609078882101446794851401,9b731512a9848138113cd2c395175fe8196fb41d7758cd8b88cf7e87e1175c00,a0801177c4565d233b5ce9b7fa147b8dc643a5df08c3f4dcf359d488736f6c57
2001,Q3_boundary_democracy,93,177,0.52542372881355932203389830508474576271186440677966,3499535847.0,6187889698.0,0.56554593210203663846885849903525542772207314158236,4.0122203288477316434960193950509665010208734802700,3.4973666923002229694185678191400633724272825002220,4.4077324244590355183358592100611812709804876488210,positive,positive,positive,89,168,0.52976190476190476190476190476190476190476190476190,3.5784027340131876564096594273350665817311236820460,6244739668,56849970.0,0.99089634267841187451082708609078882101446794851401,9b731512a9848138113cd2c395175fe8196fb41d7758cd8b88cf7e87e1175c00,a0801177c4565d233b5ce9b7fa147b8dc643a5df08c3f4dcf359d488736f6c57
2002,Q0_three_state,73,177,0.41242937853107344632768361581920903954802259887006,2937947661.0,6270571756.0,0.46852946993052478514688095054788493516762492814060,5.6100091399451338819197334728675895619602329270540,5.1908876685000991979897802727363871255859222090700,6.0854343263809439294478985183440761496441148618630,positive,positive,positive,71,169,0.42011834319526627218934911242603550295857988165680,4.8411126735258512957531838121849432209045046483800,6327171255,56599499.0,0.99105453342119155268541881754392310975941807347208,9b731512a9848138113cd2c395175fe8196fb41d7758cd8b88cf7e87e1175c00,a0801177c4565d233b5ce9b7fa147b8dc643a5df08c3f4dcf359d488736f6c57
2002,Q1_midpoint_binary,88,177,0.49717514124293785310734463276836158192090395480226,3213069568.0,6270571756.0,0.51240456102357374889435839828064316628162990118249,1.5229419780635895787013765512281584360725946380230,1.0645721905170503254822460178453242360314271841110,1.9591188483978950569403642634530132600896198369030,positive,positive,positive,86,169,0.50887573964497041420118343195266272189349112426036,0.35288213786033346931749663279804443881387769221300,6327171255,56599499.0,0.99105453342119155268541881754392310975941807347208,9b731512a9848138113cd2c395175fe8196fb41d7758cd8b88cf7e87e1175c00,a0801177c4565d233b5ce9b7fa147b8dc643a5df08c3f4dcf359d488736f6c57
2002,Q2_boundary_autocracy,73,177,0.41242937853107344632768361581920903954802259887006,2937947661.0,6270571756.0,0.46852946993052478514688095054788493516762492814060,5.6100091399451338819197334728675895619602329270540,5.1908876685000991979897802727363871255859222090700,6.0854343263809439294478985183440761496441148618630,positive,positive,positive,71,169,0.42011834319526627218934911242603550295857988165680,4.8411126735258512957531838121849432209045046483800,6327171255,56599499.0,0.99105453342119155268541881754392310975941807347208,9b731512a9848138113cd2c395175fe8196fb41d7758cd8b88cf7e87e1175c00,a0801177c4565d233b5ce9b7fa147b8dc643a5df08c3f4dcf359d488736f6c57
2002,Q3_boundary_democracy,98,177,0.55367231638418079096045197740112994350282485875706,3538484964.0,6270571756.0,0.56430021084029518280501756529137787287925263955787,1.0627894456114391844565587890247929376427780800810,0.55799657796279710010574712632242505895555283769400,1.4525432358436418315638653719301140830137454904860,positive,positive,positive,93,169,0.55029585798816568047337278106508875739644970414201,1.4004352852129502331644784226289115482802935415860,6327171255,56599499.0,0.99105453342119155268541881754392310975941807347208,9b731512a9848138113cd2c395175fe8196fb41d7758cd8b88cf7e87e1175c00,a0801177c4565d233b5ce9b7fa147b8dc643a5df08c3f4dcf359d488736f6c57
2003,Q0_three_state,77,177,0.43502824858757062146892655367231638418079096045198,2983981453.0,6352260147.0,0.46975114116024568412563157577494598160071229840959,3.4722892572675062656705022102629597419921337957610,3.0538515929533275523764089753323467976340847466690,3.9446161439040138827628624687321400290995765240470,positive,positive,positive,75,169,0.44378698224852071005917159763313609467455621301775,2.5964158911724974066459978141809886926156085391840,6409352386,57092239.0,0.99109235449049313669613546506600206768534508222622,9b731512a9848138113cd2c395175fe8196fb41d7758cd8b88cf7e87e1175c00,a0801177c4565d233b5ce9b7fa147b8dc643a5df08c3f4dcf359d488736f6c57
2003,Q1_midpoint_binary,95,177,0.53672316384180790960451977401129943502824858757062,3295183119.0,6352260147.0,0.51874184034421599074978816354827100250999843064204,-1.7981323497591918854731610463028432518250156928580,-2.2602091922327400641909584957481354007543105018300,-1.3694446412820537338045050023483421692888187244520,negative,negative,negative,90,169,0.53254437869822485207100591715976331360946745562130,-1.3802538354008861321217753611492311099469024979260,6409352386,57092239.0,0.99109235449049313669613546506600206768534508222622,9b731512a9848138113cd2c395175fe8196fb41d7758cd8b88cf7e87e1175c00,a0801177c4565d233b5ce9b7fa147b8dc643a5df08c3f4dcf359d488736f6c57
2003,Q2_boundary_autocracy,77,177,0.43502824858757062146892655367231638418079096045198,2983981453.0,6352260147.0,0.46975114116024568412563157577494598160071229840959,3.4722892572675062656705022102629597419921337957610,3.0538515929533275523764089753323467976340847466690,3.9446161439040138827628624687321400290995765240470,positive,positive,positive,75,169,0.44378698224852071005917159763313609467455621301775,2.5964158911724974066459978141809886926156085391840,6409352386,57092239.0,0.99109235449049313669613546506600206768534508222622,9b731512a9848138113cd2c395175fe8196fb41d7758cd8b88cf7e87e1175c00,a0801177c4565d233b5ce9b7fa147b8dc643a5df08c3f4dcf359d488736f6c57
2003,Q3_boundary_democracy,101,177,0.57062146892655367231638418079096045197740112994350,3506322812.0,6352260147.0,0.55198035515846136520013023956526571392007569805847,-1.8641113768092307116253941225694738057325431885030,-2.3557959100055579065812827356251674209787214886090,-1.4650313590548715761948292422253741895132297112310,negative,negative,negative,96,169,0.56804733727810650887573964497041420118343195266272,-1.6066982119645143675609405405148487263356254604250,6409352386,57092239.0,0.99109235449049313669613546506600206768534508222622,9b731512a9848138113cd2c395175fe8196fb41d7758cd8b88cf7e87e1175c00,a0801177c4565d233b5ce9b7fa147b8dc643a5df08c3f4dcf359d488736f6c57
2004,Q0_three_state,77,177,0.43502824858757062146892655367231638418079096045198,3019657412.0,6434687522.0,0.46927801881223969091439588944813410630136267866466,3.4249770224669069445469335775817722120571718212680,3.0081497488535088460279382169733853226858275157160,3.8963807268746051665262670276863926052438078470630,positive,positive,positive,75,169,0.44378698224852071005917159763313609467455621301775,2.5491036563718980855224291814998011626806465646910,6492354627,57667105.0,0.99111769021978903679501671189286992717442019668652,9b731512a9848138113cd2c395175fe8196fb41d7758cd8b88cf7e87e1175c00,a0801177c4565d233b5ce9b7fa147b8dc643a5df08c3f4dcf359d488736f6c57
2004,Q1_midpoint_binary,95,177,0.53672316384180790960451977401129943502824858757062,3254187224.0,6434687522.0,0.50572575791350136675681141179741035449770827270950,-3.0997405928306542847708362213889080530540314861120,-3.5489418773926237958427789824927910132185635647710,-2.6607108993715274753444501717797837306605832334230,negative,negative,negative,90,169,0.53254437869822485207100591715976331360946745562130,-2.6818620784723485314194505362352959111759182911800,6492354627,57667105.0,0.99111769021978903679501671189286992717442019668652,9b731512a9848138113cd2c395175fe8196fb41d7758cd8b88cf7e87e1175c00,a0801177c4565d233b5ce9b7fa147b8dc643a5df08c3f4dcf359d488736f6c57
2004,Q2_boundary_autocracy,77,177,0.43502824858757062146892655367231638418079096045198,3019657412.0,6434687522.0,0.46927801881223969091439588944813410630136267866466,3.4249770224669069445469335775817722120571718212680,3.0081497488535088460279382169733853226858275157160,3.8963807268746051665262670276863926052438078470630,positive,positive,positive,75,169,0.44378698224852071005917159763313609467455621301775,2.5491036563718980855224291814998011626806465646910,6492354627,57667105.0,0.99111769021978903679501671189286992717442019668652,9b731512a9848138113cd2c395175fe8196fb41d7758cd8b88cf7e87e1175c00,a0801177c4565d233b5ce9b7fa147b8dc643a5df08c3f4dcf359d488736f6c57
2004,Q3_boundary_democracy,102,177,0.57627118644067796610169491525423728813559322033898,3555297904.0,6434687522.0,0.55252067669868118888897306115372232989062930288474,-2.3750509741996777212721854100514958244963917454240,-2.8658169552406252782668295792281024297635127850450,-1.9775859772195289577685007685150951472055324536970,negative,negative,negative,97,169,0.57396449704142011834319526627218934911242603550296,-2.1443820342738929454222205118467019221796732618220,6492354627,57667105.0,0.99111769021978903679501671189286992717442019668652,9b731512a9848138113cd2c395175fe8196fb41d7758cd8b88cf7e87e1175c00,a0801177c4565d233b5ce9b7fa147b8dc643a5df08c3f4dcf359d488736f6c57
2005,Q0_three_state,77,177,0.43502824858757062146892655367231638418079096045198,3067541244.0,6517172769.0,0.47068588676845617624595460528905920124763842976157,3.5657638180885554777028051616742817066847469309590,3.1488855360472768297908015846815880414901829309410,4.0345680979430682260721056414388369969225864301080,positive,positive,positive,75,169,0.44378698224852071005917159763313609467455621301775,2.6898904519935466186783007655923106573082216743820,6575410029,58237260.0,0.99114317438104208603718695943242751044567596500833,9b731512a9848138113cd2c395175fe8196fb41d7758cd8b88cf7e87e1175c00,a0801177c4565d233b5ce9b7fa147b8dc643a5df08c3f4dcf359d488736f6c57
2005,Q1_midpoint_binary,94,177,0.53107344632768361581920903954802259887005649717514,3273253153.0,6517172769.0,0.50225048023427656962886938619994101924045524716701,-2.8822966093407046190339653348081579629601250008130,-3.3271311013879902301771753052683343730808663053490,-2.4414485394921988338958712485110854176484628061820,negative,negative,negative,89,169,0.52662721893491124260355029585798816568047337278107,-2.4376738700634672974680909658047146440018125614060,6575410029,58237260.0,0.99114317438104208603718695943242751044567596500833,9b731512a9848138113cd2c395175fe8196fb41d7758cd8b88cf7e87e1175c00,a0801177c4565d233b5ce9b7fa147b8dc643a5df08c3f4dcf359d488736f6c57
2005,Q2_boundary_autocracy,77,177,0.43502824858757062146892655367231638418079096045198,3067541244.0,6517172769.0,0.47068588676845617624595460528905920124763842976157,3.5657638180885554777028051616742817066847469309590,3.1488855360472768297908015846815880414901829309410,4.0345680979430682260721056414388369969225864301080,positive,positive,positive,75,169,0.44378698224852071005917159763313609467455621301775,2.6898904519935466186783007655923106573082216743820,6575410029,58237260.0,0.99114317438104208603718695943242751044567596500833,9b731512a9848138113cd2c395175fe8196fb41d7758cd8b88cf7e87e1175c00,a0801177c4565d233b5ce9b7fa147b8dc643a5df08c3f4dcf359d488736f6c57
2005,Q3_boundary_democracy,101,177,0.57062146892655367231638418079096045197740112994350,3585335385.0,6517172769.0,0.55013661783745171724785373723456678243540976165274,-2.0484851089101955068530443556393669541991368290760,-2.5357315179891556745370563626311387930417422062550,-1.6500489560933642782557523058738898376093387070880,negative,negative,negative,96,169,0.56804733727810650887573964497041420118343195266272,-1.7910719440654791627885907735847418748022191009980,6575410029,58237260.0,0.99114317438104208603718695943242751044567596500833,9b731512a9848138113cd2c395175fe8196fb41d7758cd8b88cf7e87e1175c00,a0801177c4565d233b5ce9b7fa147b8dc643a5df08c3f4dcf359d488736f6c57
2006,Q0_three_state,81,177,0.45762711864406779661016949152542372881355932203390,3205024141.0,6608707649.0,0.48496987780734556745105006535597774027059250234357,2.7342759163277770840880573830554011457033180309670,2.3641265653781772750993064456792798640223182253270,3.1273685065542470846629958677595152041894196354690,positive,positive,positive,80,171,0.46783625730994152046783625730994152046783625730994,1.7133620497404046983213808046036219802756245033630,6659536021,50828372.0,0.99236758058823930190436310577919764659832898589858,9b731512a9848138113cd2c395175fe8196fb41d7758cd8b88cf7e87e1175c00,a0801177c4565d233b5ce9b7fa147b8dc643a5df08c3f4dcf359d488736f6c57
2006,Q1_midpoint_binary,93,177,0.52542372881355932203389830508474576271186440677966,3303188571.0,6608707649.0,0.49982367906678754038496279077876334729056494839662,-2.5600049746771781648935514305982415421299458383040,-2.9414913697338780158402982195193364568900746999490,-2.1782494285578082062766087974391011167229732898080,negative,negative,negative,90,171,0.52631578947368421052631578947368421052631578947368,-2.6492110406896670141352998694920863235750841077060,6659536021,50828372.0,0.99236758058823930190436310577919764659832898589858,9b731512a9848138113cd2c395175fe8196fb41d7758cd8b88cf7e87e1175c00,a0801177c4565d233b5ce9b7fa147b8dc643a5df08c3f4dcf359d488736f6c57
2006,Q2_boundary_autocracy,81,177,0.45762711864406779661016949152542372881355932203390,3205024141.0,6608707649.0,0.48496987780734556745105006535597774027059250234357,2.7342759163277770840880573830554011457033180309670,2.3641265653781772750993064456792798640223182253270,3.1273685065542470846629958677595152041894196354690,positive,positive,positive,80,171,0.46783625730994152046783625730994152046783625730994,1.7133620497404046983213808046036219802756245033630,6659536021,50828372.0,0.99236758058823930190436310577919764659832898589858,9b731512a9848138113cd2c395175fe8196fb41d7758cd8b88cf7e87e1175c00,a0801177c4565d233b5ce9b7fa147b8dc643a5df08c3f4dcf359d488736f6c57
2006,Q3_boundary_democracy,99,177,0.55932203389830508474576271186440677966101694915254,3486131602.0,6608707649.0,0.52750579797965579518102238872391675378830182536344,-3.1816235918649289564740323140490025872715123789100,-3.5842381410965531694939143085334926060482155979450,-2.8209961999204833599302248864532572658811141878030,negative,negative,negative,96,171,0.56140350877192982456140350877192982456140350877193,-3.3897710792274029380381120048013070773101683408490,6659536021,50828372.0,0.99236758058823930190436310577919764659832898589858,9b731512a9848138113cd2c395175fe8196fb41d7758cd8b88cf7e87e1175c00,a0801177c4565d233b5ce9b7fa147b8dc643a5df08c3f4dcf359d488736f6c57
2007,Q0_three_state,82,178,0.46067415730337078651685393258426966292134831460674,3249158088.0,6692536518.0,0.48548978093151736165095065081570915381891981183210,2.4815623628146575134096718231439490897571497225360,2.1107313749527467285375204020445096839746190930650,2.8745599917989987072177634751952162655768764850380,positive,positive,positive,81,171,0.47368421052631578947368421052631578947368421052632,1.1805570405201572177266440289393364345235601305780,6744049498,51512980.0,0.99236171383153748021319756926849293418397742608027,9b731512a9848138113cd2c395175fe8196fb41d7758cd8b88cf7e87e1175c00,a0801177c4565d233b5ce9b7fa147b8dc643a5df08c3f4dcf359d488736f6c57
2007,Q1_midpoint_binary,91,178,0.51123595505617977528089887640449438202247191011236,3309926974.0,6692536518.0,0.49456987871455645899547708676395152095903737286115,-1.6666076341623316285421789640542861063434537251210,-2.0443742605546898861283962124990676042999574988050,-1.2805456437084379074481531393483610226977001068320,negative,negative,negative,89,171,0.52046783625730994152046783625730994152046783625731,-2.5897957542753482524990749493358420561430463396160,6744049498,51512980.0,0.99236171383153748021319756926849293418397742608027,9b731512a9848138113cd2c395175fe8196fb41d7758cd8b88cf7e87e1175c00,a0801177c4565d233b5ce9b7fa147b8dc643a5df08c3f4dcf359d488736f6c57
2007,Q2_boundary_autocracy,82,178,0.46067415730337078651685393258426966292134831460674,3249158088.0,6692536518.0,0.48548978093151736165095065081570915381891981183210,2.4815623628146575134096718231439490897571497225360,2.1107313749527467285375204020445096839746190930650,2.8745599917989987072177634751952162655768764850380,positive,positive,positive,81,171,0.47368421052631578947368421052631578947368421052632,1.1805570405201572177266440289393364345235601305780,6744049498,51512980.0,0.99236171383153748021319756926849293418397742608027,9b731512a9848138113cd2c395175fe8196fb41d7758cd8b88cf7e87e1175c00,a0801177c4565d233b5ce9b7fa147b8dc643a5df08c3f4dcf359d488736f6c57
2007,Q3_boundary_democracy,99,178,0.55617977528089887640449438202247191011235955056180,3499615335.0,6692536518.0,0.52291314744231329123694144331301801945580358804103,-3.3266627838585585167552938709453890656555962520770,-3.7260788100001409035401830916762335736990694097930,-2.9622501931538889248599400185255269920968120178200,negative,negative,negative,97,171,0.56725146198830409356725146198830409356725146198830,-4.4338314545990802330310018675286074111447873947270,6744049498,51512980.0,0.99236171383153748021319756926849293418397742608027,9b731512a9848138113cd2c395175fe8196fb41d7758cd8b88cf7e87e1175c00,a0801177c4565d233b5ce9b7fa147b8dc643a5df08c3f4dcf359d488736f6c57
2008,Q0_three_state,79,178,0.44382022471910112359550561797752808988764044943820,3208278053.0,6777868641.0,0.47334615392113203393078269602894182144714126217602,2.9525929202030910335277078051413731559500812737820,2.5907457203526396591950458302044311257108690762570,3.3551909299586769635261308460386953322345017341490,positive,positive,positive,78,171,0.45614035087719298245614035087719298245614035087719,1.7205803043939051474642345151748838991000911298830,6830080867,52212226.0,0.99235554790393962695668914984165735793476367342109,9b731512a9848138113cd2c395175fe8196fb41d7758cd8b88cf7e87e1175c00,a0801177c4565d233b5ce9b7fa147b8dc643a5df08c3f4dcf359d488736f6c57
2008,Q1_midpoint_binary,91,178,0.51123595505617977528089887640449438202247191011236,3357952914.0,6777868641.0,0.49542903409006919997049851353116537921998361726586,-1.5806920966110575310400362873329002802488292846500,-1.9594204484209570817432455780634439076938407397540,-1.1949752388149197774121605622291797011702080818620,negative,negative,negative,89,171,0.52046783625730994152046783625730994152046783625731,-2.5038802167240741549969322726144562300484218991450,6830080867,52212226.0,0.99235554790393962695668914984165735793476367342109,9b731512a9848138113cd2c395175fe8196fb41d7758cd8b88cf7e87e1175c00,a0801177c4565d233b5ce9b7fa147b8dc643a5df08c3f4dcf359d488736f6c57
2008,Q2_boundary_autocracy,79,178,0.44382022471910112359550561797752808988764044943820,3208278053.0,6777868641.0,0.47334615392113203393078269602894182144714126217602,2.9525929202030910335277078051413731559500812737820,2.5907457203526396591950458302044311257108690762570,3.3551909299586769635261308460386953322345017341490,positive,positive,positive,78,171,0.45614035087719298245614035087719298245614035087719,1.7205803043939051474642345151748838991000911298830,6830080867,52212226.0,0.99235554790393962695668914984165735793476367342109,9b731512a9848138113cd2c395175fe8196fb41d7758cd8b88cf7e87e1175c00,a0801177c4565d233b5ce9b7fa147b8dc643a5df08c3f4dcf359d488736f6c57
2008,Q3_boundary_democracy,100,178,0.56179775280898876404494382022471910112359550561798,3541884476.0,6777868641.0,0.52256611386281364788108173665031641323601744910240,-3.9231638946175116163862083574402687887578056515580,-4.3226370570623825517489047118589785363621502955850,-3.5581918474563452474178196960247143298385176376940,negative,negative,negative,98,171,0.57309941520467836257309941520467836257309941520468,-5.0533301341864714692017678554361949337081966102280,6830080867,52212226.0,0.99235554790393962695668914984165735793476367342109,9b731512a9848138113cd2c395175fe8196fb41d7758cd8b88cf7e87e1175c00,a0801177c4565d233b5ce9b7fa147b8dc643a5df08c3f4dcf359d488736f6c57
2009,Q0_three_state,80,178,0.44943820224719101123595505617977528089887640449438,3233879682.0,6863323893.0,0.47118272901243654012701568417732839174926579557827,2.1744526765245528891060627997553110850389391083890,1.8144365202561045083179609353162258435657153746460,2.5785056045007988951575952789920400573818653137500,positive,positive,positive,79,171,0.46198830409356725146198830409356725146198830409357,0.91944249188692886650273800837611402872774914847000,6916168196,52844303.0,0.99235930915755305613160365656324185786183850060896,9b731512a9848138113cd2c395175fe8196fb41d7758cd8b88cf7e87e1175c00,a0801177c4565d233b5ce9b7fa147b8dc643a5df08c3f4dcf359d488736f6c57
2009,Q1_midpoint_binary,91,178,0.51123595505617977528089887640449438202247191011236,3378250554.0,6863323893.0,0.49221785342893768630132169692723548694687837894816,-1.9018101627242088979577179477258895075593531164200,-2.2778986072425465208593630807774946774081371982650,-1.5138295229978521340197287371016804635919872591610,negative,negative,negative,89,171,0.52046783625730994152046783625730994152046783625731,-2.8249982828372255219146139330074454573589457309150,6916168196,52844303.0,0.99235930915755305613160365656324185786183850060896,9b731512a9848138113cd2c395175fe8196fb41d7758cd8b88cf7e87e1175c00,a0801177c4565d233b5ce9b7fa147b8dc643a5df08c3f4dcf359d488736f6c57
2009,Q2_boundary_autocracy,80,178,0.44943820224719101123595505617977528089887640449438,3233879682.0,6863323893.0,0.47118272901243654012701568417732839174926579557827,2.1744526765245528891060627997553110850389391083890,1.8144365202561045083179609353162258435657153746460,2.5785056045007988951575952789920400573818653137500,positive,positive,positive,79,171,0.46198830409356725146198830409356725146198830409357,0.91944249188692886650273800837611402872774914847000,6916168196,52844303.0,0.99235930915755305613160365656324185786183850060896,9b731512a9848138113cd2c395175fe8196fb41d7758cd8b88cf7e87e1175c00,a0801177c4565d233b5ce9b7fa147b8dc643a5df08c3f4dcf359d488736f6c57
2009,Q3_boundary_democracy,102,178,0.57303370786516853932584269662921348314606741573034,3755422721.0,6863323893.0,0.54717259152379623824348049021908516244346214479317,-2.5861116341372301082362206410128320702605270937170,-3.0041892950666133259719315728139746448296683839940,-2.2401202108219189391322972291381604310135184448900,negative,negative,negative,100,171,0.58479532163742690058479532163742690058479532163743,-3.7622730113630662341314831418341738141333176844260,6916168196,52844303.0,0.99235930915755305613160365656324185786183850060896,9b731512a9848138113cd2c395175fe8196fb41d7758cd8b88cf7e87e1175c00,a0801177c4565d233b5ce9b7fa147b8dc643a5df08c3f4dcf359d488736f6c57
2010,Q0_three_state,81,178,0.45505617977528089887640449438202247191011235955056,3226839844.0,6947265795.0,0.46447623269608903742828512292439215649730297961056,0.94200529208081385518806285423696845871906200600000,0.58643086151174732522938133408892184004275751618300,1.3519693445146485031972615671381105093504178808440,positive,positive,positive,80,171,0.46783625730994152046783625730994152046783625730994,-0.33600246138524830395511343855493639705332776993800,7000860073,53594278.0,0.99234461516997098822032119766950811330692339635339,9b731512a9848138113cd2c395175fe8196fb41d7758cd8b88cf7e87e1175c00,a0801177c4565d233b5ce9b7fa147b8dc643a5df08c3f4dcf359d488736f6c57
2010,Q1_midpoint_binary,93,178,0.52247191011235955056179775280898876404494382022472,3482327338.0,6947265795.0,0.50125149098315159539681898697241365586761748475754,-2.1220419129207955164978765836575108177326335467180,-2.5057692189309797871789946106750737468691179844320,-1.7402307359280786092111143776258850775614576197710,negative,negative,negative,91,171,0.53216374269005847953216374269005847953216374269006,-3.0912251706906884135344755717644823664546257932520,7000860073,53594278.0,0.99234461516997098822032119766950811330692339635339,9b731512a9848138113cd2c395175fe8196fb41d7758cd8b88cf7e87e1175c00,a0801177c4565d233b5ce9b7fa147b8dc643a5df08c3f4dcf359d488736f6c57
2010,Q2_boundary_autocracy,81,178,0.45505617977528089887640449438202247191011235955056,3226839844.0,6947265795.0,0.46447623269608903742828512292439215649730297961056,0.94200529208081385518806285423696845871906200600000,0.58643086151174732522938133408892184004275751618300,1.3519693445146485031972615671381105093504178808440,positive,positive,positive,80,171,0.46783625730994152046783625730994152046783625730994,-0.33600246138524830395511343855493639705332776993800,7000860073,53594278.0,0.99234461516997098822032119766950811330692339635339,9b731512a9848138113cd2c395175fe8196fb41d7758cd8b88cf7e87e1175c00,a0801177c4565d233b5ce9b7fa147b8dc643a5df08c3f4dcf359d488736f6c57
2010,Q3_boundary_democracy,102,178,0.57303370786516853932584269662921348314606741573034,3815211182.0,6947265795.0,0.54916729754975496802623772364247077148140119489987,-2.3866410315413571299604972986742711664666220830470,-2.8070497314223993972693485072332249076585964461800,-2.0415112484194982193014682741840362383509360815190,negative,negative,negative,100,171,0.58479532163742690058479532163742690058479532163743,-3.5628024087671932558557597994956129103394126737560,7000860073,53594278.0,0.99234461516997098822032119766950811330692339635339,9b731512a9848138113cd2c395175fe8196fb41d7758cd8b88cf7e87e1175c00,a0801177c4565d233b5ce9b7fa147b8dc643a5df08c3f4dcf359d488736f6c57
2011,Q0_three_state,81,179,0.45251396648044692737430167597765363128491620111732,3257669446.0,7042657450.0,0.46256252971667676382584815338420300422250410603174,1.0048563236229836451546477406549372937587904914420,0.71735527363934811464298797042050506718758201230700,1.3388951336875284440608066844640944875801780237450,positive,positive,positive,80,172,0.46511627906976744186046511627906976744186046511628,-0.25537493530906780346169628948667632193563590845400,7086704141,44046691.0,0.99378460139951819670582181285956410579607403988562,9b731512a9848138113cd2c395175fe8196fb41d7758cd8b88cf7e87e1175c00,a0801177c4565d233b5ce9b7fa147b8dc643a5df08c3f4dcf359d488736f6c57
2011,Q1_midpoint_binary,93,179,0.51955307262569832402234636871508379888268156424581,3534801781.0,7042657450.0,0.50191306422265362345573118851606221455510376981348,-1.7640008403044700566615180199021584327577794432330,-2.0759598159977715353860401508963912411185646324150,-1.4544199559495912059682214368528018207259686209770,negative,negative,negative,91,172,0.52906976744186046511627906976744186046511627906977,-2.7156703219206841660547881251379645910012509256290,7086704141,44046691.0,0.99378460139951819670582181285956410579607403988562,9b731512a9848138113cd2c395175fe8196fb41d7758cd8b88cf7e87e1175c00,a0801177c4565d233b5ce9b7fa147b8dc643a5df08c3f4dcf359d488736f6c57
2011,Q2_boundary_autocracy,81,179,0.45251396648044692737430167597765363128491620111732,3257669446.0,7042657450.0,0.46256252971667676382584815338420300422250410603174,1.0048563236229836451546477406549372937587904914420,0.71735527363934811464298797042050506718758201230700,1.3388951336875284440608066844640944875801780237450,positive,positive,positive,80,172,0.46511627906976744186046511627906976744186046511628,-0.25537493530906780346169628948667632193563590845400,7086704141,44046691.0,0.99378460139951819670582181285956410579607403988562,9b731512a9848138113cd2c395175fe8196fb41d7758cd8b88cf7e87e1175c00,a0801177c4565d233b5ce9b7fa147b8dc643a5df08c3f4dcf359d488736f6c57
2011,Q3_boundary_democracy,105,179,0.58659217877094972067039106145251396648044692737430,4099057916.0,7042657450.0,0.58203283989057284051207119267173785372735969147555,-0.45593388803768801583198687807761127530872358987500,-0.81769049788671960840157827162938988449184132173000,-0.19615063783853927898375955758580046409924531029200,negative,negative,negative,103,172,0.59883720930232558139534883720930232558139534883721,-1.6804369411752740883277644537564471854035657361660,7086704141,44046691.0,0.99378460139951819670582181285956410579607403988562,9b731512a9848138113cd2c395175fe8196fb41d7758cd8b88cf7e87e1175c00,a0801177c4565d233b5ce9b7fa147b8dc643a5df08c3f4dcf359d488736f6c57
2012,Q0_three_state,83,179,0.46368715083798882681564245810055865921787709497207,3323933805.0,7095248011.0,0.46847323727751227158618909621649869625677838761597,0.47860864395234447705466381159400370389012926439000,-0.05167940284976128149733712290803128350570939137900,1.0802700973689158452505978801464910431724340357350,positive,negative,positive,82,171,0.47953216374269005847953216374269005847953216374269,-1.1058926465177786893343067526191362222753776126720,7176482165,81234154.0,0.98868050499781322873252064996945477673321856572885,9b731512a9848138113cd2c395175fe8196fb41d7758cd8b88cf7e87e1175c00,a0801177c4565d233b5ce9b7fa147b8dc643a5df08c3f4dcf359d488736f6c57
2012,Q1_midpoint_binary,94,179,0.52513966480446927374301675977653631284916201117318,3720257873.0,7095248011.0,0.52433091376543285711510557090236151295543487098551,-0.08087510390364166279111888741747998937271401876700,-0.67439121968962568037347821977625209686383312261500,0.45755828052905144637445678327827022981431030449900,negative,negative,positive,92,171,0.53801169590643274853801169590643274853801169590643,-1.3680782140999891422906125004071235582576824920920,7176482165,81234154.0,0.98868050499781322873252064996945477673321856572885,9b731512a9848138113cd2c395175fe8196fb41d7758cd8b88cf7e87e1175c00,a0801177c4565d233b5ce9b7fa147b8dc643a5df08c3f4dcf359d488736f6c57
2012,Q2_boundary_autocracy,83,179,0.46368715083798882681564245810055865921787709497207,3323933805.0,7095248011.0,0.46847323727751227158618909621649869625677838761597,0.47860864395234447705466381159400370389012926439000,-0.05167940284976128149733712290803128350570939137900,1.0802700973689158452505978801464910431724340357350,positive,negative,positive,82,171,0.47953216374269005847953216374269005847953216374269,-1.1058926465177786893343067526191362222753776126720,7176482165,81234154.0,0.98868050499781322873252064996945477673321856572885,9b731512a9848138113cd2c395175fe8196fb41d7758cd8b88cf7e87e1175c00,a0801177c4565d233b5ce9b7fa147b8dc643a5df08c3f4dcf359d488736f6c57
2012,Q3_boundary_democracy,103,179,0.57541899441340782122905027932960893854748603351955,4129007645.0,7095248011.0,0.58193986152403150999593719487249647318917376741716,0.65208671106236887668869155428875346416877338976100,-0.00663982434708476589362093812444810709864733760700,1.1253096758715923608543140649300742195794960895070,positive,negative,positive,101,171,0.59064327485380116959064327485380116959064327485380,-0.87034133297696595947060799813046964014695074366400,7176482165,81234154.0,0.98868050499781322873252064996945477673321856572885,9b731512a9848138113cd2c395175fe8196fb41d7758cd8b88cf7e87e1175c00,a0801177c4565d233b5ce9b7fa147b8dc643a5df08c3f4dcf359d488736f6c57
2013,Q0_three_state,82,179,0.45810055865921787709497206703910614525139664804469,3338650068.0,7183100047.0,0.46479236627010048381691432119906821618017204821483,0.66918076108826067219422541599620709287754001701400,0.14264998950700669050842645783075041432055511142500,1.2754800654538135063721247061944189668162286914060,positive,positive,positive,81,171,0.47368421052631578947368421052631578947368421052632,-0.88918442562153056567698893272475732935121623114900,7265404737,82304690.0,0.98867169924053193184136301751636331447504326420019,9b731512a9848138113cd2c395175fe8196fb41d7758cd8b88cf7e87e1175c00,a0801177c4565d233b5ce9b7fa147b8dc643a5df08c3f4dcf359d488736f6c57
2013,Q1_midpoint_binary,92,179,0.51396648044692737430167597765363128491620111731844,3721733716.0,7183100047.0,0.51812360842090328746885682907988598700357208041544,0.41571279739759131671808514262547020873709630970000,-0.17123320927969414990581157328577443959629259412700,0.96159686666711266595788667507789411289938098585400,positive,negative,positive,90,171,0.52631578947368421052631578947368421052631578947368,-0.81921810527809230574589603937982235227437090582400,7265404737,82304690.0,0.98867169924053193184136301751636331447504326420019,9b731512a9848138113cd2c395175fe8196fb41d7758cd8b88cf7e87e1175c00,a0801177c4565d233b5ce9b7fa147b8dc643a5df08c3f4dcf359d488736f6c57
2013,Q2_boundary_autocracy,82,179,0.45810055865921787709497206703910614525139664804469,3338650068.0,7183100047.0,0.46479236627010048381691432119906821618017204821483,0.66918076108826067219422541599620709287754001701400,0.14264998950700669050842645783075041432055511142500,1.2754800654538135063721247061944189668162286914060,positive,positive,positive,81,171,0.47368421052631578947368421052631578947368421052632,-0.88918442562153056567698893272475732935121623114900,7265404737,82304690.0,0.98867169924053193184136301751636331447504326420019,9b731512a9848138113cd2c395175fe8196fb41d7758cd8b88cf7e87e1175c00,a0801177c4565d233b5ce9b7fa147b8dc643a5df08c3f4dcf359d488736f6c57
2013,Q3_boundary_democracy,103,179,0.57541899441340782122905027932960893854748603351955,4150797222.0,7183100047.0,0.57785596676097639768819998449897686633181875268401,0.24369723475685764591497051693679277843327191644600,-0.41091538395529472166818201380146960531879488291000,0.72191469199151209419551623456219894717687869707100,positive,negative,positive,101,171,0.59064327485380116959064327485380116959064327485380,-1.2787308092824771902443290354824303258824522169790,7265404737,82304690.0,0.98867169924053193184136301751636331447504326420019,9b731512a9848138113cd2c395175fe8196fb41d7758cd8b88cf7e87e1175c00,a0801177c4565d233b5ce9b7fa147b8dc643a5df08c3f4dcf359d488736f6c57
2014,Q0_three_state,83,179,0.46368715083798882681564245810055865921787709497207,3396193221.0,7270031581.0,0.46714972048757596724393101367464334815521621872305,0.34625696495871404282885555740846889373391237509800,-0.18419969706322031442593837790524189099395744268500,0.95131775860020882235558409289117118130924119388700,positive,negative,positive,81,171,0.47368421052631578947368421052631578947368421052632,-0.65344900387398222297531968516724413184679918032700,7353532223,83500642.0,0.98864482544336570863218477529203586927696801363428,9b731512a9848138113cd2c395175fe8196fb41d7758cd8b88cf7e87e1175c00,a0801177c4565d233b5ce9b7fa147b8dc643a5df08c3f4dcf359d488736f6c57
2014,Q1_midpoint_binary,92,179,0.51396648044692737430167597765363128491620111731844,3795800616.0,7270031581.0,0.52211611101115517973978935869494677508746849555123,0.81496305642278054381133810413154901712673782327900,0.22209109848650909667528868893343548496504941541300,1.3576085541499382334568111597298485572682480519840,positive,positive,positive,90,171,0.52631578947368421052631578947368421052631578947368,-0.41996784625290307865264307787374354388472939224500,7353532223,83500642.0,0.98864482544336570863218477529203586927696801363428,9b731512a9848138113cd2c395175fe8196fb41d7758cd8b88cf7e87e1175c00,a0801177c4565d233b5ce9b7fa147b8dc643a5df08c3f4dcf359d488736f6c57
2014,Q2_boundary_autocracy,83,179,0.46368715083798882681564245810055865921787709497207,3396193221.0,7270031581.0,0.46714972048757596724393101367464334815521621872305,0.34625696495871404282885555740846889373391237509800,-0.18419969706322031442593837790524189099395744268500,0.95131775860020882235558409289117118130924119388700,positive,negative,positive,81,171,0.47368421052631578947368421052631578947368421052632,-0.65344900387398222297531968516724413184679918032700,7353532223,83500642.0,0.98864482544336570863218477529203586927696801363428,9b731512a9848138113cd2c395175fe8196fb41d7758cd8b88cf7e87e1175c00,a0801177c4565d233b5ce9b7fa147b8dc643a5df08c3f4dcf359d488736f6c57
2014,Q3_boundary_democracy,102,179,0.56983240223463687150837988826815642458100558659218,4140849879.0,7270031581.0,0.56957797677550418883111589058171382928412068475717,-0.02544254591326826772639976864425952968849018350100,-0.67220828090331251603168670720908776741065563354900,0.46330917476011662074983576358732530489254300302200,negative,negative,positive,100,171,0.58479532163742690058479532163742690058479532163743,-1.5217344861922711753679431055713071300674636880260,7353532223,83500642.0,0.98864482544336570863218477529203586927696801363428,9b731512a9848138113cd2c395175fe8196fb41d7758cd8b88cf7e87e1175c00,a0801177c4565d233b5ce9b7fa147b8dc643a5df08c3f4dcf359d488736f6c57
2015,Q0_three_state,81,179,0.45251396648044692737430167597765363128491620111732,2082640676.0,7356234953.0,0.28311231075492811274811385160497877316779607216007,-16.940165572551881462618782437267485811712012895725,-17.262995224146978079880004338108016590784772637893,-16.122706938080360441557711396177493864315486994541,negative,negative,negative,79,171,0.46198830409356725146198830409356725146198830409357,-17.887599333863913871387445248858847829419223193350,7441084771,84849818.0,0.98859711713933382361677707058069477273530714356647,9b731512a9848138113cd2c395175fe8196fb41d7758cd8b88cf7e87e1175c00,a0801177c4565d233b5ce9b7fa147b8dc643a5df08c3f4dcf359d488736f6c57
2015,Q1_midpoint_binary,94,179,0.52513966480446927374301675977653631284916201117318,3841820769.0,7356234953.0,0.52225367916412715481682902685829969574654503289898,-0.28859856403421189261877329182366171026169782742000,-0.88411831674025966538195454689236358748628293852400,0.25616996932635797294033839503815913898300270482900,negative,negative,positive,92,171,0.53801169590643274853801169590643274853801169590643,-1.5758016742305593721182669048133052791466663007450,7441084771,84849818.0,0.98859711713933382361677707058069477273530714356647,9b731512a9848138113cd2c395175fe8196fb41d7758cd8b88cf7e87e1175c00,a0801177c4565d233b5ce9b7fa147b8dc643a5df08c3f4dcf359d488736f6c57
2015,Q2_boundary_autocracy,81,179,0.45251396648044692737430167597765363128491620111732,2082640676.0,7356234953.0,0.28311231075492811274811385160497877316779607216007,-16.940165572551881462618782437267485811712012895725,-17.262995224146978079880004338108016590784772637893,-16.122706938080360441557711396177493864315486994541,negative,negative,negative,79,171,0.46198830409356725146198830409356725146198830409357,-17.887599333863913871387445248858847829419223193350,7441084771,84849818.0,0.98859711713933382361677707058069477273530714356647,9b731512a9848138113cd2c395175fe8196fb41d7758cd8b88cf7e87e1175c00,a0801177c4565d233b5ce9b7fa147b8dc643a5df08c3f4dcf359d488736f6c57
2015,Q3_boundary_democracy,101,179,0.56424581005586592178770949720670391061452513966480,3975674179.0,7356234953.0,0.54044959199932177587694295603883221971907019376030,-2.3796218056544145910766541167871690895454945904500,-2.9958901446207240075050911503299618622217181048750,-1.8556018585541063691827982083994391357524324615220,negative,negative,negative,99,171,0.57894736842105263157894736842105263157894736842105,-3.8497776421730855702004412382220411859877174660750,7441084771,84849818.0,0.98859711713933382361677707058069477273530714356647,9b731512a9848138113cd2c395175fe8196fb41d7758cd8b88cf7e87e1175c00,a0801177c4565d233b5ce9b7fa147b8dc643a5df08c3f4dcf359d488736f6c57
2016,Q0_three_state,81,179,0.45251396648044692737430167597765363128491620111732,2115515013.0,7442042426.0,0.28426537930086237323474242714563100234602183118487,-16.824858717958455413955924883202262893889436993245,-17.150270893441023678767355356436141753298088497431,-16.005523065608789783782527625716660495585230202722,negative,negative,negative,79,171,0.46198830409356725146198830409356725146198830409357,-17.772292479270487822724587694793624911596647290870,7528221579,86179153.0,0.98855252172167766105015172269280518742287141705291,9b731512a9848138113cd2c395175fe8196fb41d7758cd8b88cf7e87e1175c00,a0801177c4565d233b5ce9b7fa147b8dc643a5df08c3f4dcf359d488736f6c57
2016,Q1_midpoint_binary,95,179,0.53072625698324022346368715083798882681564245810056,3821722766.0,7442042426.0,0.51353144032721213083823395015942361412170750771799,-1.7194816656028092625453200678565212693934950382570,-2.3073456664409437890711124596612437062595844168000,-1.1625978386087098940862847289417624485467261220900,negative,negative,negative,93,171,0.54385964912280701754385964912280701754385964912281,-3.0328208795594886705625698963383403422152141404820,7528221579,86179153.0,0.98855252172167766105015172269280518742287141705291,9b731512a9848138113cd2c395175fe8196fb41d7758cd8b88cf7e87e1175c00,a0801177c4565d233b5ce9b7fa147b8dc643a5df08c3f4dcf359d488736f6c57
2016,Q2_boundary_autocracy,81,179,0.45251396648044692737430167597765363128491620111732,2115515013.0,7442042426.0,0.28426537930086237323474242714563100234602183118487,-16.824858717958455413955924883202262893889436993245,-17.150270893441023678767355356436141753298088497431,-16.005523065608789783782527625716660495585230202722,negative,negative,negative,79,171,0.46198830409356725146198830409356725146198830409357,-17.772292479270487822724587694793624911596647290870,7528221579,86179153.0,0.98855252172167766105015172269280518742287141705291,9b731512a9848138113cd2c395175fe8196fb41d7758cd8b88cf7e87e1175c00,a0801177c4565d233b5ce9b7fa147b8dc643a5df08c3f4dcf359d488736f6c57
2016,Q3_boundary_democracy,101,179,0.56424581005586592178770949720670391061452513966480,3971271452.0,7442042426.0,0.53362655366297155264295989919152336743208993901535,-3.0619256392894369144749598015180543182435200649450,-3.6727934774687245949480692597285280217434910766800,-2.5280456496364906999632415290090467640306327819700,negative,negative,negative,99,171,0.57894736842105263157894736842105263157894736842105,-4.5320814758081078935987469229529264146857429405700,7528221579,86179153.0,0.98855252172167766105015172269280518742287141705291,9b731512a9848138113cd2c395175fe8196fb41d7758cd8b88cf7e87e1175c00,a0801177c4565d233b5ce9b7fa147b8dc643a5df08c3f4dcf359d488736f6c57
2017,Q0_three_state,79,179,0.44134078212290502793296089385474860335195530726257,2109390168.0,7526078226.0,0.28027747050419775958358474813971459243772149439256,-16.106331161870726834937614571503401091423381287001,-16.429209275394591542131999908919774633253361437083,-15.277214743179670217920381113992769925109147786068,negative,negative,negative,77,171,0.45029239766081871345029239766081871345029239766082,-17.001492715662095386670764952110412101257090326826,7613788655,87710429.0,0.98848005467785078675788381205072995291855786348984,9b731512a9848138113cd2c395175fe8196fb41d7758cd8b88cf7e87e1175c00,a0801177c4565d233b5ce9b7fa147b8dc643a5df08c3f4dcf359d488736f6c57
2017,Q1_midpoint_binary,93,179,0.51955307262569832402234636871508379888268156424581,2453086631.0,7526078226.0,0.32594487558280131009629503152071010642189942074089,-19.360819704289701392605133719437369246078214350492,-19.736306418764561319358748980186290123747368054996,-18.584311886549639995147130185259285415603154403981,negative,negative,negative,91,171,0.53216374269005847953216374269005847953216374269006,-20.621886710725716943586871116934837311026432194917,7613788655,87710429.0,0.98848005467785078675788381205072995291855786348984,9b731512a9848138113cd2c395175fe8196fb41d7758cd8b88cf7e87e1175c00,a0801177c4565d233b5ce9b7fa147b8dc643a5df08c3f4dcf359d488736f6c57
2017,Q2_boundary_autocracy,79,179,0.44134078212290502793296089385474860335195530726257,2109390168.0,7526078226.0,0.28027747050419775958358474813971459243772149439256,-16.106331161870726834937614571503401091423381287001,-16.429209275394591542131999908919774633253361437083,-15.277214743179670217920381113992769925109147786068,negative,negative,negative,77,171,0.45029239766081871345029239766081871345029239766082,-17.001492715662095386670764952110412101257090326826,7613788655,87710429.0,0.98848005467785078675788381205072995291855786348984,9b731512a9848138113cd2c395175fe8196fb41d7758cd8b88cf7e87e1175c00,a0801177c4565d233b5ce9b7fa147b8dc643a5df08c3f4dcf359d488736f6c57
2017,Q3_boundary_democracy,101,179,0.56424581005586592178770949720670391061452513966480,4007855236.0,7526078226.0,0.53252904310165749797243736488369580228702767671711,-3.1716766954208423815272132323008108327497462947690,-3.7851472413195959864528166137828844762043843019190,-2.6331527091046746622411978188558797680601706509040,negative,negative,negative,99,171,0.57894736842105263157894736842105263157894736842105,-4.6418325319395133606510003537356829291919691703940,7613788655,87710429.0,0.98848005467785078675788381205072995291855786348984,9b731512a9848138113cd2c395175fe8196fb41d7758cd8b88cf7e87e1175c00,a0801177c4565d233b5ce9b7fa147b8dc643a5df08c3f4dcf359d488736f6c57
2018,Q0_three_state,83,179,0.46368715083798882681564245810055865921787709497207,2157589396.0,7607155851.0,0.28362629059537063505865064732982292622152299847761,-18.006086024261819175699181077073573299635409649446,-18.334091683893271990735818658680090837302612646317,-17.177620402818009983127964083237734581673714399521,negative,negative,negative,81,171,0.47368421052631578947368421052631578947368421052632,-19.005791993094515441503356319649286325216121204871,7696159728,89003877.0,0.98843528718924737992392145424557643744371101753204,9b731512a9848138113cd2c395175fe8196fb41d7758cd8b88cf7e87e1175c00,a0801177c4565d233b5ce9b7fa147b8dc643a5df08c3f4dcf359d488736f6c57
2018,Q1_midpoint_binary,94,179,0.52513966480446927374301675977653631284916201117318,2454255773.0,7607155851.0,0.32262462095835401861020712246743214516008211595138,-20.251504384611525513280963730910416768907989522180,-20.624610493317654009511656640362662835307120966480,-19.468139212242392001903802064920306579678222719685,negative,negative,negative,92,171,0.53801169590643274853801169590643274853801169590643,-21.538707494807872992780457343900060337792957995505,7696159728,89003877.0,0.98843528718924737992392145424557643744371101753204,9b731512a9848138113cd2c395175fe8196fb41d7758cd8b88cf7e87e1175c00,a0801177c4565d233b5ce9b7fa147b8dc643a5df08c3f4dcf359d488736f6c57
2018,Q2_boundary_autocracy,83,179,0.46368715083798882681564245810055865921787709497207,2157589396.0,7607155851.0,0.28362629059537063505865064732982292622152299847761,-18.006086024261819175699181077073573299635409649446,-18.334091683893271990735818658680090837302612646317,-17.177620402818009983127964083237734581673714399521,negative,negative,negative,81,171,0.47368421052631578947368421052631578947368421052632,-19.005791993094515441503356319649286325216121204871,7696159728,89003877.0,0.98843528718924737992392145424557643744371101753204,9b731512a9848138113cd2c395175fe8196fb41d7758cd8b88cf7e87e1175c00,a0801177c4565d233b5ce9b7fa147b8dc643a5df08c3f4dcf359d488736f6c57
2018,Q3_boundary_democracy,102,179,0.56983240223463687150837988826815642458100558659218,4053301668.0,7607155851.0,0.53282747815232055773481746693347718557212454302851,-3.7004924082316313773562421334679239008881043563670,-4.3166920844825467115968348651524393058283531154090,-3.1602208034072847039889802897100830501994548686130,negative,negative,negative,100,171,0.58479532163742690058479532163742690058479532163743,-5.1967843485106342849977854703949715012670778608920,7696159728,89003877.0,0.98843528718924737992392145424557643744371101753204,9b731512a9848138113cd2c395175fe8196fb41d7758cd8b88cf7e87e1175c00,a0801177c4565d233b5ce9b7fa147b8dc643a5df08c3f4dcf359d488736f6c57
2019,Q0_three_state,83,179,0.46368715083798882681564245810055865921787709497207,2153936080.0,7686389151.0,0.28022730019072384590484547013797168074192916959689,-18.345985064726498091079698796258697847594792537518,-18.673060188495394103656335840347782893691794994417,-17.505882245638694037461139123205159062516482411170,negative,negative,negative,81,171,0.47368421052631578947368421052631578947368421052632,-19.345691033559194356883874038834410873175504092943,7777162476,90773325.0,0.98832822057143299933804803282857376168824687416753,9b731512a9848138113cd2c395175fe8196fb41d7758cd8b88cf7e87e1175c00,a0801177c4565d233b5ce9b7fa147b8dc643a5df08c3f4dcf359d488736f6c57
2019,Q1_midpoint_binary,93,179,0.51955307262569832402234636871508379888268156424581,2478855795.0,7686389151.0,0.32249938772323290608786924272655786069242176468616,-19.705368490246541793447712598852593819025979955965,-20.081782662181890089172435134886206739779597060709,-18.914604719325190022977238417743582908604284477462,negative,negative,negative,91,171,0.53216374269005847953216374269005847953216374269006,-20.966435496682557344429449996350061883974197800390,7777162476,90773325.0,0.98832822057143299933804803282857376168824687416753,9b731512a9848138113cd2c395175fe8196fb41d7758cd8b88cf7e87e1175c00,a0801177c4565d233b5ce9b7fa147b8dc643a5df08c3f4dcf359d488736f6c57
2019,Q2_boundary_autocracy,83,179,0.46368715083798882681564245810055865921787709497207,2153936080.0,7686389151.0,0.28022730019072384590484547013797168074192916959689,-18.345985064726498091079698796258697847594792537518,-18.673060188495394103656335840347782893691794994417,-17.505882245638694037461139123205159062516482411170,negative,negative,negative,81,171,0.47368421052631578947368421052631578947368421052632,-19.345691033559194356883874038834410873175504092943,7777162476,90773325.0,0.98832822057143299933804803282857376168824687416753,9b731512a9848138113cd2c395175fe8196fb41d7758cd8b88cf7e87e1175c00,a0801177c4565d233b5ce9b7fa147b8dc643a5df08c3f4dcf359d488736f6c57
2019,Q3_boundary_democracy,101,179,0.56424581005586592178770949720670391061452513966480,2653805892.0,7686389151.0,0.34526041290203730929990224222515428558217686836970,-21.898539715382861248780725498154962503234827129510,-22.301520053863716021644359171605976735849063631672,-21.134342111007015955449162454463352904673751048425,negative,negative,negative,99,171,0.57894736842105263157894736842105263157894736842105,-23.368695551901532227904512619589834599677050005135,7777162476,90773325.0,0.98832822057143299933804803282857376168824687416753,9b731512a9848138113cd2c395175fe8196fb41d7758cd8b88cf7e87e1175c00,a0801177c4565d233b5ce9b7fa147b8dc643a5df08c3f4dcf359d488736f6c57
2020,Q0_three_state,81,179,0.45251396648044692737430167597765363128491620111732,2159640733.0,7761793195.0,0.27823992197978163214898693265171438260666000648321,-17.427404450066529522531474332593924867825619463411,-17.753581944910228046066260702468495643823830562668,-16.581293322476671275119834868653109623000530855816,negative,negative,negative,79,171,0.46198830409356725146198830409356725146198830409357,-18.374838211378561931300137144185286885532829761036,7853863139,92069944.0,0.98827711377566443229053574166184613979176700293147,9b731512a9848138113cd2c395175fe8196fb41d7758cd8b88cf7e87e1175c00,a0801177c4565d233b5ce9b7fa147b8dc643a5df08c3f4dcf359d488736f6c57
2020,Q1_midpoint_binary,92,179,0.51396648044692737430167597765363128491620111731844,2485630239.0,7761793195.0,0.32023917367460857735465599454173553254532440554157,-19.372730677231879694701998311189575237087671177687,-19.748143416988147122307383345092467342784424082105,-18.575854794554590351360957511277081321961124375253,negative,negative,negative,90,171,0.52631578947368421052631578947368421052631578947368,-20.607661579907563317165979493194867798099138393211,7853863139,92069944.0,0.98827711377566443229053574166184613979176700293147,9b731512a9848138113cd2c395175fe8196fb41d7758cd8b88cf7e87e1175c00,a0801177c4565d233b5ce9b7fa147b8dc643a5df08c3f4dcf359d488736f6c57
2020,Q2_boundary_autocracy,81,179,0.45251396648044692737430167597765363128491620111732,2159640733.0,7761793195.0,0.27823992197978163214898693265171438260666000648321,-17.427404450066529522531474332593924867825619463411,-17.753581944910228046066260702468495643823830562668,-16.581293322476671275119834868653109623000530855816,negative,negative,negative,79,171,0.46198830409356725146198830409356725146198830409357,-18.374838211378561931300137144185286885532829761036,7853863139,92069944.0,0.98827711377566443229053574166184613979176700293147,9b731512a9848138113cd2c395175fe8196fb41d7758cd8b88cf7e87e1175c00,a0801177c4565d233b5ce9b7fa147b8dc643a5df08c3f4dcf359d488736f6c57
2020,Q3_boundary_democracy,97,179,0.54189944134078212290502793296089385474860335195531,2579613871.0,7761793195.0,0.33234766840499413744042687032709585094788138065047,-20.955177293578798546460106263379800380072197130484,-21.344784683942293643703465615571727806519853053091,-20.172496061508736872757039781756341785696553346238,negative,negative,negative,95,171,0.55555555555555555555555555555555555555555555555556,-22.320788715056141811512868522845970460767417490509,7853863139,92069944.0,0.98827711377566443229053574166184613979176700293147,9b731512a9848138113cd2c395175fe8196fb41d7758cd8b88cf7e87e1175c00,a0801177c4565d233b5ce9b7fa147b8dc643a5df08c3f4dcf359d488736f6c57
2021,Q0_three_state,82,179,0.45810055865921787709497206703910614525139664804469,1914471295.0,7826335377.0,0.24461912284339869019645770286289125378481720027624,-21.348143581581918689851436417621489146657944776845,-21.636119911224551727245879369988279787990912033391,-20.458876176984727197524166942162852676420289045135,negative,negative,negative,80,171,0.46783625730994152046783625730994152046783625730994,-22.321713446654283027137855444705026668301905703370,7919567995,93232618.0,0.98822756265760175470278287572174572888429377011744,9b731512a9848138113cd2c395175fe8196fb41d7758cd8b88cf7e87e1175c00,a0801177c4565d233b5ce9b7fa147b8dc643a5df08c3f4dcf359d488736f6c57
2021,Q1_midpoint_binary,92,179,0.51396648044692737430167597765363128491620111731844,2289889685.0,7826335377.0,0.29258772780547045549898365925853678120494886632559,-22.137875264145691880269231839509450371125225099285,-22.482322333420149259150827550739824408226103319141,-21.305078599180324729429115122914397296655480330886,negative,negative,negative,90,171,0.52631578947368421052631578947368421052631578947368,-23.372806166821375502733213021514742932136692314809,7919567995,93232618.0,0.98822756265760175470278287572174572888429377011744,9b731512a9848138113cd2c395175fe8196fb41d7758cd8b88cf7e87e1175c00,a0801177c4565d233b5ce9b7fa147b8dc643a5df08c3f4dcf359d488736f6c57
2021,Q2_boundary_autocracy,82,179,0.45810055865921787709497206703910614525139664804469,1914471295.0,7826335377.0,0.24461912284339869019645770286289125378481720027624,-21.348143581581918689851436417621489146657944776845,-21.636119911224551727245879369988279787990912033391,-20.458876176984727197524166942162852676420289045135,negative,negative,negative,80,171,0.46783625730994152046783625730994152046783625730994,-22.321713446654283027137855444705026668301905703370,7919567995,93232618.0,0.98822756265760175470278287572174572888429377011744,9b731512a9848138113cd2c395175fe8196fb41d7758cd8b88cf7e87e1175c00,a0801177c4565d233b5ce9b7fa147b8dc643a5df08c3f4dcf359d488736f6c57
2021,Q3_boundary_democracy,97,179,0.54189944134078212290502793296089385474860335195531,2601775634.0,7826335377.0,0.33243855631923042747980106143105295652346026469037,-20.946088502155169542522687152984089822514308726494,-21.337449709601716587406048812617089711081114053810,-20.160205975361892057684336384791662599510491065555,negative,negative,negative,95,171,0.55555555555555555555555555555555555555555555555556,-22.311699923632512807575449412450259903209529086519,7919567995,93232618.0,0.98822756265760175470278287572174572888429377011744,9b731512a9848138113cd2c395175fe8196fb41d7758cd8b88cf7e87e1175c00,a0801177c4565d233b5ce9b7fa147b8dc643a5df08c3f4dcf359d488736f6c57
2022,Q0_three_state,80,179,0.44692737430167597765363128491620111731843575418994,1885575960.0,7894342004.0,0.23885156724203153740132791946367263061890522066619,-20.807580705964444025230336545252848669953053352375,-21.089256040466057351897558783297513935352617372125,-19.909965748365156526626522848049968759414127954600,negative,negative,negative,78,171,0.45614035087719298245614035087719298245614035087719,-21.728878363516144505481243141352035183723513021100,7988550201,94208197.0,0.98820709707899099174728964064752454824061510582476,9b731512a9848138113cd2c395175fe8196fb41d7758cd8b88cf7e87e1175c00,a0801177c4565d233b5ce9b7fa147b8dc643a5df08c3f4dcf359d488736f6c57
2022,Q1_midpoint_binary,91,179,0.50837988826815642458100558659217877094972067039106,2308254969.0,7894342004.0,0.29239358616974355244819970938771099129593777857816,-21.598630209841287213280587720446777965378289181290,-21.943447127483834002960827354173281056136959767556,-20.764156835382933177689791418925735880198470350031,negative,negative,negative,89,171,0.52046783625730994152046783625730994152046783625731,-22.807425008756638907226812686959895022453005767915,7988550201,94208197.0,0.98820709707899099174728964064752454824061510582476,9b731512a9848138113cd2c395175fe8196fb41d7758cd8b88cf7e87e1175c00,a0801177c4565d233b5ce9b7fa147b8dc643a5df08c3f4dcf359d488736f6c57
2022,Q2_boundary_autocracy,80,179,0.44692737430167597765363128491620111731843575418994,1885575960.0,7894342004.0,0.23885156724203153740132791946367263061890522066619,-20.807580705964444025230336545252848669953053352375,-21.089256040466057351897558783297513935352617372125,-19.909965748365156526626522848049968759414127954600,negative,negative,negative,78,171,0.45614035087719298245614035087719298245614035087719,-21.728878363516144505481243141352035183723513021100,7988550201,94208197.0,0.98820709707899099174728964064752454824061510582476,9b731512a9848138113cd2c395175fe8196fb41d7758cd8b88cf7e87e1175c00,a0801177c4565d233b5ce9b7fa147b8dc643a5df08c3f4dcf359d488736f6c57
2022,Q3_boundary_democracy,95,179,0.53072625698324022346368715083798882681564245810056,2597360256.0,7894342004.0,0.32901542075120869060336697315451143456692834712916,-20.171083623203153286032017768347739224871411097140,-20.559088314846546969607294141205497081082369336460,-19.379798022745646144336258205957951905143879918936,negative,negative,negative,93,171,0.54385964912280701754385964912280701754385964912281,-21.484422837159832694049267596829558297693130199365,7988550201,94208197.0,0.98820709707899099174728964064752454824061510582476,9b731512a9848138113cd2c395175fe8196fb41d7758cd8b88cf7e87e1175c00,a0801177c4565d233b5ce9b7fa147b8dc643a5df08c3f4dcf359d488736f6c57
2023,Q0_three_state,78,179,0.43575418994413407821229050279329608938547486033520,1817564183.0,7967770893.0,0.22811451375902406987042869029944131954096336238618,-20.763967618511000834186181249385476984451149794902,-21.033171114843847970602479457715664791122874571407,-19.853046747057111245852561124217496083414311698423,negative,negative,negative,76,171,0.44444444444444444444444444444444444444444444444444,-21.632993068542037457401575414500312490348108205826,8062923417,95152524.0,0.98819875632213263275250081666501831292291437127016,9b731512a9848138113cd2c395175fe8196fb41d7758cd8b88cf7e87e1175c00,a0801177c4565d233b5ce9b7fa147b8dc643a5df08c3f4dcf359d488736f6c57
2023,Q1_midpoint_binary,90,179,0.50279329608938547486033519553072625698324022346369,2327426479.0,7967770893.0,0.29210509567296113768917828245089827785538963538569,-21.068820041642433717115691307982797912785058807800,-21.413540383000771224999239658708598651284044241117,-20.233416015214034500249321325210429943575481368133,negative,negative,negative,88,171,0.51461988304093567251461988304093567251461988304094,-22.251478736797453482544160059003739465923024765525,8062923417,95152524.0,0.98819875632213263275250081666501831292291437127016,9b731512a9848138113cd2c395175fe8196fb41d7758cd8b88cf7e87e1175c00,a0801177c4565d233b5ce9b7fa147b8dc643a5df08c3f4dcf359d488736f6c57
2023,Q2_boundary_autocracy,78,179,0.43575418994413407821229050279329608938547486033520,1817564183.0,7967770893.0,0.22811451375902406987042869029944131954096336238618,-20.763967618511000834186181249385476984451149794902,-21.033171114843847970602479457715664791122874571407,-19.853046747057111245852561124217496083414311698423,negative,negative,negative,76,171,0.44444444444444444444444444444444444444444444444444,-21.632993068542037457401575414500312490348108205826,8062923417,95152524.0,0.98819875632213263275250081666501831292291437127016,9b731512a9848138113cd2c395175fe8196fb41d7758cd8b88cf7e87e1175c00,a0801177c4565d233b5ce9b7fa147b8dc643a5df08c3f4dcf359d488736f6c57
2023,Q3_boundary_democracy,95,179,0.53072625698324022346368715083798882681564245810056,2579955970.0,7967770893.0,0.32379896518693738499792478910073500277287654184562,-20.692729179630283846576236173725382404276591625494,-21.074852228711517902064131408004309523211748463001,-19.894727860924781177314213074506140815503185590017,negative,negative,negative,93,171,0.54385964912280701754385964912280701754385964912281,-22.006068393586963254593486002207201477098310727719,8062923417,95152524.0,0.98819875632213263275250081666501831292291437127016,9b731512a9848138113cd2c395175fe8196fb41d7758cd8b88cf7e87e1175c00,a0801177c4565d233b5ce9b7fa147b8dc643a5df08c3f4dcf359d488736f6c57
2024,Q0_three_state,76,179,0.42458100558659217877094972067039106145251396648045,1767016322.0,8045022701.0,0.21964093672232386159428439380360177308093838279898,-20.494006886426831717666532686678928837157558368147,-20.752676592717471431652091628510829635953786613506,-19.574983080065696954819630952909226193438619112361,negative,negative,negative,74,171,0.43274853801169590643274853801169590643274853801170,-21.310760128937204483846414420809413335181015521272,8140897523,95874822.0,0.98822306487348225523167539324398396557484832498855,9b731512a9848138113cd2c395175fe8196fb41d7758cd8b88cf7e87e1175c00,a0801177c4565d233b5ce9b7fa147b8dc643a5df08c3f4dcf359d488736f6c57
2024,Q1_midpoint_binary,86,179,0.48044692737430167597765363128491620111731843575419,1924127539.0,8045022701.0,0.23916993282826039349419605820450996885260373860069,-24.127699454604128248345757308040623226471469715350,-24.409368332917331181853633195271086191985560091831,-23.231674820265556705021172519669482749470392590686,negative,negative,negative,84,171,0.49122807017543859649122807017543859649122807017544,-25.205813734717820299703201197092862763862433157475,8140897523,95874822.0,0.98822306487348225523167539324398396557484832498855,9b731512a9848138113cd2c395175fe8196fb41d7758cd8b88cf7e87e1175c00,a0801177c4565d233b5ce9b7fa147b8dc643a5df08c3f4dcf359d488736f6c57
2024,Q2_boundary_autocracy,76,179,0.42458100558659217877094972067039106145251396648045,1767016322.0,8045022701.0,0.21964093672232386159428439380360177308093838279898,-20.494006886426831717666532686678928837157558368147,-20.752676592717471431652091628510829635953786613506,-19.574983080065696954819630952909226193438619112361,negative,negative,negative,74,171,0.43274853801169590643274853801169590643274853801170,-21.310760128937204483846414420809413335181015521272,8140897523,95874822.0,0.98822306487348225523167539324398396557484832498855,9b731512a9848138113cd2c395175fe8196fb41d7758cd8b88cf7e87e1175c00,a0801177c4565d233b5ce9b7fa147b8dc643a5df08c3f4dcf359d488736f6c57
2024,Q3_boundary_democracy,94,179,0.52513966480446927374301675977653631284916201117318,2599862355.0,8045022701.0,0.32316407940984876532295567477728115362840664779872,-20.197558539462050842006108499925515922075536337446,-20.578146779305112620616561938907611314901649197254,-19.400453266653338143784101263306007872386481696110,negative,negative,negative,92,171,0.53801169590643274853801169590643274853801169590643,-21.484761649658398321505602112915159490960504810771,8140897523,95874822.0,0.98822306487348225523167539324398396557484832498855,9b731512a9848138113cd2c395175fe8196fb41d7758cd8b88cf7e87e1175c00,a0801177c4565d233b5ce9b7fa147b8dc643a5df08c3f4dcf359d488736f6c57
2025,Q0_three_state,74,179,0.41340782122905027932960893854748603351955307262570,1774210427.0,8087945995.0,0.21936477173522472314678208975850116318685928614438,-19.404304949382555618282684878898487033269378648132,-19.744693666034998094566265127905466962515248632604,-18.192991840988564674509679382669563191226276543160,negative,negative,negative,73,172,0.42441860465116279069767441860465116279069767441860,-20.505383291593806755089232884614999960383838827422,8215424893,127478898.0,0.98448298174953566579943414254764096228711027910556,9b731512a9848138113cd2c395175fe8196fb41d7758cd8b88cf7e87e1175c00,a0801177c4565d233b5ce9b7fa147b8dc643a5df08c3f4dcf359d488736f6c57
2025,Q1_midpoint_binary,87,179,0.48603351955307262569832402234636871508379888268156,2152409238.0,8087945995.0,0.26612556999399202838025379273072161506192154043927,-21.990794955908059731807022961564710002187734224229,-22.403742488559259521659443908743014419958691743196,-20.852040663512826101602858163507110648669719653752,negative,negative,negative,86,172,0.5,-23.387443000600797161974620726927838493807845956073,8215424893,127478898.0,0.98448298174953566579943414254764096228711027910556,9b731512a9848138113cd2c395175fe8196fb41d7758cd8b88cf7e87e1175c00,a0801177c4565d233b5ce9b7fa147b8dc643a5df08c3f4dcf359d488736f6c57
2025,Q2_boundary_autocracy,74,179,0.41340782122905027932960893854748603351955307262570,1774210427.0,8087945995.0,0.21936477173522472314678208975850116318685928614438,-19.404304949382555618282684878898487033269378648132,-19.744693666034998094566265127905466962515248632604,-18.192991840988564674509679382669563191226276543160,negative,negative,negative,73,172,0.42441860465116279069767441860465116279069767441860,-20.505383291593806755089232884614999960383838827422,8215424893,127478898.0,0.98448298174953566579943414254764096228711027910556,9b731512a9848138113cd2c395175fe8196fb41d7758cd8b88cf7e87e1175c00,a0801177c4565d233b5ce9b7fa147b8dc643a5df08c3f4dcf359d488736f6c57
2025,Q3_boundary_democracy,95,179,0.53072625698324022346368715083798882681564245810056,2621115177.0,8087945995.0,0.32407674069787109155888966837741601413845741189324,-20.664951628536913190479748246057281267718504620732,-21.167822098532899528297812904838386645294293144079,-19.616120273486466108241227159602482874005321054635,negative,negative,negative,93,172,0.54069767441860465116279069767441860465116279069767,-21.662093372073355960390102929700259051270537880443,8215424893,127478898.0,0.98448298174953566579943414254764096228711027910556,9b731512a9848138113cd2c395175fe8196fb41d7758cd8b88cf7e87e1175c00,a0801177c4565d233b5ce9b7fa147b8dc643a5df08c3f4dcf359d488736f6c57
